Time_Stamp,Value
2019-06-19 08:00:17,18.16999
2019-06-19 08:00:26,17.55999
2019-06-19 08:01:11,15.91
2019-06-19 08:01:28,16.36
2019-06-19 08:02:25,16.36
2019-06-19 08:02:30,15.84
2019-06-19 08:02:57,15.34999
2019-06-19 08:03:21,15.0
2019-06-19 08:03:59,15.33
2019-06-19 08:04:50,15.43
2019-06-19 08:05:47,15.43
2019-06-19 08:06:23,16.16
2019-06-19 08:06:59,15.24
2019-06-19 08:07:08,16.37
2019-06-19 08:07:19,14.9
2019-06-19 08:07:48,15.59
2019-06-19 08:07:59,16.14
2019-06-19 08:08:17,15.33
2019-06-19 08:08:43,16.32
2019-06-19 08:09:21,16.91999
2019-06-19 08:10:01,16.82
2019-06-19 08:10:19,15.91
2019-06-19 08:10:42,16.25999
2019-06-19 08:11:18,16.75999
2019-06-19 08:11:43,17.41
2019-06-19 08:12:12,18.21
2019-06-19 08:12:45,18.85999
2019-06-19 08:13:09,17.99
2019-06-19 08:13:54,18.56
2019-06-19 08:14:17,19.49999
2019-06-19 08:14:57,20.68999
2019-06-19 08:15:46,22.43999
2019-06-19 08:16:01,21.36999
2019-06-19 08:16:18,22.43
2019-06-19 08:16:48,23.16999
2019-06-19 08:17:21,22.62999
2019-06-19 08:17:35,23.53999
2019-06-19 08:19:33,23.53999
2019-06-19 08:20:22,23.36
2019-06-19 08:20:58,22.99999
2019-06-19 08:21:57,22.99999
2019-06-19 08:22:13,22.45
2019-06-19 08:23:11,22.45
2019-06-19 08:23:14,22.70999
2019-06-19 08:23:41,22.28999
2019-06-19 08:24:24,22.55
2019-06-19 08:25:11,22.19999
2019-06-19 08:27:09,22.19999
2019-06-19 08:27:59,21.93999
2019-06-19 08:28:52,21.67999
2019-06-19 08:31:49,21.67999
2019-06-19 08:32:26,21.39999
2019-06-19 08:33:06,21.28999
2019-06-19 08:35:03,21.28999
2019-06-19 08:35:45,21.55999
2019-06-19 08:36:32,21.97999
2019-06-19 08:37:27,22.68999
2019-06-19 08:37:57,22.42
2019-06-19 08:38:56,22.42
2019-06-19 08:39:29,22.85999
2019-06-19 08:42:27,22.85999
2019-06-19 08:43:10,22.58999
2019-06-19 08:44:02,22.91999
2019-06-19 08:49:00,22.91999
2019-06-19 08:49:25,23.07
2019-06-19 08:50:14,23.27999
2019-06-19 08:51:09,23.45
2019-06-19 08:52:05,23.16
2019-06-19 08:53:03,23.16
2019-06-19 08:53:30,23.24999
2019-06-19 08:54:28,23.24999
2019-06-19 08:55:09,22.70999
2019-06-19 08:55:32,23.16
2019-06-19 08:56:08,22.94999
2019-06-19 08:56:49,23.13
2019-06-19 08:57:47,23.13
2019-06-19 08:58:22,23.41999
2019-06-19 08:59:20,23.41999
2019-06-19 09:00:20,23.29999
2019-06-19 09:02:18,23.29999
2019-06-19 09:02:48,23.68
2019-06-19 09:03:30,23.49999
2019-06-19 09:05:27,23.49999
2019-06-19 09:06:14,23.23999
2019-06-19 09:07:00,23.59999
2019-06-19 09:08:59,23.59999
2019-06-19 09:09:03,23.71
2019-06-19 09:12:02,23.71
2019-06-19 09:12:44,23.50999
2019-06-19 09:13:12,23.95999
2019-06-19 09:14:10,23.95999
2019-06-19 09:14:49,23.82999
2019-06-19 09:15:46,23.82999
2019-06-19 09:16:18,23.66999
2019-06-19 09:18:16,23.66999
2019-06-19 09:18:18,23.54999
2019-06-19 09:19:17,23.54999
2019-06-19 09:19:46,23.31999
2019-06-19 09:20:43,23.31999
2019-06-19 09:21:09,23.09999
2019-06-19 09:23:08,23.09999
2019-06-19 09:23:46,23.25999
2019-06-19 09:25:43,23.25999
2019-06-19 09:25:57,23.16999
2019-06-19 09:26:56,23.16999
2019-06-19 09:27:27,23.49999
2019-06-19 09:28:12,23.80999
2019-06-19 09:29:03,23.60999
2019-06-19 09:30:01,23.60999
2019-06-19 09:30:22,23.77999
2019-06-19 09:32:20,23.77999
2019-06-19 09:32:29,23.74
2019-06-19 09:33:26,23.74
2019-06-19 09:33:52,23.95999
2019-06-19 09:34:48,23.61999
2019-06-19 09:35:10,24.59999
2019-06-19 09:35:19,26.0
2019-06-19 09:35:27,24.28999
2019-06-19 09:36:03,25.24999
2019-06-19 09:36:08,23.21
2019-06-19 09:36:34,24.24999
2019-06-19 09:36:45,24.84999
2019-06-19 09:36:52,22.8
2019-06-19 09:37:16,24.60999
2019-06-19 09:37:29,22.91999
2019-06-19 09:37:48,21.91999
2019-06-19 09:37:56,23.74
2019-06-19 09:38:06,25.09999
2019-06-19 09:38:13,23.08
2019-06-19 09:38:43,24.06
2019-06-19 09:39:40,24.06
2019-06-19 09:40:36,24.28999
2019-06-19 09:41:34,24.28999
2019-06-19 09:42:23,24.02999
2019-06-19 09:44:21,24.02999
2019-06-19 09:45:20,24.25999
2019-06-19 09:48:18,24.25999
2019-06-19 09:48:53,23.56999
2019-06-19 09:49:09,24.14999
2019-06-19 09:50:06,24.14999
2019-06-19 09:50:21,24.35
2019-06-19 09:51:18,24.35
2019-06-19 09:51:32,23.66999
2019-06-19 09:52:07,23.19999
2019-06-19 09:52:37,22.89999
2019-06-19 09:55:34,22.89999
2019-06-19 09:56:06,23.21
2019-06-19 09:56:50,23.7
2019-06-19 09:57:47,23.7
2019-06-19 09:57:49,24.24999
2019-06-19 09:58:09,22.75
2019-06-19 09:59:07,22.75
2019-06-19 09:59:54,24.43
2019-06-19 10:00:04,22.4
2019-06-19 10:00:32,22.84999
2019-06-19 10:00:45,23.21
2019-06-19 10:01:12,22.90999
2019-06-19 10:02:10,22.90999
2019-06-19 10:02:22,23.51999
2019-06-19 10:03:21,23.51999
2019-06-19 10:03:39,23.69
2019-06-19 10:04:13,23.36
2019-06-19 10:04:56,23.16999
2019-06-19 10:05:40,22.35999
2019-06-19 10:06:16,21.84
2019-06-19 10:06:40,21.26999
2019-06-19 10:07:39,22.16
2019-06-19 10:08:14,21.78
2019-06-19 10:09:12,21.78
2019-06-19 10:09:15,21.33999
2019-06-19 10:10:13,21.33999
2019-06-19 10:10:26,20.84999
2019-06-19 10:11:10,21.47
2019-06-19 10:11:44,20.84999
2019-06-19 10:12:18,19.91999
2019-06-19 10:12:41,20.07999
2019-06-19 10:13:38,20.07999
2019-06-19 10:13:50,19.75
2019-06-19 10:14:41,19.9
2019-06-19 10:15:38,19.9
2019-06-19 10:16:39,19.43
2019-06-19 10:17:27,18.92
2019-06-19 10:18:24,18.92
2019-06-19 10:19:04,18.05
2019-06-19 10:19:36,17.84
2019-06-19 10:19:54,16.99
2019-06-19 10:20:44,16.21
2019-06-19 10:21:22,15.56
2019-06-19 10:21:59,15.06
2019-06-19 10:22:20,14.11
2019-06-19 10:23:01,13.7
2019-06-19 10:23:24,13.06
2019-06-19 10:23:57,12.33
2019-06-19 10:24:24,11.56
2019-06-19 10:24:56,10.97
2019-06-19 10:25:48,10.57
2019-06-19 10:26:18,10.01
2019-06-19 10:27:09,9.399998
2019-06-19 10:27:48,9.029997
2019-06-19 10:28:24,8.719999
2019-06-19 10:29:22,8.719999
2019-06-19 10:29:34,8.899998
2019-06-19 10:30:32,8.899998
2019-06-19 10:30:35,9.559998
2019-06-19 10:31:05,9.089998
2019-06-19 10:31:41,8.719999
2019-06-19 10:32:17,8.019999
2019-06-19 10:32:55,7.709999
2019-06-19 10:33:52,7.709999
2019-06-19 10:34:26,8.149998
2019-06-19 10:35:09,8.369997
2019-06-19 10:35:51,8.829998
2019-06-19 10:36:41,8.299997
2019-06-19 10:37:34,8.489998
2019-06-19 10:38:04,8.609997
2019-06-19 10:38:42,9.019997
2019-06-19 10:39:33,9.299999
2019-06-19 10:40:26,9.669996
2019-06-19 10:41:24,9.669996
2019-06-19 10:41:34,9.809998
2019-06-19 10:41:55,10.24
2019-06-19 10:42:13,10.68999
2019-06-19 10:42:38,11.54
2019-06-19 10:43:10,12.09
2019-06-19 10:43:42,12.62
2019-06-19 10:43:53,11.39
2019-06-19 10:44:02,12.6
2019-06-19 10:44:21,13.3
2019-06-19 10:44:34,12.41
2019-06-19 10:44:52,12.93
2019-06-19 10:45:33,13.32
2019-06-19 10:46:30,13.32
2019-06-19 10:47:23,13.73
2019-06-19 10:48:11,13.92
2019-06-19 10:49:08,14.26
2019-06-19 10:50:05,14.26
2019-06-19 10:50:47,14.03
2019-06-19 10:51:45,14.03
2019-06-19 10:52:07,13.6
2019-06-19 10:53:05,13.6
2019-06-19 10:53:50,13.28
2019-06-19 10:55:48,13.28
2019-06-19 10:56:15,13.72
2019-06-19 10:57:07,12.93
2019-06-19 10:59:04,12.93
2019-06-19 10:59:08,13.3
2019-06-19 10:59:28,13.92
2019-06-19 11:00:13,14.5
2019-06-19 11:00:42,13.21
2019-06-19 11:01:15,13.49
2019-06-19 11:01:53,13.22
2019-06-19 11:02:16,13.42999
2019-06-19 11:02:39,14.28
2019-06-19 11:03:29,14.82
2019-06-19 11:03:58,15.3
2019-06-19 11:04:26,14.75
2019-06-19 11:04:48,13.85
2019-06-19 11:05:02,13.3
2019-06-19 11:05:41,13.53
2019-06-19 11:06:03,13.09
2019-06-19 11:06:54,13.74
2019-06-19 11:07:11,13.17
2019-06-19 11:07:41,13.62
2019-06-19 11:08:11,14.39
2019-06-19 11:08:38,15.25
2019-06-19 11:08:57,14.81
2019-06-19 11:09:36,15.50999
2019-06-19 11:10:03,15.17
2019-06-19 11:10:34,13.35
2019-06-19 11:10:52,14.42
2019-06-19 11:11:27,14.24
2019-06-19 11:11:53,14.88
2019-06-19 11:12:12,15.26
2019-06-19 11:13:09,15.26
2019-06-19 11:13:36,15.33
2019-06-19 11:14:05,14.52
2019-06-19 11:14:58,14.18
2019-06-19 11:15:36,13.85
2019-06-19 11:16:21,14.4
2019-06-19 11:16:41,14.93
2019-06-19 11:17:39,14.93
2019-06-19 11:17:41,15.48
2019-06-19 11:18:05,16.07999
2019-06-19 11:18:18,14.16
2019-06-19 11:18:38,15.2
2019-06-19 11:18:48,16.82
2019-06-19 11:19:02,14.81
2019-06-19 11:19:19,16.76999
2019-06-19 11:20:08,17.78
2019-06-19 11:20:32,17.26999
2019-06-19 11:20:41,18.43999
2019-06-19 11:21:16,19.77
2019-06-19 11:21:46,20.52999
2019-06-19 11:22:20,21.73999
2019-06-19 11:23:11,22.43
2019-06-19 11:23:47,23.48
2019-06-19 11:24:33,25.10999
2019-06-19 11:24:47,23.89999
2019-06-19 11:25:00,24.71
2019-06-19 11:25:16,23.95999
2019-06-19 11:25:43,24.86999
2019-06-19 11:25:53,26.08999
2019-06-19 11:26:31,26.89
2019-06-19 11:27:29,26.89
2019-06-19 11:27:52,27.13999
2019-06-19 11:28:50,27.13999
2019-06-19 11:29:00,26.02999
2019-06-19 11:29:57,26.02999
2019-06-19 11:30:22,25.16999
2019-06-19 11:30:32,26.03999
2019-06-19 11:31:04,25.44999
2019-06-19 11:31:30,24.85999
2019-06-19 11:32:06,24.41
2019-06-19 11:32:37,24.04
2019-06-19 11:33:25,23.78999
2019-06-19 11:33:52,23.04
2019-06-19 11:34:50,23.04
2019-06-19 11:35:09,22.75
2019-06-19 11:36:06,22.75
2019-06-19 11:36:29,22.41
2019-06-19 11:37:26,21.8
2019-06-19 11:39:24,21.8
2019-06-19 11:39:48,21.55
2019-06-19 11:40:45,21.55
2019-06-19 11:41:11,21.64999
2019-06-19 11:42:09,21.64999
2019-06-19 11:42:49,21.99999
2019-06-19 11:43:01,21.14
2019-06-19 11:43:22,22.11
2019-06-19 11:43:42,20.19
2019-06-19 11:43:54,21.18
2019-06-19 11:44:14,22.5
2019-06-19 11:44:24,21.03999
2019-06-19 11:44:37,22.09
2019-06-19 11:45:35,22.09
2019-06-19 11:45:54,22.36999
2019-06-19 11:46:16,22.85999
2019-06-19 11:46:34,21.71999
2019-06-19 11:46:45,22.87999
2019-06-19 11:47:16,22.01999
2019-06-19 11:47:30,22.87999
2019-06-19 11:48:00,21.93999
2019-06-19 11:48:17,22.89999
2019-06-19 11:48:33,21.91999
2019-06-19 11:48:57,22.36999
2019-06-19 11:50:54,22.36999
2019-06-19 11:51:21,21.8
2019-06-19 11:51:53,21.44
2019-06-19 11:52:22,21.02999
2019-06-19 11:52:51,20.5
2019-06-19 11:53:50,20.5
2019-06-19 11:54:03,19.98999
2019-06-19 11:54:38,20.23
2019-06-19 11:55:36,20.23
2019-06-19 11:55:44,20.07999
2019-06-19 11:56:35,19.73
2019-06-19 11:56:58,19.00999
2019-06-19 11:57:51,18.21
2019-06-19 11:58:45,18.37
2019-06-19 11:59:42,18.37
2019-06-19 11:59:51,18.25
2019-06-19 12:00:19,18.48
2019-06-19 12:01:17,18.48
2019-06-19 12:01:49,18.32
2019-06-19 12:02:18,17.62
2019-06-19 12:02:51,16.78999
2019-06-19 12:03:00,17.79
2019-06-19 12:03:24,16.94999
2019-06-19 12:03:50,17.71
2019-06-19 12:04:04,15.94
2019-06-19 12:04:21,17.02
2019-06-19 12:04:43,17.68999
2019-06-19 12:04:52,16.37
2019-06-19 12:05:04,17.42999
2019-06-19 12:05:35,16.71
2019-06-19 12:05:47,17.82
2019-06-19 12:06:15,16.99
2019-06-19 12:06:32,17.84999
2019-06-19 12:08:29,17.84999
2019-06-19 12:08:42,18.59
2019-06-19 12:09:04,17.95
2019-06-19 12:09:32,18.14
2019-06-19 12:10:28,18.14
2019-06-19 12:10:33,17.7
2019-06-19 12:11:30,17.7
2019-06-19 12:11:46,18.21
2019-06-19 12:12:08,17.82
2019-06-19 12:13:08,18.42
2019-06-19 12:13:54,18.93999
2019-06-19 12:14:17,19.77999
2019-06-19 12:14:39,17.99
2019-06-19 12:15:04,18.88
2019-06-19 12:15:51,19.59
2019-06-19 12:16:27,21.14
2019-06-19 12:17:04,21.82999
2019-06-19 12:19:01,21.82999
2019-06-19 12:19:31,22.43
2019-06-19 12:19:52,23.23999
2019-06-19 12:20:49,23.23999
2019-06-19 12:20:55,23.77
2019-06-19 12:21:29,25.14999
2019-06-19 12:21:50,23.86999
2019-06-19 12:21:58,25.18999
2019-06-19 12:22:55,25.18999
2019-06-19 12:23:11,23.89999
2019-06-19 12:23:19,25.41
2019-06-19 12:24:17,25.41
2019-06-19 12:24:25,24.83999
2019-06-19 12:25:23,24.83999
2019-06-19 12:26:05,23.96999
2019-06-19 12:26:55,23.46999
2019-06-19 12:27:25,22.75
2019-06-19 12:28:03,22.11
2019-06-19 12:28:33,21.48
2019-06-19 12:28:57,21.07999
2019-06-19 12:29:15,20.39
2019-06-19 12:29:37,19.64999
2019-06-19 12:30:30,18.26
2019-06-19 12:31:15,17.77
2019-06-19 12:31:42,17.25
2019-06-19 12:32:21,16.88
2019-06-19 12:32:48,16.14999
2019-06-19 12:33:33,15.6
2019-06-19 12:34:11,16.14
2019-06-19 12:34:30,14.75
2019-06-19 12:34:51,15.98999
2019-06-19 12:35:08,14.43
2019-06-19 12:36:05,14.43
2019-06-19 12:36:22,15.71
2019-06-19 12:37:00,17.26999
2019-06-19 12:37:47,18.52999
2019-06-19 12:38:27,20.25999
2019-06-19 12:39:09,20.96
2019-06-19 12:39:33,21.61999
2019-06-19 12:39:57,22.76
2019-06-19 12:40:44,23.52999
2019-06-19 12:41:42,23.52999
2019-06-19 12:41:44,24.10999
2019-06-19 12:41:57,25.32
2019-06-19 12:42:55,25.32
2019-06-19 12:43:11,25.73999
2019-06-19 12:43:58,26.17999
2019-06-19 12:44:55,26.17999
2019-06-19 12:45:20,26.49999
2019-06-19 12:45:57,26.34
2019-06-19 12:46:25,26.02
2019-06-19 12:47:11,25.52999
2019-06-19 12:49:09,25.52999
2019-06-19 12:49:35,25.3
2019-06-19 12:50:33,25.3
2019-06-19 12:50:36,24.93999
2019-06-19 12:51:22,24.61999
2019-06-19 12:52:06,24.14999
2019-06-19 12:53:00,23.72
2019-06-19 12:53:33,23.30999
2019-06-19 12:54:17,22.87999
2019-06-19 12:55:15,22.87999
2019-06-19 12:55:37,22.37999
2019-06-19 12:56:01,22.8
2019-06-19 12:56:27,22.70999
2019-06-19 12:57:15,22.46
2019-06-19 12:58:10,23.11
2019-06-19 13:01:08,23.11
2019-06-19 13:01:53,22.25999
2019-06-19 13:02:50,22.25999
2019-06-19 13:02:54,22.8
2019-06-19 13:03:15,21.97999
2019-06-19 13:03:41,22.51999
2019-06-19 13:04:40,22.75
2019-06-19 13:05:13,23.68
2019-06-19 13:05:27,22.60999
2019-06-19 13:05:46,22.82
2019-06-19 13:06:15,23.46
2019-06-19 13:06:51,22.84999
2019-06-19 13:07:04,23.75999
2019-06-19 13:08:01,23.75999
2019-06-19 13:09:03,24.27999
2019-06-19 13:09:35,24.75
2019-06-19 13:11:32,24.75
2019-06-19 13:11:57,25.25999
2019-06-19 13:14:54,25.25999
2019-06-19 13:15:24,25.47999
2019-06-19 13:16:05,25.05999
2019-06-19 13:17:01,25.05999
2019-06-19 13:17:18,25.19999
2019-06-19 13:17:54,25.68999
2019-06-19 13:18:11,25.05999
2019-06-19 13:19:01,25.47999
2019-06-19 13:19:58,25.47999
2019-06-19 13:20:37,25.15999
2019-06-19 13:21:12,25.42999
2019-06-19 13:22:10,25.42999
2019-06-19 13:22:29,25.50999
2019-06-19 13:28:26,25.50999
2019-06-19 13:29:12,25.04
2019-06-19 13:30:08,25.04
2019-06-19 13:31:09,24.81999
2019-06-19 13:34:06,24.81999
2019-06-19 13:34:32,25.13999
2019-06-19 13:35:30,25.13999
2019-06-19 13:35:45,24.83999
2019-06-19 13:36:25,25.31
2019-06-19 13:36:46,24.75
2019-06-19 13:37:45,25.09999
2019-06-19 13:38:33,25.05
2019-06-19 13:39:17,23.82
2019-06-19 13:39:30,24.68999
2019-06-19 13:40:05,25.07999
2019-06-19 13:42:02,25.07999
2019-06-19 13:42:15,24.50999
2019-06-19 13:42:57,24.16999
2019-06-19 13:43:47,23.69
2019-06-19 13:44:14,23.07
2019-06-19 13:44:57,22.48
2019-06-19 13:45:51,23.21
2019-06-19 13:46:23,22.8
2019-06-19 13:47:02,23.09
2019-06-19 13:47:39,23.50999
2019-06-19 13:48:36,23.50999
2019-06-19 13:48:43,23.06
2019-06-19 13:49:10,22.60999
2019-06-19 13:49:56,22.31999
2019-06-19 13:50:45,21.93999
2019-06-19 13:51:42,21.93999
2019-06-19 13:51:59,22.13
2019-06-19 13:55:56,22.13
2019-06-19 13:56:00,22.97999
2019-06-19 13:56:33,23.78999
2019-06-19 13:57:12,24.30999
2019-06-19 13:57:36,22.73
2019-06-19 13:58:02,23.53999
2019-06-19 13:59:00,23.53999
2019-06-19 13:59:13,24.21999
2019-06-19 13:59:57,24.92999
2019-06-19 14:00:52,26.46999
2019-06-19 14:01:06,24.88999
2019-06-19 14:01:20,26.74999
2019-06-19 14:01:33,26.27
2019-06-19 14:02:30,26.27
2019-06-19 14:02:36,26.64
2019-06-19 14:03:08,26.32
2019-06-19 14:04:06,26.32
2019-06-19 14:04:20,26.76999
2019-06-19 14:05:02,26.37
2019-06-19 14:05:59,26.37
2019-06-19 14:06:42,26.07999
2019-06-19 14:08:39,26.07999
2019-06-19 14:08:48,26.03999
2019-06-19 14:09:41,25.90999
2019-06-19 14:10:39,25.90999
2019-06-19 14:11:15,26.21999
2019-06-19 14:12:12,26.02
2019-06-19 14:14:09,26.02
2019-06-19 14:14:28,26.35999
2019-06-19 14:15:11,25.66999
2019-06-19 14:15:30,26.25
2019-06-19 14:16:17,25.82999
2019-06-19 14:19:13,25.82999
2019-06-19 14:20:00,25.57999
2019-06-19 14:21:58,25.57999
2019-06-19 14:22:23,25.86999
2019-06-19 14:23:20,25.37999
2019-06-19 14:23:59,25.52999
2019-06-19 14:24:56,25.52999
2019-06-19 14:25:04,25.39999
2019-06-19 14:26:02,25.78999
2019-06-19 14:27:59,25.78999
2019-06-19 14:28:59,26.31
2019-06-19 14:29:22,25.86999
2019-06-19 14:29:51,26.37999
2019-06-19 14:30:34,26.03999
2019-06-19 14:31:31,26.03999
2019-06-19 14:32:04,25.34
2019-06-19 14:32:55,24.96
2019-06-19 14:33:29,24.82999
2019-06-19 14:33:51,24.0
2019-06-19 14:34:16,24.43999
2019-06-19 14:34:37,24.05
2019-06-19 14:35:21,23.77
2019-06-19 14:36:17,23.45
2019-06-19 14:37:09,23.62999
2019-06-19 14:38:06,23.62999
2019-06-19 14:38:33,23.86999
2019-06-19 14:39:10,24.15999
2019-06-19 14:40:08,24.15999
2019-06-19 14:40:49,24.58999
2019-06-19 14:43:46,24.58999
2019-06-19 14:44:13,24.47999
2019-06-19 14:44:44,23.22999
2019-06-19 14:44:55,24.26999
2019-06-19 14:45:53,24.26999
2019-06-19 14:45:58,24.8
2019-06-19 14:46:13,23.43
2019-06-19 14:46:23,24.88999
2019-06-19 14:47:20,24.88999
2019-06-19 14:47:37,24.64
2019-06-19 14:49:35,24.64
2019-06-19 14:50:03,24.98
2019-06-19 14:50:31,24.47999
2019-06-19 14:51:03,24.66
2019-06-19 14:51:44,24.37
2019-06-19 14:53:42,24.37
2019-06-19 14:53:58,23.87999
2019-06-19 14:54:55,23.87999
2019-06-19 14:55:02,24.25999
2019-06-19 14:55:30,23.94999
2019-06-19 14:56:26,23.60999
2019-06-19 14:57:08,23.71
2019-06-19 14:58:05,23.71
2019-06-19 14:58:46,23.46
2019-06-19 14:59:34,23.05
2019-06-19 15:00:31,23.05
2019-06-19 15:01:23,23.37
2019-06-19 15:02:21,23.37
2019-06-19 15:02:30,23.80999
2019-06-19 15:03:19,24.12
2019-06-19 15:04:01,24.21999
2019-06-19 15:04:34,24.46999
2019-06-19 15:05:28,24.58999
2019-06-19 15:06:17,24.96
2019-06-19 15:07:00,24.65
2019-06-19 15:07:57,24.65
2019-06-19 15:08:11,24.41999
2019-06-19 15:09:08,24.41999
2019-06-19 15:09:56,24.19999
2019-06-19 15:10:35,23.90999
2019-06-19 15:11:33,23.90999
2019-06-19 15:11:38,23.59999
2019-06-19 15:13:35,23.59999
2019-06-19 15:14:09,23.46
2019-06-19 15:17:06,23.46
2019-06-19 15:17:14,23.93999
2019-06-19 15:18:04,23.84999
2019-06-19 15:19:02,23.84999
2019-06-19 15:19:22,23.41
2019-06-19 15:19:52,23.78999
2019-06-19 15:20:50,23.78999
2019-06-19 15:21:41,23.41
2019-06-19 15:22:26,23.60999
2019-06-19 15:23:25,23.60999
2019-06-19 15:23:59,23.36
2019-06-19 15:24:56,23.36
2019-06-19 15:25:49,23.88999
2019-06-19 15:26:46,23.88999
2019-06-19 15:27:41,24.27999
2019-06-19 15:28:11,24.12
2019-06-19 15:30:08,24.12
2019-06-19 15:30:21,24.41999
2019-06-19 15:31:18,24.41999
2019-06-19 15:32:03,24.88999
2019-06-19 15:32:30,24.67
2019-06-19 15:33:03,24.33
2019-06-19 15:34:01,24.33
2019-06-19 15:34:36,24.64
2019-06-19 15:35:19,24.47999
2019-06-19 15:38:16,24.47999
2019-06-19 15:38:46,24.8
2019-06-19 15:40:43,24.8
2019-06-19 15:40:54,25.23999
2019-06-19 15:41:15,25.08999
2019-06-19 15:44:13,25.08999
2019-06-19 15:45:15,24.71
2019-06-19 15:49:12,24.71
2019-06-19 15:50:05,24.8
2019-06-19 15:50:58,24.91999
2019-06-19 15:51:33,25.10999
2019-06-19 15:52:31,25.10999
2019-06-19 15:52:43,25.44999
2019-06-19 15:53:12,25.25999
2019-06-19 15:53:53,25.55999
2019-06-19 15:56:50,25.55999
2019-06-19 15:57:52,25.34999
2019-06-19 15:58:41,25.49999
2019-06-19 15:59:38,25.49999
2019-06-19 16:00:40,25.80999
2019-06-19 16:01:21,25.48999
2019-06-19 16:02:19,25.48999
2019-06-19 16:03:04,25.62
2019-06-19 16:03:37,25.41
2019-06-19 16:04:34,25.41
2019-06-19 16:05:32,25.34999
2019-06-19 16:06:21,25.07
2019-06-19 16:07:19,25.07
2019-06-19 16:07:30,24.7
2019-06-19 16:08:29,24.7
2019-06-19 16:09:30,24.32
2019-06-19 16:09:54,24.59999
2019-06-19 16:10:51,24.59999
2019-06-19 16:11:16,25.02999
2019-06-19 16:12:14,25.02999
2019-06-19 16:12:21,25.23999
2019-06-19 16:14:19,25.23999
2019-06-19 16:14:57,25.0
2019-06-19 16:18:55,25.0
2019-06-19 16:19:03,24.89999
2019-06-19 16:19:53,25.0
2019-06-19 16:20:51,25.41999
2019-06-19 16:21:31,25.17999
2019-06-19 16:22:08,25.57999
2019-06-19 16:23:05,25.84999
2019-06-19 16:24:04,26.31
2019-06-19 16:24:51,25.88999
2019-06-19 16:25:48,25.88999
2019-06-19 16:26:24,25.56999
2019-06-19 16:27:22,25.56999
2019-06-19 16:27:47,25.23999
2019-06-19 16:28:45,25.23999
2019-06-19 16:29:06,24.68
2019-06-19 16:29:28,25.05
2019-06-19 16:30:25,25.05
2019-06-19 16:30:29,24.62999
2019-06-19 16:33:26,24.62999
2019-06-19 16:33:46,24.39999
2019-06-19 16:34:44,24.39999
2019-06-19 16:35:11,24.68999
2019-06-19 16:35:55,25.02999
2019-06-19 16:36:52,25.02999
2019-06-19 16:37:20,25.37
2019-06-19 16:38:18,25.37
2019-06-19 16:38:37,25.57999
2019-06-19 16:39:33,25.57999
2019-06-19 16:40:06,25.71
2019-06-19 16:40:56,25.94
2019-06-19 16:41:54,25.94
2019-06-19 16:42:18,26.10999
2019-06-19 16:43:15,25.34999
2019-06-19 16:43:26,26.31
2019-06-19 16:43:52,25.84999
2019-06-19 16:44:42,25.62
2019-06-19 16:45:15,25.97
2019-06-19 16:45:53,25.75999
2019-06-19 16:46:41,24.62999
2019-06-19 16:46:49,26.24
2019-06-19 16:47:08,25.68
2019-06-19 16:47:42,25.89999
2019-06-19 16:48:39,25.89999
2019-06-19 16:49:40,26.24
2019-06-19 16:50:12,25.97
2019-06-19 16:50:51,25.71999
2019-06-19 16:51:48,25.71999
2019-06-19 16:51:58,25.94
2019-06-19 16:52:54,25.65
2019-06-19 16:53:39,25.87999
2019-06-19 16:54:35,25.54999
2019-06-19 16:55:33,25.54999
2019-06-19 16:55:51,25.33
2019-06-19 16:57:48,25.33
2019-06-19 16:58:14,25.13999
2019-06-19 16:59:11,25.13999
2019-06-19 16:59:28,25.39999
2019-06-19 17:00:25,25.39999
2019-06-19 17:00:33,25.75999
2019-06-19 17:00:55,25.0
2019-06-19 17:01:53,25.0
2019-06-19 17:02:03,24.07999
2019-06-19 17:03:00,24.07999
2019-06-19 17:03:09,23.59999
2019-06-19 17:04:06,23.59999
2019-06-19 17:04:15,23.01999
2019-06-19 17:04:40,22.50999
2019-06-19 17:05:14,22.98999
2019-06-19 17:07:11,22.98999
2019-06-19 17:07:56,22.52999
2019-06-19 17:08:33,23.02999
2019-06-19 17:09:13,22.26999
2019-06-19 17:09:23,23.49999
2019-06-19 17:10:20,23.49999
2019-06-19 17:10:24,23.22999
2019-06-19 17:10:51,22.73
2019-06-19 17:11:45,22.51999
2019-06-19 17:12:16,23.46
2019-06-19 17:12:44,23.27999
2019-06-19 17:13:24,22.62999
2019-06-19 17:14:08,22.29999
2019-06-19 17:14:46,22.92999
2019-06-19 17:15:43,22.92999
2019-06-19 17:15:51,23.34999
2019-06-19 17:16:17,24.02999
2019-06-19 17:16:45,24.7
2019-06-19 17:17:01,23.14
2019-06-19 17:17:13,22.16999
2019-06-19 17:17:36,23.21999
2019-06-19 17:17:44,21.52999
2019-06-19 17:18:36,21.90999
2019-06-19 17:18:50,23.02999
2019-06-19 17:19:23,23.85999
2019-06-19 17:19:43,24.21999
2019-06-19 17:20:40,24.21999
2019-06-19 17:21:03,23.82999
2019-06-19 17:21:28,23.19999
2019-06-19 17:21:50,23.57999
2019-06-19 17:22:20,24.39
2019-06-19 17:23:17,24.39
2019-06-19 17:24:05,23.56999
2019-06-19 17:24:50,22.97999
2019-06-19 17:25:23,22.51999
2019-06-19 17:25:51,22.93999
2019-06-19 17:26:17,23.33999
2019-06-19 17:27:10,22.74
2019-06-19 17:28:07,22.74
2019-06-19 17:28:45,23.11
2019-06-19 17:28:59,22.18999
2019-06-19 17:29:57,22.18999
2019-06-19 17:30:13,21.70999
2019-06-19 17:30:50,21.36999
2019-06-19 17:31:40,21.84
2019-06-19 17:32:37,21.84
2019-06-19 17:32:40,22.4
2019-06-19 17:33:31,21.48
2019-06-19 17:34:29,21.48
2019-06-19 17:35:23,21.26999
2019-06-19 17:36:01,22.26999
2019-06-19 17:36:18,21.52999
2019-06-19 17:36:31,22.48999
2019-06-19 17:36:58,23.51999
2019-06-19 17:38:00,23.77
2019-06-19 17:38:37,24.38
2019-06-19 17:39:34,24.38
2019-06-19 17:40:11,24.71
2019-06-19 17:41:09,24.71
2019-06-19 17:41:23,25.42999
2019-06-19 17:41:50,24.96
2019-06-19 17:42:27,24.33
2019-06-19 17:43:24,24.33
2019-06-19 17:43:36,23.93999
2019-06-19 17:46:33,23.93999
2019-06-19 17:46:51,24.52999
2019-06-19 17:47:48,24.52999
2019-06-19 17:48:19,24.07
2019-06-19 17:48:57,23.78999
2019-06-19 17:49:26,22.97999
2019-06-19 17:50:02,23.59999
2019-06-19 17:50:21,22.92999
2019-06-19 17:51:19,22.92999
2019-06-19 17:51:51,23.77999
2019-06-19 17:52:48,23.77999
2019-06-19 17:53:26,24.38
2019-06-19 17:54:23,24.38
2019-06-19 17:54:29,22.88999
2019-06-19 17:54:40,24.38
2019-06-19 17:55:21,24.77999
2019-06-19 17:55:52,23.50999
2019-06-19 17:56:03,25.0
2019-06-19 17:56:23,25.26999
2019-06-19 17:57:19,24.24999
2019-06-19 17:57:29,25.49999
2019-06-19 17:58:25,25.49999
2019-06-19 17:58:46,25.34999
2019-06-19 17:59:10,26.08999
2019-06-19 17:59:36,25.43999
2019-06-19 17:59:52,26.21999
2019-06-19 18:00:04,24.71
2019-06-19 18:00:15,26.21999
2019-06-19 18:02:12,26.21999
2019-06-19 18:02:42,26.79999
2019-06-19 18:02:53,25.12999
2019-06-19 18:04:50,25.12999
2019-06-19 18:05:00,24.77999
2019-06-19 18:05:27,25.16999
2019-06-19 18:06:21,24.81999
2019-06-19 18:07:18,24.81999
2019-06-19 18:07:38,24.41999
2019-06-19 18:08:04,24.0
2019-06-19 18:09:02,24.0
2019-06-19 18:09:33,24.12
2019-06-19 18:10:00,24.67
2019-06-19 18:10:31,23.93999
2019-06-19 18:11:29,23.93999
2019-06-19 18:11:34,23.78999
2019-06-19 18:11:53,24.44999
2019-06-19 18:12:51,24.44999
2019-06-19 18:13:04,24.75999
2019-06-19 18:14:02,24.75999
2019-06-19 18:14:20,25.07
2019-06-19 18:15:16,25.07
2019-06-19 18:16:10,24.82999
2019-06-19 18:17:07,24.82999
2019-06-19 18:17:14,24.55999
2019-06-19 18:18:02,24.28999
2019-06-19 18:18:58,24.78999
2019-06-19 18:19:56,24.78999
2019-06-19 18:20:10,24.43
2019-06-19 18:22:07,24.43
2019-06-19 18:22:24,24.33
2019-06-19 18:23:22,24.33
2019-06-19 18:23:43,24.75
2019-06-19 18:24:41,24.75
2019-06-19 18:25:14,25.16999
2019-06-19 18:27:10,25.16999
2019-06-19 18:27:35,24.91999
2019-06-19 18:28:00,25.32
2019-06-19 18:30:58,25.32
2019-06-19 18:31:25,25.09999
2019-06-19 18:32:22,25.09999
2019-06-19 18:33:05,24.72
2019-06-19 18:34:03,24.72
2019-06-19 18:34:30,24.27999
2019-06-19 18:35:31,24.61999
2019-06-19 18:36:28,24.61999
2019-06-19 18:36:35,24.25999
2019-06-19 18:37:02,24.48999
2019-06-19 18:37:51,24.32
2019-06-19 18:38:16,24.06
2019-06-19 18:39:13,24.06
2019-06-19 18:39:56,24.39999
2019-06-19 18:40:53,24.39999
2019-06-19 18:41:22,24.73999
2019-06-19 18:42:20,24.73999
2019-06-19 18:42:56,24.80999
2019-06-19 18:43:32,24.97
2019-06-19 18:44:30,24.97
2019-06-19 18:44:39,25.12999
2019-06-19 18:47:36,25.12999
2019-06-19 18:48:17,25.68999
2019-06-19 18:48:35,25.29
2019-06-19 18:50:33,25.29
2019-06-19 18:50:58,25.17999
2019-06-19 18:51:54,25.41999
2019-06-19 18:52:52,25.41999
2019-06-19 18:53:36,25.07
2019-06-19 18:53:57,25.41999
2019-06-19 18:54:53,25.41999
2019-06-19 18:55:08,25.08999
2019-06-19 18:55:59,25.55999
2019-06-19 18:56:23,24.17999
2019-06-19 18:56:34,25.24999
2019-06-19 18:57:31,25.24999
2019-06-19 18:58:18,25.66999
2019-06-19 18:58:37,25.09999
2019-06-19 19:00:35,25.09999
2019-06-19 19:00:57,24.80999
2019-06-19 19:01:32,24.57999
2019-06-19 19:02:30,24.57999
2019-06-19 19:02:55,24.93999
2019-06-19 19:03:53,24.77999
2019-06-19 19:04:51,24.77999
2019-06-19 19:05:27,24.23999
2019-06-19 19:05:54,24.75
2019-06-19 19:06:29,24.34
2019-06-19 19:08:26,24.34
2019-06-19 19:08:35,25.00999
2019-06-19 19:09:30,24.71
2019-06-19 19:10:07,25.04
2019-06-19 19:11:04,25.04
2019-06-19 19:12:01,25.29
2019-06-19 19:12:59,25.29
2019-06-19 19:13:39,25.65
2019-06-19 19:14:36,25.65
2019-06-19 19:14:41,25.41999
2019-06-19 19:15:35,25.50999
2019-06-19 19:17:32,25.50999
2019-06-19 19:17:41,25.71999
2019-06-19 19:19:38,25.71999
2019-06-19 19:19:59,25.90999
2019-06-19 19:20:56,25.90999
2019-06-19 19:21:08,25.74999
2019-06-19 19:22:06,25.74999
2019-06-19 19:23:08,25.29
2019-06-19 19:25:05,25.29
2019-06-19 19:25:10,24.62999
2019-06-19 19:25:40,25.68
2019-06-19 19:26:01,24.73999
2019-06-19 19:26:23,25.55999
2019-06-19 19:27:21,25.55999
2019-06-19 19:27:38,25.13999
2019-06-19 19:28:34,25.45999
2019-06-19 19:29:21,25.07999
2019-06-19 19:30:19,25.07999
2019-06-19 19:30:36,25.15999
2019-06-19 19:32:33,25.15999
2019-06-19 19:32:38,25.02
2019-06-19 19:34:35,25.02
2019-06-19 19:35:18,24.90999
2019-06-19 19:36:15,24.90999
2019-06-19 19:36:28,25.07999
2019-06-19 19:37:02,25.48999
2019-06-19 19:37:57,25.33
2019-06-19 19:38:53,25.33
2019-06-19 19:39:12,25.63
2019-06-19 19:41:09,25.63
2019-06-19 19:41:38,25.65
2019-06-19 19:42:08,25.93
2019-06-19 19:43:04,25.54999
2019-06-19 19:43:52,25.80999
2019-06-19 19:44:50,25.80999
2019-06-19 19:45:25,25.61
2019-06-19 19:46:22,25.61
2019-06-19 19:46:33,25.87999
2019-06-19 19:47:21,25.7
2019-06-19 19:48:00,25.98
2019-06-19 19:49:57,25.98
2019-06-19 19:50:49,25.80999
2019-06-19 19:51:45,25.80999
2019-06-19 19:52:13,26.14999
2019-06-19 19:53:09,26.14999
2019-06-19 19:53:51,25.73999
2019-06-19 19:54:42,25.87999
2019-06-19 19:54:56,24.82999
2019-06-19 19:55:07,25.86999
2019-06-19 19:56:02,25.58999
2019-06-19 19:58:58,25.58999
2019-06-19 19:59:47,25.33
2019-06-19 20:00:47,25.50999
2019-06-19 20:01:34,25.74999
2019-06-19 20:02:33,26.0
2019-06-19 20:03:30,26.0
2019-06-19 20:03:33,26.35999
2019-06-19 20:07:30,26.35999
2019-06-19 20:07:34,26.0
2019-06-19 20:10:31,26.0
2019-06-19 20:10:59,25.73
2019-06-19 20:11:57,25.73
2019-06-19 20:12:47,25.26999
2019-06-19 20:13:34,25.7
2019-06-19 20:14:05,25.43999
2019-06-19 20:15:02,25.43999
2019-06-19 20:15:37,25.13999
2019-06-19 20:16:34,25.13999
2019-06-19 20:17:04,25.34
2019-06-19 20:18:00,25.34
2019-06-19 20:18:33,25.58999
2019-06-19 20:19:24,25.90999
2019-06-19 20:21:22,25.90999
2019-06-19 20:22:00,26.54999
2019-06-19 20:22:18,25.37
2019-06-19 20:22:43,26.15999
2019-06-19 20:23:03,25.16999
2019-06-19 20:23:20,26.07999
2019-06-19 20:23:46,24.16999
2019-06-19 20:23:56,25.84999
2019-06-19 20:24:12,24.86999
2019-06-19 20:24:21,25.79999
2019-06-19 20:24:31,24.34
2019-06-19 20:24:42,26.0
2019-06-19 20:25:13,25.10999
2019-06-19 20:25:31,26.20999
2019-06-19 20:25:50,24.37
2019-06-19 20:26:00,25.82999
2019-06-19 20:26:57,25.82999
2019-06-19 20:27:15,25.37999
2019-06-19 20:27:33,25.97
2019-06-19 20:28:00,24.75999
2019-06-19 20:28:08,26.22999
2019-06-19 20:28:40,25.19999
2019-06-19 20:28:53,26.03999
2019-06-19 20:29:35,26.59999
2019-06-19 20:30:01,25.37
2019-06-19 20:30:14,26.47999
2019-06-19 20:32:11,26.47999
2019-06-19 20:32:28,26.32999
2019-06-19 20:33:24,26.32999
2019-06-19 20:34:24,26.09999
2019-06-19 20:35:21,26.09999
2019-06-19 20:35:42,26.21999
2019-06-19 20:36:24,25.74999
2019-06-19 20:37:22,25.80999
2019-06-19 20:40:19,25.80999
2019-06-19 20:40:22,25.62
2019-06-19 20:41:20,25.62
2019-06-19 20:41:28,25.96
2019-06-19 20:42:25,25.96
2019-06-19 20:43:13,26.13999
2019-06-19 20:45:11,26.13999
2019-06-19 20:45:27,25.86999
2019-06-19 20:45:58,26.25
2019-06-19 20:46:20,25.65
2019-06-19 20:47:17,25.86999
2019-06-19 20:48:14,25.86999
2019-06-19 20:49:09,25.65
2019-06-19 20:49:47,25.89999
2019-06-19 20:51:44,25.89999
2019-06-19 20:51:56,26.15999
2019-06-19 20:52:46,25.89999
2019-06-19 20:53:43,25.89999
2019-06-19 20:54:16,26.19999
2019-06-19 20:55:13,26.19999
2019-06-19 20:56:10,26.05
2019-06-19 20:56:51,25.12
2019-06-19 20:57:09,25.74999
2019-06-19 20:57:45,26.15999
2019-06-19 20:58:43,26.15999
2019-06-19 20:59:19,25.80999
2019-06-19 20:59:54,26.16999
2019-06-19 21:00:42,25.97
2019-06-19 21:01:39,25.97
2019-06-19 21:01:43,25.75999
2019-06-19 21:05:41,25.75999
2019-06-19 21:06:15,25.48999
2019-06-19 21:09:12,25.48999
2019-06-19 21:09:31,25.68
2019-06-19 21:10:28,25.68
2019-06-19 21:11:13,26.05
2019-06-19 21:11:58,25.71999
2019-06-19 21:14:56,25.71999
2019-06-19 21:15:38,25.85999
2019-06-19 21:18:35,25.85999
2019-06-19 21:19:04,25.63
2019-06-19 21:21:02,25.63
2019-06-19 21:21:46,25.82999
2019-06-19 21:22:31,25.57999
2019-06-19 21:24:28,25.57999
2019-06-19 21:25:00,25.76999
2019-06-19 21:26:57,25.76999
2019-06-19 21:27:10,26.16999
2019-06-19 21:27:41,25.87999
2019-06-19 21:29:38,25.87999
2019-06-19 21:30:10,26.34
2019-06-19 21:31:07,26.34
2019-06-19 21:31:17,25.64
2019-06-19 21:31:42,26.09999
2019-06-19 21:32:39,26.09999
2019-06-19 21:32:49,25.78999
2019-06-19 21:33:05,25.00999
2019-06-19 21:33:16,25.79999
2019-06-19 21:33:29,25.54999
2019-06-19 21:36:26,25.54999
2019-06-19 21:36:38,24.73
2019-06-19 21:36:52,25.48999
2019-06-19 21:37:30,25.20999
2019-06-19 21:39:00,24.60999
2019-06-19 21:39:57,24.33
2019-06-19 21:40:39,24.04
2019-06-19 21:41:31,23.75999
2019-06-19 21:42:14,24.07999
2019-06-19 21:43:11,24.07999
2019-06-19 21:43:52,24.37
2019-06-19 21:44:50,24.37
2019-06-19 21:45:17,24.64
2019-06-19 21:46:14,24.64
2019-06-19 21:47:01,24.41
2019-06-19 21:49:57,24.41
2019-06-19 21:50:25,24.20999
2019-06-19 21:50:45,24.91999
2019-06-19 21:51:01,23.51999
2019-06-19 21:51:21,24.19999
2019-06-19 21:51:35,24.71
2019-06-19 21:51:45,23.60999
2019-06-19 21:51:58,24.97
2019-06-19 21:53:56,24.97
2019-06-19 21:54:18,25.25999
2019-06-19 21:56:15,25.25999
2019-06-19 21:56:33,24.93999
2019-06-19 21:59:30,24.93999
2019-06-19 22:00:11,24.25999
2019-06-19 22:00:44,24.39
2019-06-19 22:02:41,24.39
2019-06-19 22:03:21,24.51999
2019-06-19 22:04:18,24.51999
2019-06-19 22:04:43,24.97
2019-06-19 22:05:08,24.49999
2019-06-19 22:09:05,24.49999
2019-06-19 22:10:02,24.21999
2019-06-19 22:11:00,24.21999
2019-06-19 22:11:42,23.69
2019-06-19 22:12:02,24.09
2019-06-19 22:12:25,23.65999
2019-06-19 22:13:03,22.99999
2019-06-19 22:15:01,22.99999
2019-06-19 22:15:55,23.46999
2019-06-19 22:16:25,23.29999
2019-06-19 22:17:22,23.29999
2019-06-19 22:17:31,23.4
2019-06-19 22:18:28,23.4
2019-06-19 22:19:27,24.07
2019-06-19 22:19:58,22.88999
2019-06-19 22:20:11,24.22999
2019-06-19 22:20:36,22.53999
2019-06-19 22:20:50,23.53999
2019-06-19 22:21:24,22.65999
2019-06-19 22:21:54,23.30999
2019-06-19 22:22:09,23.01999
2019-06-19 22:22:39,23.4
2019-06-19 22:23:36,23.4
2019-06-19 22:23:40,24.44999
2019-06-19 22:24:08,23.14
2019-06-19 22:24:23,24.20999
2019-06-19 22:25:01,24.49999
2019-06-19 22:25:21,24.94999
2019-06-19 22:25:44,24.59999
2019-06-19 22:26:42,24.59999
2019-06-19 22:26:46,24.99
2019-06-19 22:26:56,23.46999
2019-06-19 22:27:14,24.47999
2019-06-19 22:27:52,24.99
2019-06-19 22:28:49,24.99
2019-06-19 22:29:24,25.44999
2019-06-19 22:30:16,25.21999
2019-06-19 22:31:14,24.66
2019-06-19 22:31:31,25.25999
2019-06-19 22:32:29,25.25999
2019-06-19 22:33:27,25.02
2019-06-19 22:34:24,25.02
2019-06-19 22:34:29,24.81999
2019-06-19 22:35:26,24.81999
2019-06-19 22:36:02,24.46
2019-06-19 22:38:59,24.46
2019-06-19 22:39:05,24.28999
2019-06-19 22:39:57,24.54999
2019-06-19 22:41:55,24.54999
2019-06-19 22:42:10,24.73
2019-06-19 22:43:07,24.73
2019-06-19 22:43:13,24.41
2019-06-19 22:43:41,25.02999
2019-06-19 22:44:37,25.02999
2019-06-19 22:45:04,24.75
2019-06-19 22:49:01,24.75
2019-06-19 22:49:08,25.22999
2019-06-19 22:49:44,24.99
2019-06-19 22:50:42,24.99
2019-06-19 22:51:17,24.73999
2019-06-19 22:53:14,24.73999
2019-06-19 22:53:26,24.96
2019-06-19 22:54:09,24.68999
2019-06-19 22:54:46,25.07999
2019-06-19 22:55:11,24.84999
2019-06-19 23:00:08,24.84999
2019-06-19 23:00:37,23.51999
2019-06-19 23:00:52,24.85999
2019-06-19 23:01:19,24.28999
2019-06-19 23:01:35,23.77999
2019-06-19 23:02:33,23.77999
2019-06-19 23:02:55,23.21999
2019-06-19 23:04:52,23.21999
2019-06-19 23:05:31,22.91999
2019-06-19 23:06:07,23.16
2019-06-19 23:06:59,23.52999
2019-06-19 23:07:57,23.52999
2019-06-19 23:08:12,24.02999
2019-06-19 23:08:56,24.43
2019-06-19 23:09:44,24.60999
2019-06-19 23:10:24,25.02999
2019-06-19 23:12:21,25.02999
2019-06-19 23:12:51,25.45999
2019-06-19 23:13:19,25.16999
2019-06-19 23:14:15,25.16999
2019-06-19 23:14:46,24.26999
2019-06-19 23:15:04,25.19999
2019-06-19 23:17:01,25.19999
2019-06-19 23:17:31,25.37999
2019-06-19 23:20:28,25.37999
2019-06-19 23:21:08,25.26999
2019-06-19 23:22:05,25.26999
2019-06-19 23:22:19,25.58999
2019-06-19 23:23:07,25.50999
2019-06-19 23:24:04,25.50999
2019-06-19 23:24:38,25.16999
2019-06-19 23:25:36,25.16999
2019-06-19 23:25:45,25.45999
2019-06-19 23:26:13,25.04
2019-06-19 23:27:02,25.39999
2019-06-19 23:27:24,24.82999
2019-06-19 23:28:21,24.82999
2019-06-19 23:29:07,24.52999
2019-06-19 23:29:43,24.32
2019-06-19 23:30:22,23.82
2019-06-19 23:31:19,23.82
2019-06-19 23:32:08,23.4
2019-06-19 23:33:05,23.4
2019-06-19 23:33:20,23.74
2019-06-19 23:34:17,23.74
2019-06-19 23:34:24,23.38
2019-06-19 23:35:20,23.38
2019-06-19 23:35:29,23.61999
2019-06-19 23:36:27,23.61999
2019-06-19 23:36:29,24.09999
2019-06-19 23:37:27,24.09999
2019-06-19 23:38:05,24.7
2019-06-19 23:38:37,24.60999
2019-06-19 23:40:34,24.60999
2019-06-19 23:41:03,25.04
2019-06-19 23:41:41,24.73999
2019-06-19 23:42:13,24.84999
2019-06-19 23:43:10,24.84999
2019-06-19 23:43:48,24.23999
2019-06-19 23:44:09,25.04
2019-06-19 23:44:28,24.24999
2019-06-19 23:44:43,25.0
2019-06-19 23:45:08,23.89999
2019-06-19 23:45:21,24.82999
2019-06-19 23:45:51,23.82999
2019-06-19 23:46:06,24.55999
2019-06-19 23:47:03,24.55999
2019-06-19 23:47:30,24.84999
2019-06-19 23:48:25,24.62999
2019-06-19 23:50:22,24.62999
2019-06-19 23:50:36,24.97
2019-06-19 23:51:11,24.7
2019-06-19 23:52:08,24.7
2019-06-19 23:53:05,24.51999
2019-06-19 23:55:01,24.51999
2019-06-19 23:55:18,24.59999
2019-06-19 23:56:14,24.59999
2019-06-19 23:56:44,24.46999
2019-06-19 23:57:15,24.12999
2019-06-19 23:58:09,23.94999
2019-06-19 23:59:07,23.94999
2019-06-19 23:59:17,24.17999
2019-06-20 00:00:14,24.17999
2019-06-20 00:00:25,24.47999
2019-06-20 00:01:23,24.47999
2019-06-20 00:02:14,24.56999
2019-06-20 00:03:14,24.89999
2019-06-20 00:03:57,24.54999
2019-06-20 00:05:53,24.54999
2019-06-20 00:06:07,24.78999
2019-06-20 00:07:04,24.78999
2019-06-20 00:07:59,25.19999
2019-06-20 00:13:56,25.19999
2019-06-20 00:14:24,25.51999
2019-06-20 00:15:21,25.51999
2019-06-20 00:15:41,25.22999
2019-06-20 00:16:38,25.22999
2019-06-20 00:16:43,25.64
2019-06-20 00:17:13,25.23999
2019-06-20 00:18:09,25.23999
2019-06-20 00:18:13,26.53999
2019-06-20 00:18:55,26.3
2019-06-20 00:19:22,25.3
2019-06-20 00:22:19,25.3
2019-06-20 00:22:42,25.94
2019-06-20 00:23:22,24.98
2019-06-20 00:23:34,26.05999
2019-06-20 00:24:20,25.93
2019-06-20 00:25:10,25.33
2019-06-20 00:26:11,25.02
2019-06-20 00:26:51,24.60999
2019-06-20 00:27:47,24.60999
2019-06-20 00:27:53,24.8
2019-06-20 00:28:26,25.34
2019-06-20 00:28:52,24.68999
2019-06-20 00:29:11,25.34
2019-06-20 00:30:08,25.34
2019-06-20 00:30:22,25.07999
2019-06-20 00:30:44,25.36
2019-06-20 00:31:41,25.36
2019-06-20 00:31:46,25.09999
2019-06-20 00:32:01,25.76999
2019-06-20 00:32:26,25.53999
2019-06-20 00:33:10,24.43999
2019-06-20 00:33:17,26.32
2019-06-20 00:33:35,25.66999
2019-06-20 00:33:53,26.22999
2019-06-20 00:34:10,27.00999
2019-06-20 00:34:28,26.37
2019-06-20 00:34:56,26.88
2019-06-20 00:35:52,26.50999
2019-06-20 00:36:46,26.96999
2019-06-20 00:37:13,26.79999
2019-06-20 00:38:09,26.79999
2019-06-20 00:38:27,26.71999
2019-06-20 00:40:24,26.71999
2019-06-20 00:41:08,27.17999
2019-06-20 00:43:05,27.17999
2019-06-20 00:43:52,26.75999
2019-06-20 00:44:08,27.65999
2019-06-20 00:44:28,26.95
2019-06-20 00:44:50,27.62
2019-06-20 00:45:07,26.31
2019-06-20 00:45:17,27.85
2019-06-20 00:45:42,26.72999
2019-06-20 00:46:03,27.69999
2019-06-20 00:46:21,26.16999
2019-06-20 00:46:34,27.08999
2019-06-20 00:48:32,27.08999
2019-06-20 00:48:50,26.96
2019-06-20 00:49:31,27.41999
2019-06-20 00:50:14,27.21
2019-06-20 00:51:12,27.21
2019-06-20 00:51:17,26.81999
2019-06-20 00:51:43,27.3
2019-06-20 00:52:23,26.84999
2019-06-20 00:53:21,26.84999
2019-06-20 00:53:35,26.96999
2019-06-20 00:57:33,26.96999
2019-06-20 00:57:48,27.64
2019-06-20 00:58:13,27.37
2019-06-20 00:59:10,26.10999
2019-06-20 01:00:07,25.98
2019-06-20 01:00:50,25.46999
2019-06-20 01:04:48,25.46999
2019-06-20 01:05:24,25.83999
2019-06-20 01:05:58,25.44999
2019-06-20 01:07:54,25.44999
2019-06-20 01:08:11,25.98999
2019-06-20 01:08:29,26.59
2019-06-20 01:08:43,25.33
2019-06-20 01:09:14,25.71999
2019-06-20 01:10:12,25.71999
2019-06-20 01:10:45,26.29
2019-06-20 01:11:41,26.29
2019-06-20 01:12:39,26.95
2019-06-20 01:13:36,26.95
2019-06-20 01:14:01,27.33999
2019-06-20 01:14:39,27.24
2019-06-20 01:15:30,27.14999
2019-06-20 01:19:27,27.14999
2019-06-20 01:19:47,26.84999
2019-06-20 01:20:44,26.84999
2019-06-20 01:20:59,27.05999
2019-06-20 01:21:42,26.68999
2019-06-20 01:22:06,27.32999
2019-06-20 01:22:28,27.04999
2019-06-20 01:23:25,27.04999
2019-06-20 01:23:33,26.39
2019-06-20 01:23:50,27.22
2019-06-20 01:24:15,26.41999
2019-06-20 01:24:32,27.06999
2019-06-20 01:24:48,26.27999
2019-06-20 01:25:11,26.71999
2019-06-20 01:25:28,26.14999
2019-06-20 01:25:41,27.0
2019-06-20 01:25:59,26.02999
2019-06-20 01:26:15,26.71
2019-06-20 01:26:41,26.02
2019-06-20 01:26:57,26.88
2019-06-20 01:27:13,25.94
2019-06-20 01:27:33,26.51999
2019-06-20 01:28:30,26.51999
2019-06-20 01:29:02,26.27
2019-06-20 01:29:55,26.9
2019-06-20 01:30:25,26.76999
2019-06-20 01:31:23,26.76999
2019-06-20 01:31:32,26.16999
2019-06-20 01:31:55,26.74999
2019-06-20 01:32:41,26.22999
2019-06-20 01:33:39,26.22999
2019-06-20 01:34:06,26.80999
2019-06-20 01:35:03,26.80999
2019-06-20 01:35:23,27.08999
2019-06-20 01:35:50,26.58
2019-06-20 01:36:37,26.96
2019-06-20 01:37:00,26.41999
2019-06-20 01:37:21,26.83999
2019-06-20 01:38:10,26.35999
2019-06-20 01:38:30,27.07999
2019-06-20 01:38:47,26.3
2019-06-20 01:39:04,27.08999
2019-06-20 01:39:27,26.34
2019-06-20 01:39:47,26.88
2019-06-20 01:40:09,26.61
2019-06-20 01:41:00,26.84999
2019-06-20 01:41:53,26.39999
2019-06-20 01:42:12,27.16999
2019-06-20 01:42:32,26.64
2019-06-20 01:43:03,26.82999
2019-06-20 01:43:33,27.3
2019-06-20 01:43:46,26.64
2019-06-20 01:44:04,27.29
2019-06-20 01:44:21,26.69999
2019-06-20 01:44:45,27.50999
2019-06-20 01:44:57,26.53999
2019-06-20 01:45:17,27.39999
2019-06-20 01:45:40,26.77999
2019-06-20 01:45:59,27.43999
2019-06-20 01:46:16,26.68999
2019-06-20 01:46:42,26.82999
2019-06-20 01:47:39,26.82999
2019-06-20 01:47:54,25.19999
2019-06-20 01:48:04,27.11999
2019-06-20 01:48:25,27.32
2019-06-20 01:49:03,25.32
2019-06-20 01:49:18,26.93
2019-06-20 01:49:33,26.09999
2019-06-20 01:49:42,27.43999
2019-06-20 01:50:14,26.93999
2019-06-20 01:51:10,26.93999
2019-06-20 01:51:16,27.33999
2019-06-20 01:51:33,26.67999
2019-06-20 01:51:55,27.2
2019-06-20 01:52:14,26.80999
2019-06-20 01:53:10,26.80999
2019-06-20 01:53:29,26.43999
2019-06-20 01:54:17,26.74999
2019-06-20 01:55:14,26.74999
2019-06-20 01:55:47,26.29
2019-06-20 01:56:35,26.74999
2019-06-20 01:57:07,26.11999
2019-06-20 01:57:26,26.66999
2019-06-20 01:58:14,26.15999
2019-06-20 01:58:37,27.02999
2019-06-20 01:59:03,26.76999
2019-06-20 02:00:59,26.76999
2019-06-20 02:01:50,27.10999
2019-06-20 02:02:10,26.63
2019-06-20 02:02:30,27.22
2019-06-20 02:02:44,26.34
2019-06-20 02:02:56,27.3
2019-06-20 02:03:22,26.54999
2019-06-20 02:03:39,27.18999
2019-06-20 02:04:25,27.53
2019-06-20 02:04:39,26.93
2019-06-20 02:04:52,27.61
2019-06-20 02:05:15,26.71
2019-06-20 02:05:30,27.49999
2019-06-20 02:06:27,27.49999
2019-06-20 02:06:42,26.67999
2019-06-20 02:06:54,27.55
2019-06-20 02:07:29,26.80999
2019-06-20 02:07:54,27.53
2019-06-20 02:08:14,26.68999
2019-06-20 02:08:29,27.34999
2019-06-20 02:09:25,27.34999
2019-06-20 02:09:32,26.64
2019-06-20 02:09:47,27.68999
2019-06-20 02:10:15,27.10999
2019-06-20 02:10:36,27.49999
2019-06-20 02:10:54,27.12999
2019-06-20 02:11:17,27.38999
2019-06-20 02:13:14,27.38999
2019-06-20 02:13:39,27.64
2019-06-20 02:14:08,27.53
2019-06-20 02:15:05,27.53
2019-06-20 02:15:09,26.91
2019-06-20 02:15:25,27.72999
2019-06-20 02:16:12,27.57999
2019-06-20 02:17:08,27.57999
2019-06-20 02:17:37,27.10999
2019-06-20 02:17:58,27.72999
2019-06-20 02:18:44,27.2
2019-06-20 02:19:20,25.80999
2019-06-20 02:19:32,26.93999
2019-06-20 02:19:53,26.48999
2019-06-20 02:20:03,27.64999
2019-06-20 02:20:43,26.75999
2019-06-20 02:20:57,27.52
2019-06-20 02:21:20,26.66
2019-06-20 02:21:37,27.39999
2019-06-20 02:22:02,26.96999
2019-06-20 02:22:56,27.32999
2019-06-20 02:23:10,26.22999
2019-06-20 02:23:28,26.98
2019-06-20 02:24:25,26.41999
2019-06-20 02:24:46,27.23
2019-06-20 02:25:01,26.39999
2019-06-20 02:25:17,27.06999
2019-06-20 02:26:12,26.37999
2019-06-20 02:26:34,27.3
2019-06-20 02:27:25,26.75999
2019-06-20 02:27:51,27.3
2019-06-20 02:28:11,26.69999
2019-06-20 02:28:28,27.42999
2019-06-20 02:28:47,26.51999
2019-06-20 02:28:59,27.42999
2019-06-20 02:29:20,26.54999
2019-06-20 02:29:35,27.48999
2019-06-20 02:29:59,26.75999
2019-06-20 02:30:14,27.65999
2019-06-20 02:30:31,26.9
2019-06-20 02:30:54,27.65999
2019-06-20 02:31:11,26.67999
2019-06-20 02:31:26,27.65999
2019-06-20 02:31:52,27.16999
2019-06-20 02:32:37,27.81999
2019-06-20 02:32:57,26.76999
2019-06-20 02:33:13,27.68999
2019-06-20 02:33:37,26.91
2019-06-20 02:33:53,27.72999
2019-06-20 02:34:10,26.69999
2019-06-20 02:34:30,27.65999
2019-06-20 02:34:50,26.92
2019-06-20 02:35:08,27.72999
2019-06-20 02:35:24,26.61
2019-06-20 02:35:40,27.52
2019-06-20 02:36:09,27.17999
2019-06-20 02:36:28,27.91999
2019-06-20 02:36:40,26.92
2019-06-20 02:37:01,27.62999
2019-06-20 02:37:17,26.66999
2019-06-20 02:37:31,27.61
2019-06-20 02:37:48,26.59
2019-06-20 02:38:16,24.58999
2019-06-20 02:38:29,26.62
2019-06-20 02:38:42,27.61
2019-06-20 02:39:05,27.17999
2019-06-20 02:39:34,25.33
2019-06-20 02:39:41,27.33999
2019-06-20 02:40:38,27.33999
2019-06-20 02:40:46,25.29
2019-06-20 02:41:00,25.77999
2019-06-20 02:41:56,25.77999
2019-06-20 02:42:17,27.78999
2019-06-20 02:42:42,27.15999
2019-06-20 02:43:13,27.72999
2019-06-20 02:43:23,25.71999
2019-06-20 02:43:33,27.74999
2019-06-20 02:44:30,27.74999
2019-06-20 02:44:45,25.74999
2019-06-20 02:44:54,27.78999
2019-06-20 02:45:21,25.77999
2019-06-20 02:45:45,26.84999
2019-06-20 02:46:31,26.40999
2019-06-20 02:47:28,26.40999
2019-06-20 02:48:06,26.02999
2019-06-20 02:48:41,26.46999
2019-06-20 02:48:56,25.44999
2019-06-20 02:49:08,26.39999
2019-06-20 02:49:55,26.68999
2019-06-20 02:50:24,26.61
2019-06-20 02:51:24,25.64
2019-06-20 02:52:19,26.12999
2019-06-20 02:52:34,24.8
2019-06-20 02:52:59,25.56999
2019-06-20 02:53:19,24.86999
2019-06-20 02:53:48,25.39
2019-06-20 02:54:13,25.12
2019-06-20 02:54:42,23.84999
2019-06-20 02:54:51,25.09999
2019-06-20 02:55:48,25.09999
2019-06-20 02:56:01,25.16999
2019-06-20 02:58:58,25.16999
2019-06-20 02:59:30,24.92999
2019-06-20 03:00:26,24.92999
2019-06-20 03:00:39,24.60999
2019-06-20 03:01:36,24.60999
2019-06-20 03:01:51,24.38
2019-06-20 03:02:38,25.68999
2019-06-20 03:02:56,26.49999
2019-06-20 03:03:53,25.80999
2019-06-20 03:04:07,26.86999
2019-06-20 03:04:26,25.88999
2019-06-20 03:04:40,26.80999
2019-06-20 03:05:37,26.80999
2019-06-20 03:06:17,26.24
2019-06-20 03:06:32,27.21
2019-06-20 03:06:54,26.21999
2019-06-20 03:07:09,27.21
2019-06-20 03:07:35,26.69999
2019-06-20 03:07:46,27.66999
2019-06-20 03:08:06,26.58
2019-06-20 03:08:22,27.53
2019-06-20 03:10:18,27.53
2019-06-20 03:10:33,27.69999
2019-06-20 03:11:00,28.36999
2019-06-20 03:11:19,27.49999
2019-06-20 03:11:31,28.68999
2019-06-20 03:11:52,27.47999
2019-06-20 03:12:08,28.62
2019-06-20 03:12:32,27.56
2019-06-20 03:12:45,28.57
2019-06-20 03:13:05,26.48999
2019-06-20 03:13:08,24.38
2019-06-20 03:13:18,23.72
2019-06-20 03:13:26,25.12
2019-06-20 03:13:42,23.54999
2019-06-20 03:13:49,25.7
2019-06-20 03:13:56,26.77999
2019-06-20 03:14:18,26.18999
2019-06-20 03:15:16,25.29
2019-06-20 03:15:52,24.75999
2019-06-20 03:16:44,26.76999
2019-06-20 03:16:53,28.19
2019-06-20 03:17:11,27.07999
2019-06-20 03:17:25,27.78999
2019-06-20 03:18:00,25.73999
2019-06-20 03:18:09,27.84
2019-06-20 03:19:05,27.84
2019-06-20 03:19:25,25.78999
2019-06-20 03:19:33,27.9
2019-06-20 03:20:30,27.9
2019-06-20 03:20:42,28.39999
2019-06-20 03:20:47,26.34999
2019-06-20 03:20:57,28.34999
2019-06-20 03:21:13,26.34
2019-06-20 03:21:34,28.34999
2019-06-20 03:21:44,29.41999
2019-06-20 03:22:09,28.21
2019-06-20 03:22:23,29.68999
2019-06-20 03:22:41,28.46999
2019-06-20 03:23:03,29.68999
2019-06-20 03:23:22,28.62
2019-06-20 03:23:44,29.55
2019-06-20 03:24:03,28.44999
2019-06-20 03:24:16,29.72999
2019-06-20 03:24:38,28.41999
2019-06-20 03:24:54,29.26999
2019-06-20 03:25:18,28.06999
2019-06-20 03:25:28,29.52999
2019-06-20 03:25:49,28.45999
2019-06-20 03:26:08,29.55999
2019-06-20 03:26:27,28.25999
2019-06-20 03:26:46,29.41999
2019-06-20 03:27:11,28.51
2019-06-20 03:27:21,29.87
2019-06-20 03:27:41,28.46999
2019-06-20 03:28:00,29.50999
2019-06-20 03:28:23,28.66999
2019-06-20 03:28:34,29.76
2019-06-20 03:28:59,28.71999
2019-06-20 03:29:10,30.18999
2019-06-20 03:29:28,28.98999
2019-06-20 03:30:01,29.49
2019-06-20 03:30:11,27.88
2019-06-20 03:30:21,29.73999
2019-06-20 03:30:52,29.00999
2019-06-20 03:31:05,29.96999
2019-06-20 03:31:27,28.93999
2019-06-20 03:31:42,30.12
2019-06-20 03:32:04,28.66999
2019-06-20 03:32:17,29.57
2019-06-20 03:33:14,29.57
2019-06-20 03:33:25,29.15
2019-06-20 03:33:39,30.11
2019-06-20 03:33:56,28.93999
2019-06-20 03:34:11,30.03999
2019-06-20 03:34:31,28.84
2019-06-20 03:34:48,30.21
2019-06-20 03:35:08,29.06999
2019-06-20 03:35:32,29.90999
2019-06-20 03:35:53,28.91999
2019-06-20 03:36:03,30.14
2019-06-20 03:36:29,28.93999
2019-06-20 03:36:42,30.14999
2019-06-20 03:37:02,29.25999
2019-06-20 03:37:22,30.18999
2019-06-20 03:37:46,28.83
2019-06-20 03:37:56,29.94999
2019-06-20 03:38:23,28.77999
2019-06-20 03:38:34,29.97999
2019-06-20 03:39:01,28.88
2019-06-20 03:39:12,30.06999
2019-06-20 03:39:35,28.88
2019-06-20 03:39:50,29.94999
2019-06-20 03:40:19,29.52
2019-06-20 03:40:38,30.14999
2019-06-20 03:40:50,28.89
2019-06-20 03:41:06,29.72999
2019-06-20 03:42:03,29.72999
2019-06-20 03:42:10,28.81
2019-06-20 03:42:20,29.90999
2019-06-20 03:42:54,29.66999
2019-06-20 03:43:50,29.66999
2019-06-20 03:44:38,28.96999
2019-06-20 03:44:51,30.08
2019-06-20 03:45:14,29.13
2019-06-20 03:45:33,29.96999
2019-06-20 03:45:51,28.75999
2019-06-20 03:46:07,29.70999
2019-06-20 03:46:32,28.70999
2019-06-20 03:46:45,29.76
2019-06-20 03:47:06,28.63999
2019-06-20 03:47:20,29.78
2019-06-20 03:47:43,28.70999
2019-06-20 03:47:57,29.79
2019-06-20 03:48:26,28.92999
2019-06-20 03:48:39,29.70999
2019-06-20 03:49:36,29.70999
2019-06-20 03:49:40,28.81
2019-06-20 03:49:53,29.69999
2019-06-20 03:50:51,28.96999
2019-06-20 03:51:16,26.96999
2019-06-20 03:51:37,27.74999
2019-06-20 03:51:45,29.57
2019-06-20 03:52:04,27.56
2019-06-20 03:52:10,25.54999
2019-06-20 03:52:22,27.62
2019-06-20 03:52:26,29.65999
2019-06-20 03:52:41,29.98999
2019-06-20 03:53:00,29.10999
2019-06-20 03:53:19,30.30999
2019-06-20 03:53:24,28.25
2019-06-20 03:53:28,26.25
2019-06-20 03:53:34,28.34999
2019-06-20 03:53:40,30.12
2019-06-20 03:54:00,29.23999
2019-06-20 03:54:34,30.05999
2019-06-20 03:54:38,27.93
2019-06-20 03:54:42,25.88999
2019-06-20 03:54:47,27.99999
2019-06-20 03:54:53,29.93999
2019-06-20 03:55:11,29.21
2019-06-20 03:55:58,27.13999
2019-06-20 03:56:07,29.21999
2019-06-20 03:56:21,29.5
2019-06-20 03:57:04,29.38999
2019-06-20 03:57:18,27.33999
2019-06-20 03:57:28,29.35999
2019-06-20 03:58:25,29.35999
2019-06-20 03:58:37,29.66999
2019-06-20 03:58:41,27.64999
2019-06-20 03:58:44,25.64
2019-06-20 03:58:48,27.74999
2019-06-20 03:58:55,29.30999
2019-06-20 03:59:17,28.70999
2019-06-20 04:00:05,26.64999
2019-06-20 04:00:14,28.66999
2019-06-20 04:01:12,28.66999
2019-06-20 04:01:24,28.82
2019-06-20 04:01:28,26.78999
2019-06-20 04:01:39,28.8
2019-06-20 04:02:22,28.3
2019-06-20 04:02:53,26.26
2019-06-20 04:03:02,28.27
2019-06-20 04:04:00,28.27
2019-06-20 04:04:15,26.19999
2019-06-20 04:04:24,28.23999
2019-06-20 04:05:21,28.23999
2019-06-20 04:05:37,26.57
2019-06-20 04:05:53,28.57
2019-06-20 04:06:13,27.93
2019-06-20 04:07:01,25.85999
2019-06-20 04:07:10,27.87
2019-06-20 04:08:07,27.87
2019-06-20 04:08:18,27.99999
2019-06-20 04:08:25,25.98
2019-06-20 04:08:35,27.98999
2019-06-20 04:09:27,27.64
2019-06-20 04:09:49,25.58999
2019-06-20 04:09:56,27.62
2019-06-20 04:10:10,28.02999
2019-06-20 04:11:06,28.02999
2019-06-20 04:11:10,26.0
2019-06-20 04:11:19,28.02999
2019-06-20 04:11:58,28.23999
2019-06-20 04:12:32,26.20999
2019-06-20 04:12:42,28.25
2019-06-20 04:13:22,27.77999
2019-06-20 04:13:56,25.73
2019-06-20 04:14:06,27.77999
2019-06-20 04:15:03,27.77999
2019-06-20 04:15:18,26.00999
2019-06-20 04:15:31,27.73999
2019-06-20 04:15:50,27.08999
2019-06-20 04:16:46,27.08999
2019-06-20 04:16:57,28.70999
2019-06-20 04:17:14,28.13999
2019-06-20 04:17:53,28.78999
2019-06-20 04:18:02,26.68999
2019-06-20 04:18:14,28.70999
2019-06-20 04:19:12,28.27
2019-06-20 04:19:26,26.20999
2019-06-20 04:19:33,28.27
2019-06-20 04:19:46,28.59
2019-06-20 04:20:08,28.19
2019-06-20 04:20:44,28.37999
2019-06-20 04:20:49,26.32
2019-06-20 04:20:58,28.38999
2019-06-20 04:21:55,28.38999
2019-06-20 04:22:12,26.34999
2019-06-20 04:22:28,27.39999
2019-06-20 04:22:43,26.20999
2019-06-20 04:22:58,26.93
2019-06-20 04:23:20,24.92999
2019-06-20 04:23:38,24.51999
2019-06-20 04:24:34,24.51999
2019-06-20 04:24:44,24.16999
2019-06-20 04:27:41,24.16999
2019-06-20 04:27:49,23.93999
2019-06-20 04:29:46,23.93999
2019-06-20 04:30:32,24.16999
2019-06-20 04:31:28,24.16999
2019-06-20 04:32:08,24.27999
2019-06-20 04:33:05,24.27999
2019-06-20 04:33:25,24.8
2019-06-20 04:35:22,24.8
2019-06-20 04:36:05,24.92999
2019-06-20 04:36:32,25.25999
2019-06-20 04:36:59,24.88999
2019-06-20 04:37:20,25.65
2019-06-20 04:37:45,26.80999
2019-06-20 04:38:15,27.34999
2019-06-20 04:38:27,25.56999
2019-06-20 04:38:47,26.64
2019-06-20 04:39:15,25.66
2019-06-20 04:39:41,27.67999
2019-06-20 04:39:55,25.63
2019-06-20 04:40:53,25.63
2019-06-20 04:41:12,25.18999
2019-06-20 04:41:47,25.65
2019-06-20 04:43:44,25.65
2019-06-20 04:44:27,25.09999
2019-06-20 04:44:46,26.49999
2019-06-20 04:45:02,27.29
2019-06-20 04:45:59,27.29
2019-06-20 04:46:21,27.82999
2019-06-20 04:46:47,27.32
2019-06-20 04:47:09,27.64
2019-06-20 04:47:44,27.47999
2019-06-20 04:48:45,27.47999
2019-06-20 04:49:07,27.44999
2019-06-20 04:50:03,27.93999
2019-06-20 04:50:24,27.77999
2019-06-20 04:50:57,27.38999
2019-06-20 04:51:54,27.38999
2019-06-20 04:52:20,27.71999
2019-06-20 04:52:38,27.00999
2019-06-20 04:52:50,28.01999
2019-06-20 04:53:09,27.21
2019-06-20 04:53:33,27.70999
2019-06-20 04:53:58,28.83
2019-06-20 04:54:23,28.05999
2019-06-20 04:54:41,28.73999
2019-06-20 04:54:59,27.99999
2019-06-20 04:55:17,28.52999
2019-06-20 04:55:39,28.32999
2019-06-20 04:56:00,28.49
2019-06-20 04:56:43,27.84
2019-06-20 04:57:01,28.45999
2019-06-20 04:57:24,27.65999
2019-06-20 04:57:34,28.68999
2019-06-20 04:57:54,27.65999
2019-06-20 04:58:09,28.75999
2019-06-20 04:59:03,28.19
2019-06-20 04:59:57,28.93999
2019-06-20 05:00:19,27.99999
2019-06-20 05:00:36,28.91999
2019-06-20 05:00:51,27.81999
2019-06-20 05:01:06,29.07999
2019-06-20 05:01:25,27.93
2019-06-20 05:01:44,28.99999
2019-06-20 05:02:04,27.75999
2019-06-20 05:02:34,27.91
2019-06-20 05:04:31,27.91
2019-06-20 05:05:31,28.32999
2019-06-20 05:06:28,28.32999
2019-06-20 05:07:12,29.21999
2019-06-20 05:07:32,28.37999
2019-06-20 05:08:29,28.37999
2019-06-20 05:08:34,29.01999
2019-06-20 05:08:48,27.78999
2019-06-20 05:09:01,29.13
2019-06-20 05:09:26,27.96
2019-06-20 05:09:38,29.05999
2019-06-20 05:09:59,27.99999
2019-06-20 05:10:13,29.28999
2019-06-20 05:10:33,28.03999
2019-06-20 05:10:50,29.45
2019-06-20 05:11:08,28.31999
2019-06-20 05:11:29,29.60999
2019-06-20 05:11:51,28.75999
2019-06-20 05:12:04,29.69999
2019-06-20 05:12:28,29.26999
2019-06-20 05:12:44,30.21
2019-06-20 05:12:59,29.14
2019-06-20 05:13:10,27.13999
2019-06-20 05:13:22,26.0
2019-06-20 05:13:37,28.00999
2019-06-20 05:13:43,29.67999
2019-06-20 05:14:25,29.14
2019-06-20 05:14:38,30.01999
2019-06-20 05:14:58,29.03999
2019-06-20 05:15:18,29.89
2019-06-20 05:15:34,29.05999
2019-06-20 05:15:56,29.84
2019-06-20 05:16:08,27.82999
2019-06-20 05:16:32,28.97999
2019-06-20 05:16:48,27.74999
2019-06-20 05:17:10,29.10999
2019-06-20 05:17:28,28.21
2019-06-20 05:17:49,29.06999
2019-06-20 05:18:05,28.21
2019-06-20 05:18:21,29.00999
2019-06-20 05:19:21,28.27
2019-06-20 05:19:34,29.23999
2019-06-20 05:19:58,28.36999
2019-06-20 05:20:11,29.26999
2019-06-20 05:20:35,28.46999
2019-06-20 05:20:49,29.07999
2019-06-20 05:21:14,28.5
2019-06-20 05:21:25,29.47
2019-06-20 05:21:46,28.37999
2019-06-20 05:22:00,29.84999
2019-06-20 05:22:18,28.62
2019-06-20 05:22:43,29.61999
2019-06-20 05:22:58,28.60999
2019-06-20 05:23:17,29.50999
2019-06-20 05:23:38,28.63999
2019-06-20 05:23:52,29.52
2019-06-20 05:24:15,28.76999
2019-06-20 05:24:31,29.47
2019-06-20 05:24:51,28.38999
2019-06-20 05:25:04,29.42999
2019-06-20 05:25:29,28.45999
2019-06-20 05:25:42,29.52999
2019-06-20 05:26:02,28.55999
2019-06-20 05:26:19,29.36999
2019-06-20 05:26:39,28.45999
2019-06-20 05:26:54,29.69999
2019-06-20 05:27:14,28.73999
2019-06-20 05:27:33,29.66999
2019-06-20 05:27:51,28.81
2019-06-20 05:28:11,29.61999
2019-06-20 05:28:31,28.48
2019-06-20 05:28:45,29.42999
2019-06-20 05:29:08,28.42999
2019-06-20 05:29:22,29.62999
2019-06-20 05:29:43,28.67999
2019-06-20 05:30:00,29.69999
2019-06-20 05:30:21,28.63999
2019-06-20 05:30:36,29.66999
2019-06-20 05:30:57,28.67999
2019-06-20 05:31:16,29.57
2019-06-20 05:31:37,28.59
2019-06-20 05:31:51,29.50999
2019-06-20 05:32:09,27.46999
2019-06-20 05:32:18,25.68999
2019-06-20 05:32:28,27.73999
2019-06-20 05:32:34,25.71999
2019-06-20 05:32:49,25.00999
2019-06-20 05:33:40,26.96
2019-06-20 05:33:49,28.21
2019-06-20 05:34:46,26.19999
2019-06-20 05:34:53,28.23999
2019-06-20 05:35:02,29.61999
2019-06-20 05:35:20,28.35999
2019-06-20 05:35:24,26.3
2019-06-20 05:35:32,28.33999
2019-06-20 05:35:38,30.33999
2019-06-20 05:35:48,28.31999
2019-06-20 05:35:58,30.19999
2019-06-20 05:36:29,29.41999
2019-06-20 05:36:40,30.43999
2019-06-20 05:37:02,29.23
2019-06-20 05:37:14,30.68999
2019-06-20 05:37:35,29.65999
2019-06-20 05:38:01,30.4
2019-06-20 05:38:16,29.14
2019-06-20 05:38:29,30.33999
2019-06-20 05:38:54,29.52999
2019-06-20 05:39:09,30.43
2019-06-20 05:39:32,29.68999
2019-06-20 05:39:49,30.50999
2019-06-20 05:40:07,29.66999
2019-06-20 05:40:25,30.37999
2019-06-20 05:41:21,30.37999
2019-06-20 05:42:00,29.96999
2019-06-20 05:42:17,30.63999
2019-06-20 05:43:13,30.63999
2019-06-20 05:43:40,30.38999
2019-06-20 05:44:37,30.38999
2019-06-20 05:45:10,29.98999
2019-06-20 05:45:30,30.56999
2019-06-20 05:45:47,29.71999
2019-06-20 05:46:05,30.33999
2019-06-20 05:46:27,29.62999
2019-06-20 05:46:42,30.4
2019-06-20 05:46:59,29.55999
2019-06-20 05:47:23,30.04999
2019-06-20 05:47:40,29.26999
2019-06-20 05:47:56,29.87
2019-06-20 05:48:47,29.46
2019-06-20 05:49:17,30.12
2019-06-20 05:49:31,29.61999
2019-06-20 05:50:31,30.06999
2019-06-20 05:50:46,29.07999
2019-06-20 05:50:58,29.97999
2019-06-20 05:51:23,29.26999
2019-06-20 05:51:40,29.81
2019-06-20 05:52:37,29.81
2019-06-20 05:53:09,29.29999
2019-06-20 05:53:31,29.73999
2019-06-20 05:54:27,29.73999
2019-06-20 05:55:04,29.13
2019-06-20 05:55:20,29.87999
2019-06-20 05:56:12,29.61999
2019-06-20 05:57:05,30.00999
2019-06-20 05:58:03,29.60999
2019-06-20 05:58:33,30.34999
2019-06-20 05:58:47,29.5
2019-06-20 05:59:05,30.12
2019-06-20 06:00:02,30.12
2019-06-20 06:00:22,28.09999
2019-06-20 06:00:26,26.05999
2019-06-20 06:02:23,26.05999
2019-06-20 06:02:38,25.50999
2019-06-20 06:03:11,25.15999
2019-06-20 06:04:03,25.02999
2019-06-20 06:04:51,24.25999
2019-06-20 06:05:22,25.00999
2019-06-20 06:05:40,23.49999
2019-06-20 06:05:51,24.98
2019-06-20 06:06:19,23.8
2019-06-20 06:06:31,24.78999
2019-06-20 06:06:43,26.79999
2019-06-20 06:06:47,28.82
2019-06-20 06:07:04,29.49
2019-06-20 06:07:30,28.42999
2019-06-20 06:07:57,29.55
2019-06-20 06:08:14,28.34999
2019-06-20 06:08:30,29.15
2019-06-20 06:09:10,27.09999
2019-06-20 06:09:20,26.25
2019-06-20 06:09:44,28.17
2019-06-20 06:09:54,28.96
2019-06-20 06:10:39,29.69999
2019-06-20 06:11:30,29.03999
2019-06-20 06:11:59,29.69999
2019-06-20 06:12:23,29.41999
2019-06-20 06:13:19,29.41999
2019-06-20 06:13:34,29.14
2019-06-20 06:15:31,29.14
2019-06-20 06:15:40,28.81
2019-06-20 06:16:37,28.81
2019-06-20 06:17:34,28.60999
2019-06-20 06:18:12,29.12
2019-06-20 06:18:45,28.89
2019-06-20 06:19:27,29.29999
2019-06-20 06:20:21,28.96999
2019-06-20 06:21:20,27.11999
2019-06-20 06:21:30,26.22999
2019-06-20 06:21:40,27.66999
2019-06-20 06:22:04,29.41999
2019-06-20 06:22:32,28.77999
2019-06-20 06:22:53,29.50999
2019-06-20 06:23:01,27.48999
2019-06-20 06:23:05,25.46999
2019-06-20 06:23:20,27.62
2019-06-20 06:23:24,29.65999
2019-06-20 06:23:51,29.09999
2019-06-20 06:24:23,27.08999
2019-06-20 06:24:27,24.98
2019-06-20 06:24:35,27.03999
2019-06-20 06:24:41,28.86
2019-06-20 06:24:46,26.77999
2019-06-20 06:24:57,25.79999
2019-06-20 06:25:11,27.00999
2019-06-20 06:25:25,26.22999
2019-06-20 06:26:22,26.22999
2019-06-20 06:27:08,25.57999
2019-06-20 06:27:33,26.37
2019-06-20 06:27:47,25.62
2019-06-20 06:28:07,26.53999
2019-06-20 06:28:20,25.39999
2019-06-20 06:28:40,26.05999
2019-06-20 06:29:08,25.71
2019-06-20 06:30:04,25.71
2019-06-20 06:30:11,25.20999
2019-06-20 06:30:41,25.64
2019-06-20 06:30:44,27.73999
2019-06-20 06:30:56,28.41999
2019-06-20 06:31:44,27.77999
2019-06-20 06:32:15,28.60999
2019-06-20 06:33:12,28.60999
2019-06-20 06:33:37,29.45
2019-06-20 06:33:55,28.02999
2019-06-20 06:34:14,28.40999
2019-06-20 06:34:53,29.53999
2019-06-20 06:35:08,28.34999
2019-06-20 06:35:56,28.73999
2019-06-20 06:37:53,28.73999
2019-06-20 06:38:36,29.04999
2019-06-20 06:40:33,29.04999
2019-06-20 06:41:22,28.71999
2019-06-20 06:41:43,29.18
2019-06-20 06:42:19,29.10999
2019-06-20 06:45:15,29.10999
2019-06-20 06:45:37,28.28999
2019-06-20 06:45:50,29.27999
2019-06-20 06:46:14,28.63999
2019-06-20 06:46:30,29.78
2019-06-20 06:46:49,28.75999
2019-06-20 06:47:46,28.75999
2019-06-20 06:48:18,29.38999
2019-06-20 06:48:39,28.39999
2019-06-20 06:48:53,29.57
2019-06-20 06:49:17,28.36999
2019-06-20 06:49:31,29.41999
2019-06-20 06:49:45,28.75999
2019-06-20 06:50:46,29.18999
2019-06-20 06:50:59,27.12999
2019-06-20 06:51:08,25.6
2019-06-20 06:51:23,26.96999
2019-06-20 06:51:40,28.99999
2019-06-20 06:52:18,28.39999
2019-06-20 06:52:31,29.40999
2019-06-20 06:52:42,28.36999
2019-06-20 06:53:06,29.57
2019-06-20 06:53:31,28.41999
2019-06-20 06:53:48,28.93999
2019-06-20 06:54:07,28.21
2019-06-20 06:54:25,29.40999
2019-06-20 06:54:48,28.23
2019-06-20 06:55:03,28.49
2019-06-20 06:55:59,28.03999
2019-06-20 06:56:13,28.86
2019-06-20 06:56:34,28.17
2019-06-20 06:56:49,29.23999
2019-06-20 06:57:03,28.73999
2019-06-20 06:59:00,28.73999
2019-06-20 06:59:27,29.32999
2019-06-20 06:59:42,28.70999
2019-06-20 07:00:23,26.69999
2019-06-20 07:00:32,25.25999
2019-06-20 07:00:44,26.69999
2019-06-20 07:01:03,25.7
2019-06-20 07:01:32,26.71999
2019-06-20 07:01:46,25.49999
2019-06-20 07:02:18,26.15999
2019-06-20 07:02:33,24.98
2019-06-20 07:02:53,26.39
2019-06-20 07:03:11,25.12
2019-06-20 07:03:45,25.97
2019-06-20 07:03:58,24.41999
2019-06-20 07:04:16,25.49999
2019-06-20 07:04:46,23.66999
2019-06-20 07:04:59,25.66999
2019-06-20 07:05:17,24.09
2019-06-20 07:05:50,25.23999
2019-06-20 07:06:05,23.80999
2019-06-20 07:06:22,25.39
2019-06-20 07:06:35,26.15999
2019-06-20 07:06:48,28.2
2019-06-20 07:07:40,29.18
2019-06-20 07:07:57,28.54
2019-06-20 07:08:53,28.54
2019-06-20 07:09:07,26.53999
2019-06-20 07:09:16,25.37
2019-06-20 07:09:35,26.3
2019-06-20 07:09:52,25.62
2019-06-20 07:09:55,27.67999
2019-06-20 07:10:02,29.06999
2019-06-20 07:10:14,30.00999
2019-06-20 07:10:38,28.30999
2019-06-20 07:10:57,29.10999
2019-06-20 07:11:25,28.72999
2019-06-20 07:11:50,29.37999
2019-06-20 07:12:05,28.78999
2019-06-20 07:12:54,29.21
2019-06-20 07:13:15,28.71999
2019-06-20 07:14:12,28.71999
2019-06-20 07:14:20,26.67999
2019-06-20 07:14:30,25.43999
2019-06-20 07:14:44,26.71
2019-06-20 07:14:55,25.14999
2019-06-20 07:15:26,26.35999
2019-06-20 07:15:43,25.02999
2019-06-20 07:16:13,26.15999
2019-06-20 07:16:26,24.60999
2019-06-20 07:16:46,25.36
2019-06-20 07:17:10,26.03999
2019-06-20 07:17:20,24.58999
2019-06-20 07:17:40,25.39999
2019-06-20 07:18:05,25.66
2019-06-20 07:18:14,24.94999
2019-06-20 07:18:41,25.62
2019-06-20 07:19:06,24.68
2019-06-20 07:19:29,25.48999
2019-06-20 07:19:59,24.14
2019-06-20 07:20:07,22.14
2019-06-20 07:20:19,24.19999
2019-06-20 07:20:22,26.3
2019-06-20 07:20:30,27.91999
2019-06-20 07:20:37,25.88999
2019-06-20 07:20:47,27.91
2019-06-20 07:21:01,28.55999
2019-06-20 07:21:21,27.96999
2019-06-20 07:22:17,27.96999
2019-06-20 07:22:37,28.3
2019-06-20 07:23:30,28.59999
2019-06-20 07:24:17,27.88
2019-06-20 07:24:19,25.76999
2019-06-20 07:24:22,23.72
2019-06-20 07:24:32,23.02999
2019-06-20 07:24:39,24.66
2019-06-20 07:24:52,23.43999
2019-06-20 07:25:18,24.12999
2019-06-20 07:25:34,23.50999
2019-06-20 07:25:55,24.05
2019-06-20 07:26:11,23.33999
2019-06-20 07:26:31,23.83999
2019-06-20 07:26:41,22.41
2019-06-20 07:26:51,23.75999
2019-06-20 07:27:14,22.95999
2019-06-20 07:28:11,22.95999
2019-06-20 07:28:50,22.25999
2019-06-20 07:29:47,22.25999
2019-06-20 07:30:17,21.97999
2019-06-20 07:30:33,23.09999
2019-06-20 07:30:44,25.15999
2019-06-20 07:30:47,27.27999
2019-06-20 07:30:55,28.66999
2019-06-20 07:31:14,28.38999
2019-06-20 07:31:28,27.41999
2019-06-20 07:31:49,28.33999
2019-06-20 07:31:54,26.27
2019-06-20 07:31:58,24.21999
2019-06-20 07:32:02,26.34
2019-06-20 07:32:09,27.80999
2019-06-20 07:32:27,27.08999
2019-06-20 07:33:12,24.96
2019-06-20 07:33:14,22.87999
2019-06-20 07:33:21,25.02999
2019-06-20 07:33:24,27.05999
2019-06-20 07:33:33,28.28999
2019-06-20 07:33:36,26.19999
2019-06-20 07:33:46,28.22
2019-06-20 07:34:12,28.33999
2019-06-20 07:34:25,27.72999
2019-06-20 07:34:54,27.44999
2019-06-20 07:35:20,27.01999
2019-06-20 07:35:57,26.39
2019-06-20 07:36:14,26.82999
2019-06-20 07:36:59,26.12999
2019-06-20 07:37:36,26.79999
2019-06-20 07:37:49,26.21999
2019-06-20 07:38:27,26.95
2019-06-20 07:39:23,26.95
2019-06-20 07:40:07,27.30999
2019-06-20 07:40:37,26.75999
2019-06-20 07:41:33,26.75999
2019-06-20 07:42:00,27.79999
2019-06-20 07:42:08,26.44999
2019-06-20 07:42:23,27.03999
2019-06-20 07:43:04,27.91999
2019-06-20 07:43:33,27.39999
2019-06-20 07:44:22,26.64999
2019-06-20 07:44:36,27.40999
2019-06-20 07:45:04,27.02999
2019-06-20 07:45:15,28.14999
2019-06-20 07:45:36,26.92
2019-06-20 07:45:53,28.00999
2019-06-20 07:46:15,26.9
2019-06-20 07:46:28,28.14999
2019-06-20 07:46:57,27.37
2019-06-20 07:47:10,28.10999
2019-06-20 07:47:32,27.33999
2019-06-20 07:47:49,28.41999
2019-06-20 07:48:06,27.44999
2019-06-20 07:48:25,28.17
2019-06-20 07:48:48,27.23
2019-06-20 07:49:05,27.91999
2019-06-20 07:51:01,27.91999
2019-06-20 07:51:06,28.27999
2019-06-20 07:51:23,27.59999
2019-06-20 07:51:42,28.21
2019-06-20 07:52:06,27.86
2019-06-20 07:52:26,28.30999
2019-06-20 07:52:40,27.56
2019-06-20 07:52:56,28.52
2019-06-20 07:53:18,27.79999
2019-06-20 07:53:33,28.96
2019-06-20 07:53:52,27.87
2019-06-20 07:54:14,28.41999
2019-06-20 07:54:34,27.59
2019-06-20 07:55:03,28.25
2019-06-20 07:55:44,27.93999
2019-06-20 07:56:01,28.69999
2019-06-20 07:56:16,27.47999
2019-06-20 07:56:30,28.55999
2019-06-20 07:56:53,27.68999
2019-06-20 07:57:16,28.40999
2019-06-20 07:58:05,28.16
2019-06-20 07:59:02,28.16
2019-06-20 07:59:38,27.75999
2019-06-20 07:59:52,28.27
2019-06-20 08:00:12,27.47999
2019-06-20 08:00:22,25.44999
2019-06-20 08:00:31,24.46
2019-06-20 08:00:40,26.32999
2019-06-20 08:00:56,24.80999
2019-06-20 08:01:18,25.66999
2019-06-20 08:03:14,25.66999
2019-06-20 08:03:55,25.19999
2019-06-20 08:04:09,26.03999
2019-06-20 08:04:28,25.12999
2019-06-20 08:04:46,26.16999
2019-06-20 08:05:15,25.39999
2019-06-20 08:05:30,25.97
2019-06-20 08:05:54,25.6
2019-06-20 08:06:12,25.89999
2019-06-20 08:06:32,25.41999
2019-06-20 08:06:43,27.44999
2019-06-20 08:06:52,28.81
2019-06-20 08:07:36,28.38999
2019-06-20 08:07:55,29.21999
2019-06-20 08:08:09,28.35999
2019-06-20 08:08:35,29.18999
2019-06-20 08:08:51,28.27
2019-06-20 08:09:07,26.22999
2019-06-20 08:09:08,24.19999
2019-06-20 08:09:10,22.1
2019-06-20 08:09:35,21.29999
2019-06-20 08:09:49,23.65999
2019-06-20 08:09:51,25.71
2019-06-20 08:09:53,27.85
2019-06-20 08:09:59,29.16
2019-06-20 08:10:16,28.14999
2019-06-20 08:10:34,27.69999
2019-06-20 08:11:15,25.68999
2019-06-20 08:11:21,28.10999
2019-06-20 08:11:29,28.92999
2019-06-20 08:11:39,27.66999
2019-06-20 08:12:28,27.78999
2019-06-20 08:12:40,28.64999
2019-06-20 08:12:43,26.56
2019-06-20 08:12:46,24.54999
2019-06-20 08:12:49,26.79999
2019-06-20 08:12:51,28.84999
2019-06-20 08:13:06,27.54
2019-06-20 08:13:41,27.87
2019-06-20 08:14:13,25.82999
2019-06-20 08:14:22,27.82999
2019-06-20 08:14:31,25.81999
2019-06-20 08:14:53,27.18999
2019-06-20 08:15:11,25.44999
2019-06-20 08:15:23,27.15999
2019-06-20 08:15:48,25.39999
2019-06-20 08:15:59,27.29
2019-06-20 08:16:27,25.74999
2019-06-20 08:16:42,27.08999
2019-06-20 08:17:05,25.7
2019-06-20 08:17:19,27.22
2019-06-20 08:17:46,25.56999
2019-06-20 08:18:01,27.07999
2019-06-20 08:18:26,25.66
2019-06-20 08:18:39,27.27
2019-06-20 08:19:06,25.84999
2019-06-20 08:19:20,27.40999
2019-06-20 08:19:43,25.78999
2019-06-20 08:19:58,27.2
2019-06-20 08:20:22,25.65
2019-06-20 08:20:38,27.16999
2019-06-20 08:20:49,28.92999
2019-06-20 08:21:27,28.18
2019-06-20 08:21:47,28.55
2019-06-20 08:22:07,27.16999
2019-06-20 08:22:16,28.81
2019-06-20 08:22:38,27.10999
2019-06-20 08:22:55,28.43999
2019-06-20 08:23:06,26.42999
2019-06-20 08:23:14,24.84999
2019-06-20 08:23:32,26.81999
2019-06-20 08:23:40,28.03999
2019-06-20 08:24:07,26.37999
2019-06-20 08:24:24,27.96
2019-06-20 08:24:49,26.11999
2019-06-20 08:25:01,28.12999
2019-06-20 08:25:22,27.17999
2019-06-20 08:25:31,25.81999
2019-06-20 08:25:38,27.84
2019-06-20 08:26:06,26.20999
2019-06-20 08:26:17,27.89
2019-06-20 08:26:45,26.19999
2019-06-20 08:26:53,28.01999
2019-06-20 08:27:15,26.00999
2019-06-20 08:27:27,27.71999
2019-06-20 08:27:49,26.69999
2019-06-20 08:28:17,27.88
2019-06-20 08:28:31,26.14999
2019-06-20 08:28:41,28.05999
2019-06-20 08:29:05,26.54999
2019-06-20 08:29:15,28.37999
2019-06-20 08:29:42,26.41999
2019-06-20 08:29:53,28.3
2019-06-20 08:30:21,26.95
2019-06-20 08:30:32,28.59999
2019-06-20 08:30:54,27.27
2019-06-20 08:31:08,28.89999
2019-06-20 08:31:29,26.89
2019-06-20 08:31:44,28.67999
2019-06-20 08:32:09,27.07999
2019-06-20 08:32:21,28.76999
2019-06-20 08:32:52,28.03999
2019-06-20 08:33:06,26.0
2019-06-20 08:33:11,23.97999
2019-06-20 08:33:24,26.07999
2019-06-20 08:33:28,28.08999
2019-06-20 08:33:37,29.29999
2019-06-20 08:34:04,28.18
2019-06-20 08:34:13,29.57
2019-06-20 08:34:34,28.16
2019-06-20 08:34:49,29.35999
2019-06-20 08:35:46,29.35999
2019-06-20 08:36:25,28.5
2019-06-20 08:37:21,28.5
2019-06-20 08:37:47,27.22
2019-06-20 08:37:59,28.25
2019-06-20 08:38:24,27.01999
2019-06-20 08:38:36,28.19
2019-06-20 08:38:56,26.37
2019-06-20 08:39:12,27.62999
2019-06-20 08:39:38,26.19999
2019-06-20 08:39:50,27.81999
2019-06-20 08:40:14,26.41999
2019-06-20 08:40:30,27.85
2019-06-20 08:40:51,26.10999
2019-06-20 08:41:04,27.84
2019-06-20 08:41:15,26.9
2019-06-20 08:41:50,28.10999
2019-06-20 08:42:07,26.54999
2019-06-20 08:42:21,28.16
2019-06-20 08:42:43,26.13999
2019-06-20 08:43:02,27.50999
2019-06-20 08:43:30,26.51999
2019-06-20 08:43:38,28.11999
2019-06-20 08:44:01,26.35999
2019-06-20 08:44:15,28.13999
2019-06-20 08:44:41,26.61
2019-06-20 08:44:55,28.06999
2019-06-20 08:45:52,28.06999
2019-06-20 08:46:13,29.00999
2019-06-20 08:46:33,27.54
2019-06-20 08:46:49,28.78999
2019-06-20 08:47:13,27.44999
2019-06-20 08:47:25,28.84
2019-06-20 08:47:51,27.18999
2019-06-20 08:48:02,28.60999
2019-06-20 08:48:33,27.55
2019-06-20 08:48:41,28.94999
2019-06-20 08:49:02,27.52
2019-06-20 08:49:22,28.81
2019-06-20 08:49:45,27.41999
2019-06-20 08:49:57,28.96999
2019-06-20 08:50:21,27.50999
2019-06-20 08:50:38,28.91999
2019-06-20 08:51:00,27.48999
2019-06-20 08:51:13,28.96999
2019-06-20 08:52:10,28.96999
2019-06-20 08:52:52,27.53
2019-06-20 08:53:13,28.68999
2019-06-20 08:53:34,27.29
2019-06-20 08:53:46,28.65999
2019-06-20 08:54:31,29.76
2019-06-20 08:54:48,28.23
2019-06-20 08:55:03,29.67999
2019-06-20 08:55:30,28.55999
2019-06-20 08:55:45,29.59999
2019-06-20 08:56:11,28.43999
2019-06-20 08:56:23,29.78
2019-06-20 08:56:45,28.40999
2019-06-20 08:57:02,29.57999
2019-06-20 08:57:27,28.33999
2019-06-20 08:57:39,29.87999
2019-06-20 08:57:59,28.77999
2019-06-20 08:58:28,29.41999
2019-06-20 08:58:45,28.40999
2019-06-20 08:58:59,29.59999
2019-06-20 08:59:11,27.59999
2019-06-20 08:59:40,28.30999
2019-06-20 08:59:53,29.47
2019-06-20 09:00:19,28.14999
2019-06-20 09:00:34,29.34999
2019-06-20 09:00:59,27.98
2019-06-20 09:01:12,29.15
2019-06-20 09:01:41,28.10999
2019-06-20 09:01:51,28.99999
2019-06-20 09:02:48,28.99999
2019-06-20 09:02:53,27.67999
2019-06-20 09:03:05,29.00999
2019-06-20 09:03:28,27.81999
2019-06-20 09:03:44,28.78999
2019-06-20 09:04:08,27.62999
2019-06-20 09:04:19,29.05999
2019-06-20 09:04:43,27.45999
2019-06-20 09:04:54,29.28999
2019-06-20 09:05:16,28.06999
2019-06-20 09:05:38,29.10999
2019-06-20 09:05:57,27.38999
2019-06-20 09:06:13,28.55
2019-06-20 09:06:36,26.93999
2019-06-20 09:06:49,28.3
2019-06-20 09:07:13,26.63
2019-06-20 09:07:27,27.93999
2019-06-20 09:07:50,26.17999
2019-06-20 09:08:02,27.9
2019-06-20 09:08:24,26.05
2019-06-20 09:08:42,27.44999
2019-06-20 09:09:00,25.71
2019-06-20 09:09:21,27.08999
2019-06-20 09:09:38,25.48999
2019-06-20 09:10:07,26.37
2019-06-20 09:10:18,24.49999
2019-06-20 09:10:32,26.32999
2019-06-20 09:10:54,24.49999
2019-06-20 09:11:07,26.50999
2019-06-20 09:11:33,24.53999
2019-06-20 09:11:46,26.49999
2019-06-20 09:12:10,24.78999
2019-06-20 09:12:25,26.18999
2019-06-20 09:12:48,24.30999
2019-06-20 09:13:03,25.89999
2019-06-20 09:13:30,24.43
2019-06-20 09:13:40,26.3
2019-06-20 09:14:04,24.60999
2019-06-20 09:14:18,26.45999
2019-06-20 09:14:49,25.61
2019-06-20 09:14:58,26.98
2019-06-20 09:15:21,25.51999
2019-06-20 09:15:34,27.27999
2019-06-20 09:16:02,26.25
2019-06-20 09:16:16,27.65999
2019-06-20 09:16:42,26.37999
2019-06-20 09:16:52,27.81999
2019-06-20 09:17:35,29.21999
2019-06-20 09:17:54,28.27
2019-06-20 09:18:17,28.96
2019-06-20 09:19:14,28.96
2019-06-20 09:19:35,29.82
2019-06-20 09:19:49,28.54
2019-06-20 09:20:04,29.94999
2019-06-20 09:20:53,29.15
2019-06-20 09:21:25,30.29999
2019-06-20 09:21:42,29.34999
2019-06-20 09:22:01,30.28999
2019-06-20 09:22:24,28.98999
2019-06-20 09:22:38,30.16
2019-06-20 09:23:35,30.16
2019-06-20 09:23:39,29.10999
2019-06-20 09:24:00,30.14
2019-06-20 09:24:12,28.12999
2019-06-20 09:24:19,26.31
2019-06-20 09:24:30,28.31999
2019-06-20 09:24:36,29.87
2019-06-20 09:24:52,28.8
2019-06-20 09:25:18,26.77999
2019-06-20 09:25:29,28.8
2019-06-20 09:25:36,29.81
2019-06-20 09:25:45,27.87
2019-06-20 09:25:53,29.23999
2019-06-20 09:26:50,29.23999
2019-06-20 09:27:20,29.90999
2019-06-20 09:27:33,28.8
2019-06-20 09:27:49,30.01999
2019-06-20 09:28:09,28.67999
2019-06-20 09:28:30,29.76
2019-06-20 09:28:52,28.3
2019-06-20 09:29:05,29.86
2019-06-20 09:29:28,28.37999
2019-06-20 09:29:45,30.08
2019-06-20 09:30:03,28.76999
2019-06-20 09:30:36,29.46
2019-06-20 09:30:47,27.91
2019-06-20 09:30:59,29.36999
2019-06-20 09:31:25,27.91999
2019-06-20 09:31:39,29.28999
2019-06-20 09:32:01,27.82999
2019-06-20 09:32:18,29.16999
2019-06-20 09:32:40,27.64
2019-06-20 09:32:54,29.05999
2019-06-20 09:33:19,27.56
2019-06-20 09:33:33,29.21
2019-06-20 09:33:53,27.70999
2019-06-20 09:34:14,29.01999
2019-06-20 09:34:33,27.24
2019-06-20 09:34:49,28.77999
2019-06-20 09:35:12,27.02999
2019-06-20 09:35:26,28.64999
2019-06-20 09:35:50,26.98
2019-06-20 09:36:04,28.70999
2019-06-20 09:36:20,26.59
2019-06-20 09:36:35,28.60999
2019-06-20 09:37:07,27.01999
2019-06-20 09:37:20,28.68999
2019-06-20 09:37:43,26.67999
2019-06-20 09:37:58,28.48
2019-06-20 09:38:31,26.89
2019-06-20 09:38:39,28.62
2019-06-20 09:39:07,27.12999
2019-06-20 09:39:18,28.76999
2019-06-20 09:39:42,27.49999
2019-06-20 09:39:59,28.5
2019-06-20 09:40:20,26.44999
2019-06-20 09:40:29,25.04
2019-06-20 09:40:47,26.72999
2019-06-20 09:41:05,25.7
2019-06-20 09:41:18,27.03999
2019-06-20 09:41:32,25.87999
2019-06-20 09:41:53,27.12999
2019-06-20 09:42:07,26.00999
2019-06-20 09:42:29,27.32
2019-06-20 09:42:50,25.87999
2019-06-20 09:43:03,27.69999
2019-06-20 09:43:19,26.19999
2019-06-20 09:43:43,27.59999
2019-06-20 09:44:04,26.63
2019-06-20 09:44:14,27.98999
2019-06-20 09:44:33,26.85999
2019-06-20 09:45:01,27.67999
2019-06-20 09:45:20,26.96
2019-06-20 09:45:34,27.84
2019-06-20 09:45:56,26.98
2019-06-20 09:46:09,28.09999
2019-06-20 09:46:26,26.83999
2019-06-20 09:46:42,28.40999
2019-06-20 09:46:52,29.38999
2019-06-20 09:47:49,29.38999
2019-06-20 09:48:10,27.34999
2019-06-20 09:48:18,26.10999
2019-06-20 09:48:56,25.19999
2019-06-20 09:49:12,25.79999
2019-06-20 09:49:47,25.66999
2019-06-20 09:50:44,25.66999
2019-06-20 09:51:15,26.10999
2019-06-20 09:51:42,25.95
2019-06-20 09:52:09,25.75999
2019-06-20 09:53:06,25.75999
2019-06-20 09:53:24,25.41999
2019-06-20 09:53:59,25.71
2019-06-20 09:54:37,25.87999
2019-06-20 09:56:33,25.87999
2019-06-20 09:56:53,25.25999
2019-06-20 09:57:15,25.45999
2019-06-20 09:57:44,26.39
2019-06-20 09:58:09,25.66999
2019-06-20 10:00:06,25.66999
2019-06-20 10:00:32,25.31
2019-06-20 10:01:29,25.31
2019-06-20 10:01:54,25.42999
2019-06-20 10:02:51,25.42999
2019-06-20 10:02:54,25.19999
2019-06-20 10:03:11,27.2
2019-06-20 10:03:13,29.23
2019-06-20 10:03:54,28.44999
2019-06-20 10:04:18,29.73999
2019-06-20 10:06:15,29.73999
2019-06-20 10:06:34,30.16
2019-06-20 10:06:45,29.08999
2019-06-20 10:06:57,30.24999
2019-06-20 10:07:21,29.28999
2019-06-20 10:07:38,29.89
2019-06-20 10:08:31,28.99999
2019-06-20 10:08:43,30.36999
2019-06-20 10:09:06,29.07999
2019-06-20 10:09:23,30.1
2019-06-20 10:09:43,28.88
2019-06-20 10:09:56,30.16
2019-06-20 10:10:16,28.82
2019-06-20 10:10:31,30.02999
2019-06-20 10:10:57,28.93999
2019-06-20 10:11:08,29.89999
2019-06-20 10:11:37,29.55
2019-06-20 10:11:52,30.13
2019-06-20 10:12:08,29.15
2019-06-20 10:12:21,30.41
2019-06-20 10:12:38,29.01999
2019-06-20 10:12:56,30.04999
2019-06-20 10:13:17,29.02999
2019-06-20 10:13:31,29.98999
2019-06-20 10:14:27,29.98999
2019-06-20 10:14:31,28.93999
2019-06-20 10:14:41,30.4
2019-06-20 10:15:07,29.25999
2019-06-20 10:15:20,30.18
2019-06-20 10:15:45,29.24999
2019-06-20 10:15:55,30.37999
2019-06-20 10:16:17,29.32999
2019-06-20 10:16:33,30.16999
2019-06-20 10:16:56,29.21
2019-06-20 10:17:10,30.18
2019-06-20 10:17:35,29.48
2019-06-20 10:17:47,30.30999
2019-06-20 10:18:06,28.27999
2019-06-20 10:18:11,26.26
2019-06-20 10:18:22,28.27999
2019-06-20 10:18:26,30.28999
2019-06-20 10:18:48,28.89999
2019-06-20 10:19:41,30.45
2019-06-20 10:19:42,28.39999
2019-06-20 10:19:46,26.35999
2019-06-20 10:19:56,25.43999
2019-06-20 10:20:40,27.10999
2019-06-20 10:20:56,28.89999
2019-06-20 10:21:14,28.38999
2019-06-20 10:21:59,29.40999
2019-06-20 10:22:04,27.35999
2019-06-20 10:22:12,29.38999
2019-06-20 10:22:29,28.59
2019-06-20 10:23:27,26.59
2019-06-20 10:23:33,28.62999
2019-06-20 10:24:29,28.62999
2019-06-20 10:24:49,26.53999
2019-06-20 10:24:57,28.55999
2019-06-20 10:25:31,28.25999
2019-06-20 10:25:49,27.71999
2019-06-20 10:26:03,29.03999
2019-06-20 10:26:12,27.00999
2019-06-20 10:26:19,29.02999
2019-06-20 10:26:54,28.55
2019-06-20 10:27:37,26.52999
2019-06-20 10:27:43,28.57999
2019-06-20 10:28:39,28.57999
2019-06-20 10:29:01,26.68999
2019-06-20 10:29:08,28.71999
2019-06-20 10:30:05,28.71999
2019-06-20 10:30:12,29.40999
2019-06-20 10:31:10,28.75999
2019-06-20 10:31:23,29.57999
2019-06-20 10:31:41,28.89
2019-06-20 10:31:59,29.32999
2019-06-20 10:32:56,29.32999
2019-06-20 10:33:26,29.03999
2019-06-20 10:34:15,29.53999
2019-06-20 10:35:12,29.10999
2019-06-20 10:35:38,29.55999
2019-06-20 10:36:25,28.97999
2019-06-20 10:36:54,29.2
2019-06-20 10:37:50,29.2
2019-06-20 10:37:58,29.50999
2019-06-20 10:39:54,29.50999
2019-06-20 10:40:52,29.93999
2019-06-20 10:41:37,29.65999
2019-06-20 10:42:27,29.90999
2019-06-20 10:43:12,30.36999
2019-06-20 10:43:35,29.87
2019-06-20 10:44:31,29.87
2019-06-20 10:45:05,30.16999
2019-06-20 10:46:02,30.16999
2019-06-20 10:46:22,29.87
2019-06-20 10:48:20,29.87
2019-06-20 10:48:32,30.25999
2019-06-20 10:48:53,29.57
2019-06-20 10:49:12,30.28999
2019-06-20 10:49:28,29.45
2019-06-20 10:49:45,30.14
2019-06-20 10:50:20,29.70999
2019-06-20 10:50:59,30.25999
2019-06-20 10:51:12,29.49
2019-06-20 10:51:35,30.09
2019-06-20 10:52:17,29.41999
2019-06-20 10:52:49,29.79
2019-06-20 10:53:47,29.79
2019-06-20 10:53:51,29.65999
2019-06-20 10:54:48,29.65999
2019-06-20 10:55:00,30.24999
2019-06-20 10:55:22,29.60999
2019-06-20 10:55:36,30.43999
2019-06-20 10:55:55,29.94999
2019-06-20 10:56:48,30.51999
2019-06-20 10:57:12,30.19999
2019-06-20 10:58:09,30.19999
2019-06-20 10:58:28,30.63999
2019-06-20 10:58:53,30.25999
2019-06-20 10:59:32,30.48999
2019-06-20 11:00:22,28.41999
2019-06-20 11:00:31,27.25
2019-06-20 11:01:18,27.98999
2019-06-20 11:01:41,26.68999
2019-06-20 11:01:59,27.9
2019-06-20 11:02:21,26.77999
2019-06-20 11:02:53,27.34999
2019-06-20 11:03:08,26.66
2019-06-20 11:04:05,26.66
2019-06-20 11:04:12,26.93999
2019-06-20 11:05:00,26.08999
2019-06-20 11:05:22,27.16999
2019-06-20 11:05:47,26.05999
2019-06-20 11:05:58,27.03999
2019-06-20 11:06:44,29.13
2019-06-20 11:06:54,30.16
2019-06-20 11:07:14,29.12
2019-06-20 11:07:27,29.96999
2019-06-20 11:08:00,30.55999
2019-06-20 11:08:23,29.13
2019-06-20 11:08:28,27.11999
2019-06-20 11:08:40,29.18999
2019-06-20 11:08:46,30.84999
2019-06-20 11:09:03,29.74999
2019-06-20 11:09:20,27.59
2019-06-20 11:09:29,29.65999
2019-06-20 11:09:35,31.56999
2019-06-20 11:09:48,31.23999
2019-06-20 11:10:18,30.55
2019-06-20 11:10:34,31.09999
2019-06-20 11:11:20,30.31999
2019-06-20 11:11:34,30.97999
2019-06-20 11:12:31,30.97999
2019-06-20 11:12:46,31.55999
2019-06-20 11:13:10,31.26999
2019-06-20 11:14:02,31.82999
2019-06-20 11:14:16,30.79
2019-06-20 11:14:28,31.72
2019-06-20 11:14:50,30.80999
2019-06-20 11:15:02,31.75999
2019-06-20 11:15:54,30.97999
2019-06-20 11:16:11,31.86999
2019-06-20 11:16:36,30.90999
2019-06-20 11:16:46,31.98999
2019-06-20 11:17:12,31.33999
2019-06-20 11:17:24,32.00999
2019-06-20 11:17:44,30.96999
2019-06-20 11:17:56,32.22999
2019-06-20 11:18:19,31.21999
2019-06-20 11:18:31,32.12
2019-06-20 11:18:56,31.05
2019-06-20 11:19:06,32.25999
2019-06-20 11:19:32,31.20999
2019-06-20 11:19:43,32.19999
2019-06-20 11:20:08,31.16
2019-06-20 11:20:20,32.25999
2019-06-20 11:20:45,31.49999
2019-06-20 11:20:57,32.47999
2019-06-20 11:21:17,31.33999
2019-06-20 11:21:30,32.51999
2019-06-20 11:21:55,31.30999
2019-06-20 11:22:06,32.63999
2019-06-20 11:22:28,31.39
2019-06-20 11:22:43,32.32999
2019-06-20 11:23:09,31.14
2019-06-20 11:24:07,32.24999
2019-06-20 11:24:32,31.12999
2019-06-20 11:24:46,32.10999
2019-06-20 11:25:11,31.30999
2019-06-20 11:25:23,32.06999
2019-06-20 11:25:47,31.06
2019-06-20 11:25:58,32.31999
2019-06-20 11:26:18,31.14
2019-06-20 11:26:23,29.08999
2019-06-20 11:26:36,28.44999
2019-06-20 11:26:45,29.91999
2019-06-20 11:27:07,28.48
2019-06-20 11:27:23,30.22999
2019-06-20 11:27:42,28.37999
2019-06-20 11:27:58,30.09
2019-06-20 11:28:25,28.55
2019-06-20 11:28:39,30.13
2019-06-20 11:29:01,28.63999
2019-06-20 11:29:18,29.91999
2019-06-20 11:29:43,28.72999
2019-06-20 11:29:56,29.82999
2019-06-20 11:30:20,28.45999
2019-06-20 11:30:32,30.12
2019-06-20 11:30:56,28.99999
2019-06-20 11:31:18,30.18
2019-06-20 11:31:33,28.62
2019-06-20 11:31:48,30.05999
2019-06-20 11:32:15,28.86
2019-06-20 11:32:30,30.26999
2019-06-20 11:32:50,31.72
2019-06-20 11:34:46,31.72
2019-06-20 11:34:57,32.43999
2019-06-20 11:35:19,31.53999
2019-06-20 11:35:30,32.55999
2019-06-20 11:35:56,32.06999
2019-06-20 11:36:13,32.68999
2019-06-20 11:36:30,31.56999
2019-06-20 11:36:40,32.71999
2019-06-20 11:36:59,30.61999
2019-06-20 11:37:09,29.55999
2019-06-20 11:37:20,31.34999
2019-06-20 11:37:44,32.67
2019-06-20 11:38:17,31.92999
2019-06-20 11:38:33,32.74999
2019-06-20 11:39:01,32.61999
2019-06-20 11:39:58,32.61999
2019-06-20 11:40:06,31.55999
2019-06-20 11:40:20,32.59999
2019-06-20 11:41:17,32.59999
2019-06-20 11:41:21,31.83999
2019-06-20 11:41:35,32.91999
2019-06-20 11:41:58,31.86999
2019-06-20 11:42:13,32.56999
2019-06-20 11:42:36,31.60999
2019-06-20 11:42:47,32.62999
2019-06-20 11:43:14,31.77999
2019-06-20 11:43:25,32.67999
2019-06-20 11:43:47,31.59999
2019-06-20 11:44:02,32.50999
2019-06-20 11:44:27,31.64999
2019-06-20 11:44:38,32.70999
2019-06-20 11:45:00,31.77
2019-06-20 11:45:17,32.58999
2019-06-20 11:45:41,31.56999
2019-06-20 11:45:51,32.78999
2019-06-20 11:46:14,31.69
2019-06-20 11:46:27,32.80999
2019-06-20 11:46:50,31.43999
2019-06-20 11:47:04,32.58999
2019-06-20 11:47:30,31.43
2019-06-20 11:47:41,32.53999
2019-06-20 11:48:04,31.46
2019-06-20 11:48:22,32.39999
2019-06-20 11:48:40,31.05
2019-06-20 11:48:53,32.27999
2019-06-20 11:49:20,31.29999
2019-06-20 11:49:31,32.38999
2019-06-20 11:49:54,31.28999
2019-06-20 11:50:09,32.29999
2019-06-20 11:50:33,31.39
2019-06-20 11:50:45,32.39999
2019-06-20 11:51:15,32.22999
2019-06-20 11:52:12,32.22999
2019-06-20 11:52:21,30.14
2019-06-20 11:52:24,28.12999
2019-06-20 11:52:46,27.62999
2019-06-20 11:53:39,26.93999
2019-06-20 11:54:35,26.93999
2019-06-20 11:55:29,26.35999
2019-06-20 11:56:10,26.91
2019-06-20 11:56:33,26.34
2019-06-20 11:58:30,26.34
2019-06-20 11:58:43,28.37999
2019-06-20 11:58:45,30.51999
2019-06-20 11:58:55,31.39
2019-06-20 11:59:23,30.77
2019-06-20 12:00:02,31.48
2019-06-20 12:00:19,29.44
2019-06-20 12:00:24,27.43999
2019-06-20 12:00:42,29.41999
2019-06-20 12:01:07,28.25999
2019-06-20 12:01:18,29.76
2019-06-20 12:01:35,28.31999
2019-06-20 12:01:51,29.87
2019-06-20 12:02:10,28.49
2019-06-20 12:02:25,29.58999
2019-06-20 12:02:47,28.23
2019-06-20 12:02:58,30.00999
2019-06-20 12:03:18,28.30999
2019-06-20 12:03:35,29.58999
2019-06-20 12:03:58,28.16
2019-06-20 12:04:11,29.59999
2019-06-20 12:04:36,28.34999
2019-06-20 12:04:48,29.72999
2019-06-20 12:05:10,28.36999
2019-06-20 12:05:25,29.71999
2019-06-20 12:05:52,28.42999
2019-06-20 12:06:04,29.52999
2019-06-20 12:06:29,28.33999
2019-06-20 12:06:41,30.25999
2019-06-20 12:06:50,31.57999
2019-06-20 12:07:46,31.57999
2019-06-20 12:08:22,29.52
2019-06-20 12:08:30,28.18
2019-06-20 12:08:41,30.18
2019-06-20 12:09:03,29.02999
2019-06-20 12:09:15,30.22999
2019-06-20 12:09:32,28.91
2019-06-20 12:09:46,29.99999
2019-06-20 12:10:07,29.07999
2019-06-20 12:10:22,30.42
2019-06-20 12:10:36,28.76999
2019-06-20 12:10:50,30.26999
2019-06-20 12:11:09,28.71999
2019-06-20 12:11:26,30.28999
2019-06-20 12:11:45,29.01999
2019-06-20 12:12:04,30.09
2019-06-20 12:12:22,28.76999
2019-06-20 12:12:36,30.22999
2019-06-20 12:12:55,28.72999
2019-06-20 12:13:12,30.21999
2019-06-20 12:13:32,28.2
2019-06-20 12:13:46,30.19999
2019-06-20 12:14:04,28.11999
2019-06-20 12:14:25,29.97999
2019-06-20 12:15:01,31.25999
2019-06-20 12:15:57,31.78999
2019-06-20 12:16:10,30.88999
2019-06-20 12:16:22,31.92999
2019-06-20 12:16:47,30.93999
2019-06-20 12:16:59,31.59999
2019-06-20 12:17:37,29.60999
2019-06-20 12:17:40,27.48999
2019-06-20 12:17:53,29.67999
2019-06-20 12:17:56,31.73
2019-06-20 12:18:14,30.16
2019-06-20 12:18:38,29.87999
2019-06-20 12:18:59,31.25999
2019-06-20 12:19:03,29.18
2019-06-20 12:19:06,27.13999
2019-06-20 12:19:14,29.21
2019-06-20 12:19:24,30.45
2019-06-20 12:19:31,28.59999
2019-06-20 12:19:46,30.05999
2019-06-20 12:20:02,31.84999
2019-06-20 12:20:33,30.59999
2019-06-20 12:20:51,31.78999
2019-06-20 12:21:11,30.63999
2019-06-20 12:21:28,31.73999
2019-06-20 12:21:50,30.26999
2019-06-20 12:22:03,31.77
2019-06-20 12:22:20,29.64999
2019-06-20 12:22:23,27.57999
2019-06-20 12:22:48,29.2
2019-06-20 12:23:00,27.75999
2019-06-20 12:23:20,29.25999
2019-06-20 12:23:35,27.91999
2019-06-20 12:23:58,29.21999
2019-06-20 12:24:12,27.78999
2019-06-20 12:24:31,29.09999
2019-06-20 12:24:48,27.59999
2019-06-20 12:25:07,29.12
2019-06-20 12:25:24,27.57
2019-06-20 12:25:44,28.71999
2019-06-20 12:26:03,27.50999
2019-06-20 12:26:22,28.88
2019-06-20 12:26:38,27.69999
2019-06-20 12:27:01,28.63999
2019-06-20 12:27:18,27.76999
2019-06-20 12:27:38,29.04999
2019-06-20 12:27:50,27.84
2019-06-20 12:28:13,28.72999
2019-06-20 12:28:33,27.98999
2019-06-20 12:28:44,30.06999
2019-06-20 12:28:50,31.73
2019-06-20 12:29:37,31.55999
2019-06-20 12:31:33,31.55999
2019-06-20 12:31:50,32.10999
2019-06-20 12:32:03,31.07
2019-06-20 12:32:16,31.83999
2019-06-20 12:32:22,29.78
2019-06-20 12:32:28,27.70999
2019-06-20 12:32:46,29.74999
2019-06-20 12:33:13,28.2
2019-06-20 12:33:26,30.16
2019-06-20 12:33:46,28.46999
2019-06-20 12:34:05,30.34999
2019-06-20 12:34:23,28.5
2019-06-20 12:34:42,30.04999
2019-06-20 12:35:01,28.23999
2019-06-20 12:35:22,29.87999
2019-06-20 12:35:41,28.08999
2019-06-20 12:35:55,29.84999
2019-06-20 12:36:15,27.91
2019-06-20 12:36:31,29.94999
2019-06-20 12:36:55,28.17
2019-06-20 12:37:14,26.52999
2019-06-20 12:37:44,28.55
2019-06-20 12:37:56,29.34999
2019-06-20 12:38:15,27.88
2019-06-20 12:38:29,29.32999
2019-06-20 12:38:47,31.22999
2019-06-20 12:39:43,31.22999
2019-06-20 12:39:48,31.62999
2019-06-20 12:40:02,30.37999
2019-06-20 12:40:13,31.57999
2019-06-20 12:40:43,30.82999
2019-06-20 12:40:53,31.50999
2019-06-20 12:41:50,31.50999
2019-06-20 12:41:58,31.43999
2019-06-20 12:42:55,31.43999
2019-06-20 12:43:29,32.26999
2019-06-20 12:43:40,30.67999
2019-06-20 12:43:56,31.77
2019-06-20 12:44:21,30.55999
2019-06-20 12:44:31,32.00999
2019-06-20 12:44:55,30.69999
2019-06-20 12:45:08,31.98999
2019-06-20 12:45:33,30.87999
2019-06-20 12:45:45,32.22999
2019-06-20 12:46:06,30.84999
2019-06-20 12:46:24,32.02
2019-06-20 12:46:44,30.65999
2019-06-20 12:46:59,31.94999
2019-06-20 12:47:24,30.77
2019-06-20 12:47:39,31.98999
2019-06-20 12:48:01,30.92999
2019-06-20 12:48:19,31.93999
2019-06-20 12:48:39,30.46
2019-06-20 12:48:50,32.03999
2019-06-20 12:49:17,30.68999
2019-06-20 12:49:28,32.06999
2019-06-20 12:49:57,30.96999
2019-06-20 12:50:08,32.09999
2019-06-20 12:50:36,31.01999
2019-06-20 12:50:46,32.14999
2019-06-20 12:51:14,31.34999
2019-06-20 12:51:26,32.12
2019-06-20 12:51:52,31.7
2019-06-20 12:52:07,32.35999
2019-06-20 12:52:25,31.11
2019-06-20 12:52:36,32.51999
2019-06-20 12:52:59,31.21999
2019-06-20 12:53:15,32.24999
2019-06-20 12:53:39,30.61999
2019-06-20 12:53:50,32.35
2019-06-20 12:54:15,30.90999
2019-06-20 12:54:26,28.88
2019-06-20 12:54:39,28.25
2019-06-20 12:54:49,30.14
2019-06-20 12:55:14,28.54
2019-06-20 12:55:32,29.8
2019-06-20 12:56:00,28.51
2019-06-20 12:56:11,30.00999
2019-06-20 12:56:39,28.55
2019-06-20 12:56:51,29.93999
2019-06-20 12:57:17,28.59
2019-06-20 12:57:30,30.30999
2019-06-20 12:57:53,28.55
2019-06-20 12:58:07,30.29999
2019-06-20 12:58:21,28.17
2019-06-20 12:58:28,26.15999
2019-06-20 12:58:38,25.71999
2019-06-20 12:58:47,26.89
2019-06-20 12:59:24,26.68999
2019-06-20 12:59:56,26.05999
2019-06-20 13:00:52,27.64999
2019-06-20 13:01:16,26.64999
2019-06-20 13:01:44,27.68999
2019-06-20 13:01:54,26.37
2019-06-20 13:02:16,27.42999
2019-06-20 13:02:35,26.46999
2019-06-20 13:03:00,27.64
2019-06-20 13:03:13,26.12999
2019-06-20 13:03:36,26.98
2019-06-20 13:04:10,26.48999
2019-06-20 13:04:26,27.59999
2019-06-20 13:04:37,26.26
2019-06-20 13:04:42,28.59999
2019-06-20 13:04:45,30.61999
2019-06-20 13:04:54,31.60999
2019-06-20 13:05:07,29.53999
2019-06-20 13:05:08,27.02999
2019-06-20 13:05:10,25.0
2019-06-20 13:05:32,25.25999
2019-06-20 13:05:38,23.60999
2019-06-20 13:05:47,25.62
2019-06-20 13:05:50,28.06999
2019-06-20 13:05:53,30.21999
2019-06-20 13:05:59,31.34999
2019-06-20 13:06:14,29.84999
2019-06-20 13:06:53,30.12
2019-06-20 13:07:19,28.11999
2019-06-20 13:07:24,30.13
2019-06-20 13:07:31,31.30999
2019-06-20 13:07:44,30.02999
2019-06-20 13:08:27,30.94999
2019-06-20 13:08:29,28.86
2019-06-20 13:08:32,26.82999
2019-06-20 13:08:40,28.84999
2019-06-20 13:08:42,30.93999
2019-06-20 13:08:49,32.05
2019-06-20 13:08:52,30.04999
2019-06-20 13:08:59,28.52999
2019-06-20 13:09:06,30.41
2019-06-20 13:09:14,28.55999
2019-06-20 13:09:29,30.14999
2019-06-20 13:09:40,28.66999
2019-06-20 13:09:59,29.99999
2019-06-20 13:10:13,28.74999
2019-06-20 13:10:36,30.22999
2019-06-20 13:10:49,28.70999
2019-06-20 13:11:12,30.05999
2019-06-20 13:11:27,28.64999
2019-06-20 13:11:51,29.87999
2019-06-20 13:12:05,28.45999
2019-06-20 13:12:21,30.1
2019-06-20 13:12:39,28.40999
2019-06-20 13:13:00,29.82999
2019-06-20 13:13:17,28.36999
2019-06-20 13:13:35,29.93999
2019-06-20 13:13:56,28.73999
2019-06-20 13:14:13,29.91999
2019-06-20 13:14:32,28.45999
2019-06-20 13:14:44,30.53999
2019-06-20 13:14:51,31.87999
2019-06-20 13:15:26,30.82999
2019-06-20 13:15:42,31.77
2019-06-20 13:16:06,30.67999
2019-06-20 13:16:20,31.88999
2019-06-20 13:16:44,30.84999
2019-06-20 13:16:53,31.96999
2019-06-20 13:17:19,30.77
2019-06-20 13:17:29,32.09
2019-06-20 13:17:56,30.68999
2019-06-20 13:18:05,31.83999
2019-06-20 13:18:32,30.67999
2019-06-20 13:18:41,32.09999
2019-06-20 13:19:04,30.67999
2019-06-20 13:19:17,32.18999
2019-06-20 13:19:39,30.82999
2019-06-20 13:19:56,32.12999
2019-06-20 13:20:16,30.76
2019-06-20 13:20:29,31.97999
2019-06-20 13:20:54,30.79
2019-06-20 13:21:05,32.06999
2019-06-20 13:21:28,30.36999
2019-06-20 13:21:39,31.98999
2019-06-20 13:22:04,30.88999
2019-06-20 13:22:18,32.29999
2019-06-20 13:22:39,30.85999
2019-06-20 13:22:55,32.06
2019-06-20 13:23:18,30.77999
2019-06-20 13:23:31,32.15999
2019-06-20 13:23:51,30.91999
2019-06-20 13:24:12,31.92999
2019-06-20 13:24:31,30.8
2019-06-20 13:24:42,31.95999
2019-06-20 13:25:07,30.00999
2019-06-20 13:25:22,29.32999
2019-06-20 13:25:35,31.32999
2019-06-20 13:25:52,32.12999
2019-06-20 13:26:10,30.91999
2019-06-20 13:26:29,32.0
2019-06-20 13:26:53,30.87999
2019-06-20 13:27:05,31.80999
2019-06-20 13:28:02,31.80999
2019-06-20 13:28:05,30.55
2019-06-20 13:28:15,31.97999
2019-06-20 13:28:41,30.67999
2019-06-20 13:28:54,31.78999
2019-06-20 13:29:51,31.78999
2019-06-20 13:29:56,31.04
2019-06-20 13:30:12,31.84999
2019-06-20 13:31:08,31.84999
2019-06-20 13:31:31,32.46999
2019-06-20 13:31:47,31.16999
2019-06-20 13:32:02,32.18999
2019-06-20 13:32:20,30.16
2019-06-20 13:32:23,28.16
2019-06-20 13:33:03,27.03999
2019-06-20 13:33:21,28.27999
2019-06-20 13:33:48,27.59
2019-06-20 13:34:34,26.86999
2019-06-20 13:34:47,27.76999
2019-06-20 13:35:03,26.59999
2019-06-20 13:35:28,27.64999
2019-06-20 13:35:40,26.59
2019-06-20 13:36:07,27.37999
2019-06-20 13:36:22,26.25
2019-06-20 13:36:38,27.56
2019-06-20 13:36:56,26.34999
2019-06-20 13:37:13,27.73999
2019-06-20 13:37:29,26.50999
2019-06-20 13:37:51,27.93
2019-06-20 13:38:04,26.54999
2019-06-20 13:38:26,27.49999
2019-06-20 13:38:40,26.50999
2019-06-20 13:38:42,28.63999
2019-06-20 13:38:46,30.69999
2019-06-20 13:39:00,31.19999
2019-06-20 13:39:31,30.84999
2019-06-20 13:40:03,31.41999
2019-06-20 13:40:18,30.38999
2019-06-20 13:40:31,31.38
2019-06-20 13:41:08,30.59999
2019-06-20 13:41:46,31.98999
2019-06-20 13:42:15,30.84
2019-06-20 13:42:31,31.77999
2019-06-20 13:43:28,31.77999
2019-06-20 13:44:22,30.4
2019-06-20 13:44:28,28.74999
2019-06-20 13:44:53,30.18
2019-06-20 13:45:15,28.57
2019-06-20 13:45:26,30.43999
2019-06-20 13:45:57,28.72999
2019-06-20 13:46:10,30.58999
2019-06-20 13:46:33,29.14
2019-06-20 13:46:59,30.26999
2019-06-20 13:47:14,28.78999
2019-06-20 13:47:30,30.1
2019-06-20 13:47:54,28.96999
2019-06-20 13:48:06,30.23999
2019-06-20 13:48:25,28.77999
2019-06-20 13:48:41,30.18
2019-06-20 13:49:04,28.96999
2019-06-20 13:49:17,30.13
2019-06-20 13:49:42,28.94999
2019-06-20 13:49:54,30.37999
2019-06-20 13:50:17,28.96
2019-06-20 13:50:32,30.22999
2019-06-20 13:50:49,31.83999
2019-06-20 13:51:25,31.06
2019-06-20 13:51:39,32.19999
2019-06-20 13:52:00,30.80999
2019-06-20 13:52:14,31.81999
2019-06-20 13:52:40,30.89999
2019-06-20 13:52:50,32.15999
2019-06-20 13:53:10,30.51999
2019-06-20 13:53:44,31.28999
2019-06-20 13:53:54,32.17999
2019-06-20 13:54:22,31.28999
2019-06-20 13:54:33,32.24999
2019-06-20 13:54:58,31.23999
2019-06-20 13:55:09,32.26999
2019-06-20 13:55:31,31.27999
2019-06-20 13:55:45,32.35999
2019-06-20 13:56:07,31.00999
2019-06-20 13:56:19,32.27999
2019-06-20 13:56:42,30.85999
2019-06-20 13:56:52,32.43999
2019-06-20 13:57:17,30.87999
2019-06-20 13:57:30,32.03999
2019-06-20 13:57:57,30.93999
2019-06-20 13:58:06,32.26999
2019-06-20 13:58:21,30.21999
2019-06-20 13:58:30,28.84999
2019-06-20 13:58:40,30.42
2019-06-20 13:58:55,29.21
2019-06-20 13:59:21,29.90999
2019-06-20 13:59:38,29.02999
2019-06-20 14:00:04,29.84999
2019-06-20 14:00:17,28.65999
2019-06-20 14:00:44,29.65999
2019-06-20 14:01:00,28.73999
2019-06-20 14:01:25,29.91999
2019-06-20 14:01:38,28.55999
2019-06-20 14:02:08,29.82
2019-06-20 14:02:20,28.55999
2019-06-20 14:02:53,29.31999
2019-06-20 14:03:04,27.99999
2019-06-20 14:03:14,26.75999
2019-06-20 14:03:37,27.65999
2019-06-20 14:03:49,29.55
2019-06-20 14:04:09,28.28999
2019-06-20 14:04:32,29.42999
2019-06-20 14:04:49,31.45
2019-06-20 14:05:26,30.12
2019-06-20 14:05:37,31.69
2019-06-20 14:05:58,30.4
2019-06-20 14:06:16,31.55999
2019-06-20 14:06:40,30.48999
2019-06-20 14:06:51,31.54999
2019-06-20 14:07:15,30.24999
2019-06-20 14:07:25,31.59999
2019-06-20 14:07:52,30.43999
2019-06-20 14:08:00,31.8
2019-06-20 14:08:21,30.19999
2019-06-20 14:08:34,31.71
2019-06-20 14:09:00,30.42
2019-06-20 14:09:10,31.72
2019-06-20 14:09:33,30.5
2019-06-20 14:09:45,31.77
2019-06-20 14:10:10,30.43999
2019-06-20 14:10:21,31.51999
2019-06-20 14:10:44,30.34999
2019-06-20 14:10:56,31.46
2019-06-20 14:11:22,30.35999
2019-06-20 14:11:31,31.78999
2019-06-20 14:11:54,30.13
2019-06-20 14:12:05,31.73
2019-06-20 14:12:29,30.35999
2019-06-20 14:12:44,31.73999
2019-06-20 14:13:09,30.59999
2019-06-20 14:13:19,31.46999
2019-06-20 14:13:45,30.43
2019-06-20 14:13:55,31.48
2019-06-20 14:14:52,31.48
2019-06-20 14:14:56,30.73
2019-06-20 14:15:06,31.83999
2019-06-20 14:15:27,30.48999
2019-06-20 14:15:40,31.94999
2019-06-20 14:16:02,30.37999
2019-06-20 14:16:18,31.75
2019-06-20 14:16:43,30.41
2019-06-20 14:16:56,31.57999
2019-06-20 14:17:09,29.53999
2019-06-20 14:17:18,28.57999
2019-06-20 14:17:39,30.14999
2019-06-20 14:17:53,31.65999
2019-06-20 14:18:21,30.90999
2019-06-20 14:18:51,31.46999
2019-06-20 14:19:03,30.26999
2019-06-20 14:19:15,31.75999
2019-06-20 14:19:40,30.27999
2019-06-20 14:19:51,32.03999
2019-06-20 14:20:11,30.94999
2019-06-20 14:20:40,31.83999
2019-06-20 14:20:54,30.68999
2019-06-20 14:21:07,31.57999
2019-06-20 14:21:31,30.48999
2019-06-20 14:21:40,31.86999
2019-06-20 14:21:59,30.87
2019-06-20 14:22:54,31.92999
2019-06-20 14:23:12,30.79
2019-06-20 14:24:10,31.53999
2019-06-20 14:24:33,30.11
2019-06-20 14:24:43,31.54999
2019-06-20 14:25:13,30.29999
2019-06-20 14:25:21,31.56999
2019-06-20 14:25:50,30.50999
2019-06-20 14:26:00,31.59999
2019-06-20 14:26:26,30.70999
2019-06-20 14:26:37,32.02
2019-06-20 14:26:57,30.66999
2019-06-20 14:27:13,31.77999
2019-06-20 14:27:40,30.4
2019-06-20 14:27:50,31.91999
2019-06-20 14:28:13,30.48
2019-06-20 14:28:29,31.80999
2019-06-20 14:28:55,30.11
2019-06-20 14:29:06,31.77999
2019-06-20 14:29:36,30.46
2019-06-20 14:29:44,31.92999
2019-06-20 14:30:10,30.59999
2019-06-20 14:30:22,31.8
2019-06-20 14:30:52,30.89999
2019-06-20 14:31:02,31.85999
2019-06-20 14:31:27,30.84999
2019-06-20 14:31:40,32.02
2019-06-20 14:32:02,30.58999
2019-06-20 14:32:14,32.06
2019-06-20 14:32:46,31.19999
2019-06-20 14:32:55,32.13999
2019-06-20 14:33:17,30.88999
2019-06-20 14:33:32,32.14999
2019-06-20 14:33:59,30.84999
2019-06-20 14:34:10,32.27999
2019-06-20 14:34:35,30.8
2019-06-20 14:34:48,32.12
2019-06-20 14:35:16,30.84
2019-06-20 14:35:26,32.12999
2019-06-20 14:35:53,30.90999
2019-06-20 14:36:04,32.34
2019-06-20 14:36:20,30.24999
2019-06-20 14:36:24,28.22
2019-06-20 14:36:34,27.27
2019-06-20 14:36:43,28.66999
2019-06-20 14:36:58,27.39999
2019-06-20 14:37:10,28.13999
2019-06-20 14:39:05,28.13999
2019-06-20 14:39:24,27.34999
2019-06-20 14:39:36,28.75999
2019-06-20 14:39:51,27.52
2019-06-20 14:40:12,28.41999
2019-06-20 14:40:26,27.00999
2019-06-20 14:40:42,28.2
2019-06-20 14:41:00,27.27
2019-06-20 14:41:17,28.38999
2019-06-20 14:41:34,26.61
2019-06-20 14:41:48,28.31999
2019-06-20 14:42:09,26.71
2019-06-20 14:42:22,28.01999
2019-06-20 14:42:44,30.14999
2019-06-20 14:42:51,31.50999
2019-06-20 14:43:25,30.93999
2019-06-20 14:44:24,28.89999
2019-06-20 14:44:35,27.87
2019-06-20 14:44:45,29.52999
2019-06-20 14:45:06,28.51
2019-06-20 14:45:23,29.69999
2019-06-20 14:45:37,28.55999
2019-06-20 14:45:57,29.78
2019-06-20 14:46:13,28.25
2019-06-20 14:46:31,29.55
2019-06-20 14:46:54,28.46999
2019-06-20 14:47:06,29.76
2019-06-20 14:47:31,28.65999
2019-06-20 14:47:46,29.98999
2019-06-20 14:48:07,28.91999
2019-06-20 14:48:21,29.99999
2019-06-20 14:48:42,28.89
2019-06-20 14:48:59,30.16
2019-06-20 14:49:22,28.88
2019-06-20 14:49:35,30.18999
2019-06-20 14:50:00,29.10999
2019-06-20 14:50:15,30.27999
2019-06-20 14:50:35,28.93999
2019-06-20 14:50:44,30.95999
2019-06-20 14:50:54,31.85999
2019-06-20 14:51:36,31.27999
2019-06-20 14:51:52,32.10999
2019-06-20 14:52:11,30.84999
2019-06-20 14:52:24,31.97999
2019-06-20 14:53:20,31.97999
2019-06-20 14:53:24,31.02999
2019-06-20 14:53:38,32.02999
2019-06-20 14:54:03,30.96999
2019-06-20 14:54:13,32.02999
2019-06-20 14:54:21,29.98999
2019-06-20 14:54:29,28.57
2019-06-20 14:54:46,30.29999
2019-06-20 14:55:19,29.18999
2019-06-20 14:55:31,30.58999
2019-06-20 14:55:53,29.40999
2019-06-20 14:56:17,30.52999
2019-06-20 14:56:36,29.42999
2019-06-20 14:56:53,30.53999
2019-06-20 14:57:15,29.2
2019-06-20 14:57:30,30.11
2019-06-20 14:58:25,30.11
2019-06-20 14:58:31,29.39999
2019-06-20 14:58:47,30.75
2019-06-20 14:59:03,28.96999
2019-06-20 14:59:12,27.86
2019-06-20 14:59:24,26.83999
2019-06-20 14:59:34,28.14999
2019-06-20 14:59:43,29.79
2019-06-20 15:00:40,29.79
2019-06-20 15:00:50,31.66999
2019-06-20 15:03:46,31.66999
2019-06-20 15:03:55,30.92999
2019-06-20 15:04:03,32.07999
2019-06-20 15:04:25,30.79
2019-06-20 15:04:39,32.00999
2019-06-20 15:05:04,30.72
2019-06-20 15:05:14,32.02999
2019-06-20 15:05:38,30.82999
2019-06-20 15:05:49,32.21999
2019-06-20 15:06:12,31.05
2019-06-20 15:06:28,32.09999
2019-06-20 15:06:50,30.79
2019-06-20 15:07:01,32.12999
2019-06-20 15:07:22,30.76
2019-06-20 15:07:36,31.92999
2019-06-20 15:07:59,30.60999
2019-06-20 15:08:12,31.87999
2019-06-20 15:08:37,30.64999
2019-06-20 15:08:49,31.95999
2019-06-20 15:09:12,30.53999
2019-06-20 15:09:22,32.02
2019-06-20 15:09:46,30.65999
2019-06-20 15:10:02,31.83999
2019-06-20 15:10:24,30.36999
2019-06-20 15:10:35,32.03999
2019-06-20 15:10:57,30.85999
2019-06-20 15:11:21,31.63999
2019-06-20 15:11:39,30.74
2019-06-20 15:11:52,31.75
2019-06-20 15:12:16,30.46
2019-06-20 15:12:28,31.73999
2019-06-20 15:12:52,30.53999
2019-06-20 15:13:05,31.77
2019-06-20 15:13:29,30.55999
2019-06-20 15:13:41,31.81999
2019-06-20 15:14:06,30.59999
2019-06-20 15:14:18,31.92999
2019-06-20 15:14:41,30.52999
2019-06-20 15:14:54,31.85999
2019-06-20 15:15:20,30.66999
2019-06-20 15:15:34,31.81999
2019-06-20 15:15:57,30.64999
2019-06-20 15:16:12,31.90999
2019-06-20 15:16:31,30.46
2019-06-20 15:16:47,31.82999
2019-06-20 15:17:11,30.65999
2019-06-20 15:17:25,31.57999
2019-06-20 15:18:22,31.57999
2019-06-20 15:18:27,30.8
2019-06-20 15:18:40,32.00999
2019-06-20 15:19:02,30.97999
2019-06-20 15:19:19,31.86999
2019-06-20 15:19:41,30.70999
2019-06-20 15:19:56,31.71
2019-06-20 15:20:23,30.85999
2019-06-20 15:20:33,31.77999
2019-06-20 15:20:59,30.68999
2019-06-20 15:21:09,31.43999
2019-06-20 15:21:18,29.73999
2019-06-20 15:21:34,31.04
2019-06-20 15:21:49,30.00999
2019-06-20 15:21:55,31.97999
2019-06-20 15:22:29,30.89999
2019-06-20 15:22:48,31.93999
2019-06-20 15:23:13,31.07
2019-06-20 15:23:26,32.12999
2019-06-20 15:23:45,30.73
2019-06-20 15:24:00,31.95999
2019-06-20 15:24:26,30.67999
2019-06-20 15:24:36,32.20999
2019-06-20 15:24:59,30.66999
2019-06-20 15:25:16,32.16999
2019-06-20 15:25:37,30.70999
2019-06-20 15:25:51,31.84999
2019-06-20 15:26:24,31.16
2019-06-20 15:26:34,31.97999
2019-06-20 15:26:53,30.74
2019-06-20 15:27:09,32.00999
2019-06-20 15:27:29,30.5
2019-06-20 15:27:45,31.92999
2019-06-20 15:28:09,30.36999
2019-06-20 15:28:22,31.93999
2019-06-20 15:28:43,30.69999
2019-06-20 15:29:07,31.46999
2019-06-20 15:29:27,30.18999
2019-06-20 15:29:38,31.7
2019-06-20 15:30:02,30.34999
2019-06-20 15:30:16,31.63999
2019-06-20 15:30:44,30.29999
2019-06-20 15:30:53,31.92999
2019-06-20 15:31:16,30.55
2019-06-20 15:31:30,32.10999
2019-06-20 15:31:52,30.80999
2019-06-20 15:32:16,31.85999
2019-06-20 15:32:33,30.48
2019-06-20 15:32:47,31.88999
2019-06-20 15:33:15,30.84999
2019-06-20 15:33:27,32.0
2019-06-20 15:33:51,31.00999
2019-06-20 15:34:06,32.06999
2019-06-20 15:34:27,30.72
2019-06-20 15:34:44,31.92999
2019-06-20 15:35:07,30.77999
2019-06-20 15:35:23,31.72
2019-06-20 15:37:19,31.72
2019-06-20 15:37:36,31.88999
2019-06-20 15:37:50,31.60999
2019-06-20 15:38:46,31.60999
2019-06-20 15:38:50,32.25999
2019-06-20 15:39:00,30.73
2019-06-20 15:39:13,32.0
2019-06-20 15:39:44,30.96999
2019-06-20 15:39:54,31.69
2019-06-20 15:40:47,32.28999
2019-06-20 15:40:57,31.21999
2019-06-20 15:41:14,32.29999
2019-06-20 15:41:37,31.12
2019-06-20 15:41:52,32.44999
2019-06-20 15:42:13,31.14999
2019-06-20 15:42:31,32.37
2019-06-20 15:42:52,31.02999
2019-06-20 15:43:09,32.31999
2019-06-20 15:43:32,30.99999
2019-06-20 15:43:47,28.94999
2019-06-20 15:43:54,26.93
2019-06-20 15:44:24,26.64
2019-06-20 15:45:22,26.42999
2019-06-20 15:47:19,26.42999
2019-06-20 15:47:40,25.45999
2019-06-20 15:47:54,26.0
2019-06-20 15:48:26,26.31
2019-06-20 15:48:56,28.41999
2019-06-20 15:49:00,30.43
2019-06-20 15:49:36,29.60999
2019-06-20 15:50:17,29.91999
2019-06-20 15:50:53,31.08
2019-06-20 15:50:58,29.05999
2019-06-20 15:51:05,31.06
2019-06-20 15:51:31,30.55
2019-06-20 15:51:55,30.12
2019-06-20 15:52:32,30.84
2019-06-20 15:52:35,28.82
2019-06-20 15:52:46,30.62999
2019-06-20 15:53:02,29.71999
2019-06-20 15:53:58,29.71999
2019-06-20 15:54:02,30.12
2019-06-20 15:55:02,30.33999
2019-06-20 15:55:58,30.33999
2019-06-20 15:56:36,31.46999
2019-06-20 15:56:42,29.40999
2019-06-20 15:56:50,31.43999
2019-06-20 15:57:04,30.25999
2019-06-20 15:58:04,31.23999
2019-06-20 15:58:09,29.16999
2019-06-20 15:58:17,31.16999
2019-06-20 15:58:35,30.14
2019-06-20 15:59:24,31.12999
2019-06-20 15:59:33,29.12
2019-06-20 15:59:41,31.14999
2019-06-20 16:00:01,30.37999
2019-06-20 16:00:56,28.32999
2019-06-20 16:01:02,30.4
2019-06-20 16:01:13,30.76
2019-06-20 16:01:29,30.64999
2019-06-20 16:02:01,30.14999
2019-06-20 16:02:12,31.69
2019-06-20 16:02:17,29.59999
2019-06-20 16:02:27,31.62999
2019-06-20 16:02:42,30.05999
2019-06-20 16:03:02,30.46
2019-06-20 16:03:54,31.34999
2019-06-20 16:04:09,30.70999
2019-06-20 16:05:03,28.69999
2019-06-20 16:05:12,30.75
2019-06-20 16:05:31,29.71999
2019-06-20 16:05:42,31.41
2019-06-20 16:05:55,32.03999
2019-06-20 16:06:21,30.94999
2019-06-20 16:06:37,32.0
2019-06-20 16:07:00,31.08
2019-06-20 16:07:16,32.0
2019-06-20 16:07:37,30.89999
2019-06-20 16:07:50,31.62999
2019-06-20 16:09:46,31.62999
2019-06-20 16:10:47,32.12
2019-06-20 16:11:01,31.09999
2019-06-20 16:11:14,32.32999
2019-06-20 16:11:33,31.02999
2019-06-20 16:11:50,31.73999
2019-06-20 16:12:46,30.56999
2019-06-20 16:12:55,32.13999
2019-06-20 16:13:17,30.84999
2019-06-20 16:13:34,31.75999
2019-06-20 16:13:56,30.63999
2019-06-20 16:14:05,31.7
2019-06-20 16:14:29,30.37999
2019-06-20 16:14:38,31.77
2019-06-20 16:15:01,30.51999
2019-06-20 16:15:13,31.73
2019-06-20 16:15:38,30.56999
2019-06-20 16:15:51,31.33999
2019-06-20 16:16:48,30.50999
2019-06-20 16:16:58,31.69
2019-06-20 16:17:20,30.41
2019-06-20 16:17:33,31.71
2019-06-20 16:17:57,30.92999
2019-06-20 16:18:10,31.78999
2019-06-20 16:18:34,30.96999
2019-06-20 16:18:46,31.73999
2019-06-20 16:19:09,30.84999
2019-06-20 16:19:18,31.8
2019-06-20 16:20:14,31.8
2019-06-20 16:20:19,31.18999
2019-06-20 16:20:30,32.16999
2019-06-20 16:20:53,31.04
2019-06-20 16:21:03,32.14999
2019-06-20 16:21:31,31.39
2019-06-20 16:21:42,32.24999
2019-06-20 16:22:03,31.23999
2019-06-20 16:22:15,32.13999
2019-06-20 16:22:41,31.24999
2019-06-20 16:22:51,32.23999
2019-06-20 16:23:15,31.31999
2019-06-20 16:23:27,32.14999
2019-06-20 16:24:23,32.14999
2019-06-20 16:25:02,31.34999
2019-06-20 16:25:14,32.13999
2019-06-20 16:27:09,32.13999
2019-06-20 16:28:03,31.90999
2019-06-20 16:28:19,32.61999
2019-06-20 16:28:30,31.25999
2019-06-20 16:28:45,32.39999
2019-06-20 16:29:06,31.21999
2019-06-20 16:29:19,32.42999
2019-06-20 16:29:43,31.34999
2019-06-20 16:29:55,32.41
2019-06-20 16:30:15,31.14999
2019-06-20 16:30:28,32.35
2019-06-20 16:30:50,31.21999
2019-06-20 16:31:06,32.20999
2019-06-20 16:31:25,30.90999
2019-06-20 16:31:38,32.24999
2019-06-20 16:32:01,30.98999
2019-06-20 16:32:16,32.22999
2019-06-20 16:32:37,31.12
2019-06-20 16:32:49,32.35
2019-06-20 16:33:09,31.09999
2019-06-20 16:33:28,32.25999
2019-06-20 16:33:48,30.90999
2019-06-20 16:34:01,32.12
2019-06-20 16:34:25,30.92999
2019-06-20 16:34:36,32.00999
2019-06-20 16:35:04,31.05
2019-06-20 16:35:13,32.17999
2019-06-20 16:35:38,31.01999
2019-06-20 16:35:47,32.38
2019-06-20 16:36:08,30.96999
2019-06-20 16:36:23,32.25999
2019-06-20 16:36:47,31.20999
2019-06-20 16:36:59,32.19999
2019-06-20 16:37:22,31.24999
2019-06-20 16:37:36,32.09
2019-06-20 16:37:59,31.00999
2019-06-20 16:38:09,32.06
2019-06-20 16:38:36,31.04
2019-06-20 16:38:47,31.94999
2019-06-20 16:39:08,30.62999
2019-06-20 16:39:18,32.22999
2019-06-20 16:39:45,31.33999
2019-06-20 16:39:57,32.20999
2019-06-20 16:40:20,30.95999
2019-06-20 16:40:31,32.06
2019-06-20 16:41:01,31.73
2019-06-20 16:41:13,32.44999
2019-06-20 16:41:32,31.23999
2019-06-20 16:41:44,32.41999
2019-06-20 16:42:09,31.37
2019-06-20 16:42:21,32.26999
2019-06-20 16:42:46,31.22999
2019-06-20 16:42:57,32.35
2019-06-20 16:43:18,31.24999
2019-06-20 16:43:35,32.19999
2019-06-20 16:43:59,31.20999
2019-06-20 16:44:09,32.51999
2019-06-20 16:44:31,31.32999
2019-06-20 16:44:48,32.39999
2019-06-20 16:45:09,31.30999
2019-06-20 16:45:21,32.35999
2019-06-20 16:45:43,31.16
2019-06-20 16:46:04,29.05999
2019-06-20 16:46:13,27.94999
2019-06-20 16:46:17,30.04999
2019-06-20 16:46:21,32.06
2019-06-20 16:46:46,30.75
2019-06-20 16:47:19,31.89999
2019-06-20 16:47:24,29.87999
2019-06-20 16:47:32,31.87999
2019-06-20 16:47:57,30.96999
2019-06-20 16:48:36,31.92999
2019-06-20 16:48:41,29.92999
2019-06-20 16:48:50,31.92999
2019-06-20 16:49:09,30.89999
2019-06-20 16:50:02,28.89
2019-06-20 16:50:07,30.98999
2019-06-20 16:50:14,32.22999
2019-06-20 16:50:25,30.72
2019-06-20 16:51:10,31.55999
2019-06-20 16:51:20,29.44
2019-06-20 16:51:28,31.50999
2019-06-20 16:52:00,30.96999
2019-06-20 16:52:42,28.91999
2019-06-20 16:52:48,30.99999
2019-06-20 16:52:56,32.0
2019-06-20 16:53:06,30.82999
2019-06-20 16:53:58,31.91999
2019-06-20 16:54:03,29.90999
2019-06-20 16:54:12,31.90999
2019-06-20 16:54:29,30.61999
2019-06-20 16:55:15,31.41999
2019-06-20 16:55:26,29.31999
2019-06-20 16:55:32,31.41
2019-06-20 16:56:27,31.41
2019-06-20 16:56:32,31.05
2019-06-20 16:56:48,29.03999
2019-06-20 16:56:53,31.46
2019-06-20 16:57:00,33.02999
2019-06-20 16:57:09,31.00999
2019-06-20 16:57:40,30.70999
2019-06-20 16:58:04,31.52999
2019-06-20 16:58:08,29.50999
2019-06-20 16:58:16,31.59999
2019-06-20 16:58:38,30.45
2019-06-20 16:59:11,30.56999
2019-06-20 16:59:23,32.06999
2019-06-20 16:59:28,30.01999
2019-06-20 16:59:40,32.03999
2019-06-20 16:59:54,30.70999
2019-06-20 17:00:52,28.70999
2019-06-20 17:00:57,30.84
2019-06-20 17:01:07,31.48999
2019-06-20 17:01:19,30.63999
2019-06-20 17:02:04,31.66999
2019-06-20 17:02:12,29.55999
2019-06-20 17:02:20,31.56999
2019-06-20 17:02:43,30.73
2019-06-20 17:03:29,31.78999
2019-06-20 17:03:33,29.73999
2019-06-20 17:03:42,31.77999
2019-06-20 17:04:04,30.91999
2019-06-20 17:04:56,28.88
2019-06-20 17:05:02,30.90999
2019-06-20 17:05:09,31.68
2019-06-20 17:05:23,30.84
2019-06-20 17:06:05,31.77999
2019-06-20 17:06:16,29.67999
2019-06-20 17:06:24,31.75
2019-06-20 17:06:49,30.99999
2019-06-20 17:07:35,31.06
2019-06-20 17:07:39,29.03999
2019-06-20 17:07:44,31.12
2019-06-20 17:07:51,32.24999
2019-06-20 17:08:02,31.04
2019-06-20 17:08:50,31.97999
2019-06-20 17:08:58,29.89
2019-06-20 17:09:06,31.96999
2019-06-20 17:09:31,31.09999
2019-06-20 17:10:20,29.06999
2019-06-20 17:10:25,31.14
2019-06-20 17:10:33,32.0
2019-06-20 17:10:44,30.77999
2019-06-20 17:11:31,31.94999
2019-06-20 17:11:39,29.90999
2019-06-20 17:11:47,31.93999
2019-06-20 17:12:13,31.41999
2019-06-20 17:12:43,31.04
2019-06-20 17:12:56,31.8
2019-06-20 17:13:00,29.72999
2019-06-20 17:13:07,31.78999
2019-06-20 17:13:47,31.25999
2019-06-20 17:14:23,29.18999
2019-06-20 17:14:27,31.22999
2019-06-20 17:14:33,32.88999
2019-06-20 17:14:43,31.54999
2019-06-20 17:15:03,31.30999
2019-06-20 17:15:42,29.24999
2019-06-20 17:15:49,31.38
2019-06-20 17:15:59,31.97999
2019-06-20 17:16:10,30.90999
2019-06-20 17:16:45,31.16
2019-06-20 17:17:06,29.16
2019-06-20 17:17:10,31.22999
2019-06-20 17:17:18,31.93999
2019-06-20 17:17:33,31.06
2019-06-20 17:18:27,29.03999
2019-06-20 17:18:32,31.11
2019-06-20 17:18:39,32.51999
2019-06-20 17:18:49,31.30999
2019-06-20 17:19:46,29.24999
2019-06-20 17:19:53,31.31999
2019-06-20 17:20:44,30.52999
2019-06-20 17:21:00,31.85999
2019-06-20 17:21:07,29.73999
2019-06-20 17:21:15,31.75
2019-06-20 17:21:51,31.09
2019-06-20 17:22:30,28.98999
2019-06-20 17:22:35,31.04
2019-06-20 17:22:42,32.35999
2019-06-20 17:22:53,30.98999
2019-06-20 17:23:52,28.92999
2019-06-20 17:23:57,30.99999
2019-06-20 17:24:05,32.14999
2019-06-20 17:24:16,30.87999
2019-06-20 17:25:02,31.64999
2019-06-20 17:25:12,29.55
2019-06-20 17:25:20,31.55999
2019-06-20 17:25:48,30.93999
2019-06-20 17:26:35,28.88
2019-06-20 17:26:40,30.89999
2019-06-20 17:26:52,31.31999
2019-06-20 17:27:16,30.92999
2019-06-20 17:27:57,28.88
2019-06-20 17:28:02,30.96999
2019-06-20 17:28:09,32.48999
2019-06-20 17:28:18,30.98999
2019-06-20 17:29:09,31.92999
2019-06-20 17:29:16,29.90999
2019-06-20 17:29:25,32.00999
2019-06-20 17:29:52,31.23999
2019-06-20 17:30:48,31.23999
2019-06-20 17:31:29,31.38
2019-06-20 17:31:59,29.37999
2019-06-20 17:32:06,31.41999
2019-06-20 17:32:16,32.09
2019-06-20 17:32:28,31.06
2019-06-20 17:33:14,32.37
2019-06-20 17:33:19,30.28999
2019-06-20 17:33:30,32.30999
2019-06-20 17:33:46,31.22999
2019-06-20 17:34:43,29.21999
2019-06-20 17:34:48,31.32999
2019-06-20 17:35:02,31.48999
2019-06-20 17:35:24,30.97999
2019-06-20 17:35:53,31.96999
2019-06-20 17:36:02,29.82999
2019-06-20 17:36:11,31.90999
2019-06-20 17:36:22,29.90999
2019-06-20 17:36:29,28.34999
2019-06-20 17:36:34,30.41
2019-06-20 17:36:37,32.41999
2019-06-20 17:36:59,31.21999
2019-06-20 17:37:45,29.21
2019-06-20 17:37:51,31.29999
2019-06-20 17:38:00,32.06
2019-06-20 17:38:14,31.14999
2019-06-20 17:38:57,32.15999
2019-06-20 17:39:03,30.1
2019-06-20 17:39:12,32.12999
2019-06-20 17:39:34,31.31999
2019-06-20 17:40:24,29.26999
2019-06-20 17:40:30,31.33999
2019-06-20 17:40:40,31.7
2019-06-20 17:40:57,31.06
2019-06-20 17:41:34,32.0
2019-06-20 17:41:43,29.91999
2019-06-20 17:41:52,31.95999
2019-06-20 17:42:14,31.27999
2019-06-20 17:43:05,29.23
2019-06-20 17:43:22,27.22
2019-06-20 17:44:21,26.95
2019-06-20 17:45:18,26.95
2019-06-20 17:45:26,26.54999
2019-06-20 17:45:54,27.01999
2019-06-20 17:46:17,26.51999
2019-06-20 17:46:43,27.07999
2019-06-20 17:47:05,26.61
2019-06-20 17:49:01,26.61
2019-06-20 17:49:12,26.52999
2019-06-20 17:51:08,26.52999
2019-06-20 17:51:44,26.22999
2019-06-20 17:52:42,26.39
2019-06-20 17:53:36,26.73999
2019-06-20 17:55:32,26.73999
2019-06-20 17:56:00,26.79999
2019-06-20 17:56:31,27.16999
2019-06-20 17:57:27,27.16999
2019-06-20 17:58:27,27.57
2019-06-20 17:59:23,27.57
2019-06-20 17:59:39,27.37999
2019-06-20 18:00:35,27.37999
2019-06-20 18:00:45,27.75999
2019-06-20 18:01:14,27.48999
2019-06-20 18:02:10,27.48999
2019-06-20 18:02:33,27.75999
2019-06-20 18:03:29,27.75999
2019-06-20 18:03:55,27.64
2019-06-20 18:04:51,27.64
2019-06-20 18:05:47,27.48999
2019-06-20 18:06:43,27.48999
2019-06-20 18:07:11,27.76999
2019-06-20 18:08:07,27.76999
2019-06-20 18:08:18,27.46999
2019-06-20 18:13:14,27.46999
2019-06-20 18:14:18,27.32
2019-06-20 18:14:56,26.75999
2019-06-20 18:15:19,27.18999
2019-06-20 18:15:56,26.88
2019-06-20 18:16:51,26.88
2019-06-20 18:17:28,26.61
2019-06-20 18:18:25,26.61
2019-06-20 18:19:11,27.04999
2019-06-20 18:19:49,26.59999
2019-06-20 18:20:24,26.89
2019-06-20 18:21:08,26.51999
2019-06-20 18:22:04,26.51999
2019-06-20 18:22:52,26.16999
2019-06-20 18:23:49,26.16999
2019-06-20 18:24:52,26.42999
2019-06-20 18:25:45,26.80999
2019-06-20 18:26:18,27.33999
2019-06-20 18:26:41,27.98
2019-06-20 18:27:38,27.98
2019-06-20 18:28:18,27.24
2019-06-20 18:29:15,27.24
2019-06-20 18:29:47,26.91
2019-06-20 18:30:05,27.70999
2019-06-20 18:30:51,28.28999
2019-06-20 18:31:14,28.84
2019-06-20 18:31:39,29.23999
2019-06-20 18:32:27,29.10999
2019-06-20 18:33:22,29.10999
2019-06-20 18:34:00,29.57
2019-06-20 18:35:56,29.57
2019-06-20 18:36:04,30.01999
2019-06-20 18:36:59,30.01999
2019-06-20 18:37:15,30.29999
2019-06-20 18:40:11,30.29999
2019-06-20 18:40:31,30.23999
2019-06-20 18:41:26,30.23999
2019-06-20 18:41:43,29.99999
2019-06-20 18:42:39,29.99999
2019-06-20 18:43:24,29.87
2019-06-20 18:43:49,29.59999
2019-06-20 18:44:44,29.59999
2019-06-20 18:44:57,29.31999
2019-06-20 18:46:54,29.31999
2019-06-20 18:47:17,28.99999
2019-06-20 18:49:12,28.99999
2019-06-20 18:50:08,28.70999
2019-06-20 18:50:35,28.98999
2019-06-20 18:52:31,28.98999
2019-06-20 18:53:02,29.29999
2019-06-20 18:53:59,29.29999
2019-06-20 18:54:41,29.60999
2019-06-20 18:55:36,29.60999
2019-06-20 18:56:34,29.79
2019-06-20 18:57:02,29.89
2019-06-20 18:57:26,30.50999
2019-06-20 18:59:23,30.50999
2019-06-20 18:59:46,31.18999
2019-06-20 19:00:05,30.64999
2019-06-20 19:00:29,31.18999
2019-06-20 19:00:52,30.5
2019-06-20 19:01:14,30.82
2019-06-20 19:03:11,30.82
2019-06-20 19:03:23,30.60999
2019-06-20 19:03:32,29.30999
2019-06-20 19:03:41,30.33999
2019-06-20 19:06:37,30.33999
2019-06-20 19:07:04,29.59999
2019-06-20 19:07:15,30.55
2019-06-20 19:07:46,29.87
2019-06-20 19:08:13,30.31999
2019-06-20 19:08:51,30.01999
2019-06-20 19:09:46,30.01999
2019-06-20 19:10:15,30.29999
2019-06-20 19:10:52,30.03999
2019-06-20 19:13:49,30.03999
2019-06-20 19:14:20,30.46
2019-06-20 19:15:19,30.13
2019-06-20 19:16:14,30.13
2019-06-20 19:16:33,30.55
2019-06-20 19:17:29,30.55
2019-06-20 19:17:34,30.98999
2019-06-20 19:18:16,30.80999
2019-06-20 19:28:13,30.80999
2019-06-20 19:28:44,30.64999
2019-06-20 19:29:40,30.64999
2019-06-20 19:29:45,30.93999
2019-06-20 19:30:31,30.70999
2019-06-20 19:31:28,30.70999
2019-06-20 19:31:37,30.43999
2019-06-20 19:32:20,30.75
2019-06-20 19:33:12,30.4
2019-06-20 19:36:07,30.4
2019-06-20 19:36:31,30.67999
2019-06-20 19:37:21,30.28999
2019-06-20 19:38:03,30.62999
2019-06-20 19:39:58,30.62999
2019-06-20 19:40:32,31.05
2019-06-20 19:41:22,30.61999
2019-06-20 19:41:53,30.88999
2019-06-20 19:42:49,30.88999
2019-06-20 19:43:16,31.14999
2019-06-20 19:44:12,31.14999
2019-06-20 19:44:58,30.77
2019-06-20 19:45:48,30.82999
2019-06-20 19:46:44,30.82999
2019-06-20 19:47:14,30.98999
2019-06-20 19:48:11,30.98999
2019-06-20 19:49:14,30.77999
2019-06-20 19:49:58,31.09999
2019-06-20 19:50:37,30.8
2019-06-20 19:51:10,31.17999
2019-06-20 19:53:05,31.17999
2019-06-20 19:53:24,30.95999
2019-06-20 19:53:58,31.43999
2019-06-20 19:54:39,31.26999
2019-06-20 19:55:35,31.26999
2019-06-20 19:55:58,30.92999
2019-06-20 19:56:54,30.92999
2019-06-20 19:57:15,30.43999
2019-06-20 19:57:43,31.06
2019-06-20 19:58:16,30.74
2019-06-20 19:59:13,30.74
2019-06-20 19:59:36,30.59999
2019-06-20 20:02:32,30.59999
2019-06-20 20:03:28,31.02999
2019-06-20 20:04:25,31.02999
2019-06-20 20:04:41,30.62999
2019-06-20 20:05:39,29.87
2019-06-20 20:06:11,29.06999
2019-06-20 20:06:59,28.25
2019-06-20 20:07:31,27.59
2019-06-20 20:08:18,27.76999
2019-06-20 20:09:14,27.76999
2019-06-20 20:09:51,27.37
2019-06-20 20:10:22,28.02999
2019-06-20 20:11:11,28.65999
2019-06-20 20:12:07,28.65999
2019-06-20 20:12:23,29.21999
2019-06-20 20:13:18,29.21999
2019-06-20 20:13:25,28.8
2019-06-20 20:13:48,29.42999
2019-06-20 20:14:01,28.44999
2019-06-20 20:14:26,29.13
2019-06-20 20:14:44,27.62999
2019-06-20 20:14:57,28.88
2019-06-20 20:15:17,27.69999
2019-06-20 20:15:37,28.86
2019-06-20 20:15:51,28.08999
2019-06-20 20:16:48,28.08999
2019-06-20 20:17:28,27.00999
2019-06-20 20:17:39,28.17
2019-06-20 20:18:36,28.17
2019-06-20 20:18:45,27.38999
2019-06-20 20:19:11,28.46999
2019-06-20 20:19:57,28.98999
2019-06-20 20:20:51,29.8
2019-06-20 20:20:58,27.82999
2019-06-20 20:21:16,28.96999
2019-06-20 20:21:56,29.82999
2019-06-20 20:22:25,29.29999
2019-06-20 20:22:44,30.32999
2019-06-20 20:23:42,30.69999
2019-06-20 20:25:37,30.69999
2019-06-20 20:26:20,30.19999
2019-06-20 20:26:53,29.61999
2019-06-20 20:27:18,28.8
2019-06-20 20:28:14,28.8
2019-06-20 20:28:19,28.31999
2019-06-20 20:29:15,28.31999
2019-06-20 20:29:33,27.81999
2019-06-20 20:30:16,27.25999
2019-06-20 20:30:53,26.44999
2019-06-20 20:31:42,26.08999
2019-06-20 20:32:21,25.25999
2019-06-20 20:32:55,25.64
2019-06-20 20:33:37,25.08999
2019-06-20 20:34:11,24.43
2019-06-20 20:34:50,24.55999
2019-06-20 20:35:47,24.55999
2019-06-20 20:35:57,24.17999
2019-06-20 20:36:43,23.89999
2019-06-20 20:37:38,23.89999
2019-06-20 20:38:07,24.19999
2019-06-20 20:40:02,24.19999
2019-06-20 20:40:14,23.55999
2019-06-20 20:40:32,24.41
2019-06-20 20:41:14,24.24999
2019-06-20 20:41:27,22.74
2019-06-20 20:41:39,23.75999
2019-06-20 20:42:03,23.82999
2019-06-20 20:42:15,23.14999
2019-06-20 20:43:00,22.59999
2019-06-20 20:43:36,22.75
2019-06-20 20:44:03,23.65999
2019-06-20 20:44:31,24.76999
2019-06-20 20:44:57,23.38
2019-06-20 20:45:10,24.12
2019-06-20 20:45:22,25.12999
2019-06-20 20:45:34,23.84999
2019-06-20 20:46:12,25.44999
2019-06-20 20:46:29,24.96
2019-06-20 20:47:24,25.24999
2019-06-20 20:47:51,24.09999
2019-06-20 20:48:01,25.02
2019-06-20 20:48:52,25.84999
2019-06-20 20:49:48,25.84999
2019-06-20 20:49:57,24.25999
2019-06-20 20:50:06,25.76999
2019-06-20 20:50:48,25.21999
2019-06-20 20:51:03,25.83999
2019-06-20 20:51:21,24.88999
2019-06-20 20:51:31,26.22999
2019-06-20 20:52:26,26.22999
2019-06-20 20:53:13,25.98
2019-06-20 20:54:00,25.3
2019-06-20 20:54:37,25.71999
2019-06-20 20:55:33,25.71999
2019-06-20 20:55:43,25.39999
2019-06-20 20:56:39,25.39999
2019-06-20 20:57:05,25.08999
2019-06-20 20:58:01,24.73
2019-06-20 20:58:57,24.73
2019-06-20 20:59:53,24.20999
2019-06-20 21:00:52,24.39
2019-06-20 21:01:43,24.19999
2019-06-20 21:02:38,24.19999
2019-06-20 21:03:19,23.86999
2019-06-20 21:03:43,24.21999
2019-06-20 21:04:38,24.21999
2019-06-20 21:04:59,24.67
2019-06-20 21:05:55,24.67
2019-06-20 21:06:16,24.87999
2019-06-20 21:07:11,25.33
2019-06-20 21:07:55,24.91999
2019-06-20 21:08:50,24.91999
2019-06-20 21:09:12,23.22999
2019-06-20 21:09:22,24.54999
2019-06-20 21:09:41,23.39
2019-06-20 21:09:54,24.90999
2019-06-20 21:10:12,24.09
2019-06-20 21:10:56,23.61999
2019-06-20 21:11:26,24.07
2019-06-20 21:11:51,23.68
2019-06-20 21:12:39,23.36
2019-06-20 21:13:35,23.36
2019-06-20 21:13:51,23.77999
2019-06-20 21:14:29,23.46999
2019-06-20 21:15:25,23.46999
2019-06-20 21:15:55,23.63999
2019-06-20 21:16:31,23.82999
2019-06-20 21:17:07,24.29999
2019-06-20 21:19:02,24.29999
2019-06-20 21:20:00,23.96999
2019-06-20 21:20:52,24.02
2019-06-20 21:21:34,23.88999
2019-06-20 21:22:29,23.88999
2019-06-20 21:22:53,23.59999
2019-06-20 21:23:24,24.12
2019-06-20 21:24:21,24.12
2019-06-20 21:24:54,23.84999
2019-06-20 21:25:50,21.84999
2019-06-20 21:25:57,23.8
2019-06-20 21:26:22,22.28999
2019-06-20 21:26:30,24.09999
2019-06-20 21:26:58,23.41
2019-06-20 21:27:53,23.41
2019-06-20 21:27:59,23.58999
2019-06-20 21:28:59,23.55999
2019-06-20 21:29:53,23.25999
2019-06-20 21:31:49,23.25999
2019-06-20 21:32:01,23.8
2019-06-20 21:33:57,23.8
2019-06-20 21:34:09,24.07999
2019-06-20 21:35:02,23.95999
2019-06-20 21:35:58,23.95999
2019-06-20 21:36:22,23.07
2019-06-20 21:36:37,23.80999
2019-06-20 21:37:25,23.19999
2019-06-20 21:37:39,24.10999
2019-06-20 21:39:34,24.10999
2019-06-20 21:40:35,22.48999
2019-06-20 21:40:47,22.95999
2019-06-20 21:41:01,24.20999
2019-06-20 21:41:57,24.20999
2019-06-20 21:42:53,24.59999
2019-06-20 21:43:22,22.99999
2019-06-20 21:43:40,24.36
2019-06-20 21:44:07,23.43
2019-06-20 21:44:25,24.34
2019-06-20 21:45:20,24.34
2019-06-20 21:45:25,24.84999
2019-06-20 21:46:13,24.22999
2019-06-20 21:46:36,24.53999
2019-06-20 21:47:32,24.53999
2019-06-20 21:48:00,24.65
2019-06-20 21:48:56,24.65
2019-06-20 21:49:09,24.82999
2019-06-20 21:49:51,25.02
2019-06-20 21:50:35,25.47999
2019-06-20 21:50:58,25.00999
2019-06-20 21:52:54,25.00999
2019-06-20 21:53:02,24.66
2019-06-20 21:53:48,24.81999
2019-06-20 21:54:44,24.81999
2019-06-20 21:55:30,25.07
2019-06-20 21:56:25,25.07
2019-06-20 21:57:23,24.96
2019-06-20 21:58:19,24.96
2019-06-20 21:58:47,25.10999
2019-06-20 21:59:43,25.10999
2019-06-20 22:00:15,24.85999
2019-06-20 22:01:12,24.85999
2019-06-20 22:01:18,24.67
2019-06-20 22:02:13,24.67
2019-06-20 22:03:14,24.09999
2019-06-20 22:04:12,23.83999
2019-06-20 22:05:08,23.83999
2019-06-20 22:06:00,24.04
2019-06-20 22:06:38,23.90999
2019-06-20 22:07:30,24.46999
2019-06-20 22:08:26,24.46999
2019-06-20 22:08:51,24.98
2019-06-20 22:09:15,24.41
2019-06-20 22:11:11,24.41
2019-06-20 22:11:56,24.7
2019-06-20 22:12:18,23.90999
2019-06-20 22:12:40,24.22999
2019-06-20 22:13:34,24.46
2019-06-20 22:14:13,24.01
2019-06-20 22:14:44,24.37
2019-06-20 22:15:08,23.92999
2019-06-20 22:16:02,24.44999
2019-06-20 22:16:32,24.21999
2019-06-20 22:17:26,24.67
2019-06-20 22:20:21,24.67
2019-06-20 22:20:57,25.12
2019-06-20 22:21:31,24.8
2019-06-20 22:21:52,25.43999
2019-06-20 22:22:10,24.8
2019-06-20 22:23:06,24.8
2019-06-20 22:23:17,23.02999
2019-06-20 22:23:25,24.48999
2019-06-20 22:23:36,23.26999
2019-06-20 22:23:57,24.65
2019-06-20 22:24:26,24.35
2019-06-20 22:24:52,23.92999
2019-06-20 22:25:33,23.4
2019-06-20 22:25:56,23.93999
2019-06-20 22:26:19,23.41
2019-06-20 22:27:15,23.41
2019-06-20 22:27:19,23.11
2019-06-20 22:28:16,23.11
2019-06-20 22:29:04,22.8
2019-06-20 22:30:00,22.8
2019-06-20 22:30:20,23.02999
2019-06-20 22:31:16,23.02999
2019-06-20 22:32:11,23.36
2019-06-20 22:32:57,23.82999
2019-06-20 22:33:53,23.82999
2019-06-20 22:34:20,24.26999
2019-06-20 22:35:16,24.26999
2019-06-20 22:35:22,24.89999
2019-06-20 22:36:18,24.89999
2019-06-20 22:37:02,23.48
2019-06-20 22:37:16,23.91999
2019-06-20 22:37:52,24.67
2019-06-20 22:38:28,23.89999
2019-06-20 22:38:39,25.05999
2019-06-20 22:39:36,24.85999
2019-06-20 22:39:59,23.32999
2019-06-20 22:40:07,24.78999
2019-06-20 22:40:25,23.53999
2019-06-20 22:40:43,24.96
2019-06-20 22:41:07,24.15999
2019-06-20 22:41:37,24.49999
2019-06-20 22:41:56,24.07
2019-06-20 22:43:51,24.07
2019-06-20 22:43:59,23.74
2019-06-20 22:44:55,23.74
2019-06-20 22:45:24,23.29999
2019-06-20 22:46:20,23.29999
2019-06-20 22:46:40,22.77
2019-06-20 22:47:09,22.38999
2019-06-20 22:47:40,22.08
2019-06-20 22:49:36,22.08
2019-06-20 22:49:42,21.77
2019-06-20 22:50:36,21.77
2019-06-20 22:50:50,22.18
2019-06-20 22:51:14,21.84999
2019-06-20 22:52:04,21.73999
2019-06-20 22:52:52,21.52999
2019-06-20 22:53:48,21.52999
2019-06-20 22:54:34,20.37
2019-06-20 22:54:43,21.5
2019-06-20 22:55:13,20.38
2019-06-20 22:55:30,21.2
2019-06-20 22:56:26,21.2
2019-06-20 22:56:33,21.57999
2019-06-20 22:56:57,19.91
2019-06-20 22:57:09,21.16
2019-06-20 22:57:30,20.41
2019-06-20 22:57:48,21.66999
2019-06-20 22:58:11,20.49
2019-06-20 22:58:25,21.60999
2019-06-20 22:58:45,22.03999
2019-06-20 22:59:40,22.03999
2019-06-20 23:00:39,22.58999
2019-06-20 23:01:04,22.23
2019-06-20 23:01:41,22.41
2019-06-20 23:02:03,23.14999
2019-06-20 23:02:31,22.94999
2019-06-20 23:03:23,23.21999
2019-06-20 23:04:20,23.62999
2019-06-20 23:05:08,22.70999
2019-06-20 23:05:29,23.12
2019-06-20 23:06:04,23.41999
2019-06-20 23:07:00,23.41999
2019-06-20 23:07:14,23.58999
2019-06-20 23:07:36,23.94999
2019-06-20 23:09:32,23.94999
2019-06-20 23:10:35,23.8
2019-06-20 23:11:31,23.8
2019-06-20 23:12:17,23.50999
2019-06-20 23:16:13,23.50999
2019-06-20 23:16:49,23.26999
2019-06-20 23:18:44,23.26999
2019-06-20 23:19:04,23.41999
2019-06-20 23:19:35,23.17999
2019-06-20 23:21:30,23.17999
2019-06-20 23:21:50,23.48
2019-06-20 23:24:46,23.48
2019-06-20 23:25:00,23.22999
2019-06-20 23:25:56,23.22999
2019-06-20 23:26:15,22.69999
2019-06-20 23:28:11,22.69999
2019-06-20 23:29:03,23.09
2019-06-20 23:29:46,22.64999
2019-06-20 23:30:17,22.90999
2019-06-20 23:31:13,22.90999
2019-06-20 23:31:32,23.02999
2019-06-20 23:32:31,23.55999
2019-06-20 23:33:22,23.13
2019-06-20 23:34:18,23.13
2019-06-20 23:34:33,23.61999
2019-06-20 23:34:53,23.37
2019-06-20 23:35:42,23.16
2019-06-20 23:36:28,22.8
2019-06-20 23:37:10,23.11
2019-06-20 23:37:45,22.99999
2019-06-20 23:38:41,22.99999
2019-06-20 23:39:16,23.27999
2019-06-20 23:40:15,22.80999
2019-06-20 23:40:37,23.26999
2019-06-20 23:41:34,23.26999
2019-06-20 23:41:47,22.91999
2019-06-20 23:42:07,23.31999
2019-06-20 23:43:01,23.31999
2019-06-20 23:43:30,23.60999
2019-06-20 23:44:23,23.19999
2019-06-20 23:44:59,23.45
2019-06-20 23:45:55,23.45
2019-06-20 23:46:01,22.72
2019-06-20 23:46:15,23.49999
2019-06-20 23:47:10,23.49999
2019-06-20 23:47:42,23.91999
2019-06-20 23:48:38,23.91999
2019-06-20 23:48:46,23.48
2019-06-20 23:49:18,23.85999
2019-06-20 23:50:14,23.85999
2019-06-20 23:50:27,23.66999
2019-06-20 23:52:23,23.66999
2019-06-20 23:52:38,23.82999
2019-06-20 23:53:14,23.41
2019-06-20 23:54:10,23.41
2019-06-20 23:54:56,23.82
2019-06-20 23:56:52,23.82
2019-06-20 23:57:05,23.74
2019-06-21 00:00:01,23.74
2019-06-21 00:00:39,23.89999
2019-06-21 00:01:29,22.82999
2019-06-21 00:01:51,23.75
2019-06-21 00:02:17,23.22999
2019-06-21 00:03:13,23.22999
2019-06-21 00:03:21,23.50999
2019-06-21 00:03:49,22.99999
2019-06-21 00:04:40,22.70999
2019-06-21 00:05:25,22.36999
2019-06-21 00:06:21,22.36999
2019-06-21 00:07:03,22.01999
2019-06-21 00:07:24,22.46
2019-06-21 00:08:13,23.06
2019-06-21 00:08:44,22.77
2019-06-21 00:09:40,22.77
2019-06-21 00:10:06,23.18999
2019-06-21 00:12:01,23.18999
2019-06-21 00:12:17,22.77
2019-06-21 00:14:13,22.77
2019-06-21 00:15:06,22.53999
2019-06-21 00:17:01,22.53999
2019-06-21 00:18:01,22.60999
2019-06-21 00:18:58,22.87999
2019-06-21 00:20:54,22.87999
2019-06-21 00:21:35,23.21
2019-06-21 00:22:21,23.00999
2019-06-21 00:26:17,23.00999
2019-06-21 00:26:22,22.67999
2019-06-21 00:26:53,22.90999
2019-06-21 00:27:49,22.90999
2019-06-21 00:28:39,23.23999
2019-06-21 00:29:06,23.07
2019-06-21 00:30:02,23.07
2019-06-21 00:30:12,22.66999
2019-06-21 00:32:08,22.66999
2019-06-21 00:32:52,23.01999
2019-06-21 00:33:27,22.46
2019-06-21 00:33:45,23.11
2019-06-21 00:34:43,22.84
2019-06-21 00:42:39,22.84
2019-06-21 00:43:26,22.5
2019-06-21 00:46:22,22.5
2019-06-21 00:46:33,22.18
2019-06-21 00:48:29,22.18
2019-06-21 00:48:38,22.27999
2019-06-21 00:51:34,22.27999
2019-06-21 00:51:49,22.84999
2019-06-21 00:52:16,22.42
2019-06-21 00:53:02,22.76
2019-06-21 00:53:57,22.76
2019-06-21 00:54:04,23.14
2019-06-21 00:56:00,23.14
2019-06-21 00:56:07,23.73
2019-06-21 00:56:42,23.59999
2019-06-21 00:57:21,23.38
2019-06-21 00:58:20,23.00999
2019-06-21 00:58:39,22.16999
2019-06-21 00:58:54,23.23999
2019-06-21 00:59:50,23.23999
2019-06-21 01:00:07,23.43
2019-06-21 01:01:03,23.43
2019-06-21 01:01:30,23.69
2019-06-21 01:02:30,23.37
2019-06-21 01:03:26,23.37
2019-06-21 01:03:38,23.84999
2019-06-21 01:04:34,23.84999
2019-06-21 01:04:39,23.66999
2019-06-21 01:05:15,24.06
2019-06-21 01:05:39,23.54999
2019-06-21 01:06:34,23.54999
2019-06-21 01:06:55,23.87999
2019-06-21 01:07:37,24.16999
2019-06-21 01:08:33,24.16999
2019-06-21 01:08:52,23.95999
2019-06-21 01:09:48,23.95999
2019-06-21 01:10:52,24.39999
2019-06-21 01:11:29,24.12
2019-06-21 01:12:25,24.12
2019-06-21 01:13:16,23.75999
2019-06-21 01:16:12,23.75999
2019-06-21 01:16:50,23.50999
2019-06-21 01:17:47,23.50999
2019-06-21 01:17:58,23.75999
2019-06-21 01:19:53,23.75999
2019-06-21 01:20:38,23.64999
2019-06-21 01:21:26,23.89999
2019-06-21 01:23:23,23.89999
2019-06-21 01:23:53,24.14
2019-06-21 01:24:45,24.39999
2019-06-21 01:25:25,24.06
2019-06-21 01:26:20,24.06
2019-06-21 01:26:52,23.8
2019-06-21 01:27:49,23.8
2019-06-21 01:28:24,23.51999
2019-06-21 01:30:19,23.51999
2019-06-21 01:30:49,24.01
2019-06-21 01:31:32,23.54999
2019-06-21 01:31:59,24.02
2019-06-21 01:32:37,23.78999
2019-06-21 01:33:33,23.78999
2019-06-21 01:33:40,23.43
2019-06-21 01:36:35,23.43
2019-06-21 01:37:26,23.58999
2019-06-21 01:38:21,23.58999
2019-06-21 01:38:43,23.54999
2019-06-21 01:39:15,23.89999
2019-06-21 01:43:09,23.89999
2019-06-21 01:43:45,23.11
2019-06-21 01:43:56,24.12
2019-06-21 01:44:23,22.69999
2019-06-21 01:44:35,23.96999
2019-06-21 01:45:11,23.25999
2019-06-21 01:46:06,23.25999
2019-06-21 01:46:41,22.84999
2019-06-21 01:47:27,23.73
2019-06-21 01:47:55,22.99999
2019-06-21 01:48:24,23.46999
2019-06-21 01:49:10,23.27999
2019-06-21 01:49:58,22.51999
2019-06-21 01:50:13,23.41999
2019-06-21 01:55:08,23.41999
2019-06-21 01:55:59,24.04
2019-06-21 01:56:51,23.89999
2019-06-21 01:57:46,23.89999
2019-06-21 01:58:00,23.59999
2019-06-21 01:58:41,23.72
2019-06-21 01:59:38,23.72
2019-06-21 02:00:19,24.12999
2019-06-21 02:01:10,23.91999
2019-06-21 02:01:33,22.66999
2019-06-21 02:01:56,23.50999
2019-06-21 02:02:27,24.07999
2019-06-21 02:03:23,24.07999
2019-06-21 02:04:25,24.30999
2019-06-21 02:07:21,24.30999
2019-06-21 02:07:54,24.05
2019-06-21 02:08:03,23.16
2019-06-21 02:08:13,24.41999
2019-06-21 02:10:08,24.41999
2019-06-21 02:10:33,23.98999
2019-06-21 02:11:30,23.98999
2019-06-21 02:12:04,23.39
2019-06-21 02:12:59,23.39
2019-06-21 02:14:03,22.95999
2019-06-21 02:15:59,22.95999
2019-06-21 02:16:18,22.77
2019-06-21 02:16:51,22.34999
2019-06-21 02:17:48,22.34999
2019-06-21 02:18:22,22.16
2019-06-21 02:20:18,22.16
2019-06-21 02:20:58,22.55
2019-06-21 02:22:54,22.55
2019-06-21 02:23:10,22.8
2019-06-21 02:24:05,22.8
2019-06-21 02:24:21,23.02999
2019-06-21 02:27:16,23.02999
2019-06-21 02:27:23,23.29999
2019-06-21 02:27:54,23.63999
2019-06-21 02:28:46,22.58999
2019-06-21 02:29:00,23.38
2019-06-21 02:31:55,23.38
2019-06-21 02:32:08,23.63999
2019-06-21 02:32:21,23.08
2019-06-21 02:32:36,23.73
2019-06-21 02:33:04,23.04
2019-06-21 02:33:20,23.62999
2019-06-21 02:33:40,21.73999
2019-06-21 02:33:52,22.87999
2019-06-21 02:34:48,22.87999
2019-06-21 02:35:05,21.96999
2019-06-21 02:35:19,22.97999
2019-06-21 02:35:42,23.58999
2019-06-21 02:36:27,22.84
2019-06-21 02:36:47,23.37
2019-06-21 02:37:06,23.78999
2019-06-21 02:37:44,23.62999
2019-06-21 02:38:40,23.62999
2019-06-21 02:38:50,24.23999
2019-06-21 02:39:22,23.91999
2019-06-21 02:43:17,23.91999
2019-06-21 02:43:26,23.61999
2019-06-21 02:45:22,23.61999
2019-06-21 02:46:22,23.31999
2019-06-21 02:48:17,23.31999
2019-06-21 02:48:59,23.08
2019-06-21 02:49:59,22.70999
2019-06-21 02:50:22,23.31999
2019-06-21 02:51:18,23.31999
2019-06-21 02:52:16,23.97999
2019-06-21 02:52:39,23.46999
2019-06-21 02:53:35,23.46999
2019-06-21 02:53:46,23.7
2019-06-21 02:54:42,23.7
2019-06-21 02:54:50,23.45
2019-06-21 02:55:45,23.45
2019-06-21 02:56:08,23.88999
2019-06-21 02:56:44,23.77
2019-06-21 02:57:25,23.50999
2019-06-21 02:57:48,22.00999
2019-06-21 02:58:06,23.43999
2019-06-21 02:58:18,21.77
2019-06-21 02:58:51,22.21999
2019-06-21 02:59:05,21.39999
2019-06-21 02:59:21,22.96999
2019-06-21 03:00:17,22.96999
2019-06-21 03:00:32,21.90999
2019-06-21 03:00:42,23.25999
2019-06-21 03:01:39,23.25999
2019-06-21 03:02:29,23.32999
2019-06-21 03:02:57,23.69
2019-06-21 03:04:53,23.69
2019-06-21 03:05:19,23.86999
2019-06-21 03:06:10,22.74
2019-06-21 03:06:25,23.98999
2019-06-21 03:07:12,23.91999
2019-06-21 03:07:32,22.77
2019-06-21 03:07:41,24.16999
2019-06-21 03:09:37,24.16999
2019-06-21 03:09:47,23.96999
2019-06-21 03:10:42,23.96999
2019-06-21 03:11:35,24.18999
2019-06-21 03:12:17,24.09999
2019-06-21 03:13:13,24.09999
2019-06-21 03:13:58,23.66999
2019-06-21 03:14:38,23.83999
2019-06-21 03:15:26,24.39999
2019-06-21 03:15:49,23.90999
2019-06-21 03:16:24,24.21999
2019-06-21 03:17:14,24.0
2019-06-21 03:20:10,24.0
2019-06-21 03:20:48,23.55999
2019-06-21 03:21:44,23.84999
2019-06-21 03:22:18,23.57999
2019-06-21 03:23:00,23.25999
2019-06-21 03:23:44,23.58999
2019-06-21 03:24:32,23.25999
2019-06-21 03:25:27,23.25999
2019-06-21 03:26:08,22.85999
2019-06-21 03:28:03,22.85999
2019-06-21 03:28:16,22.61999
2019-06-21 03:29:12,22.61999
2019-06-21 03:29:49,22.23999
2019-06-21 03:30:35,22.45
2019-06-21 03:32:31,22.45
2019-06-21 03:33:06,22.97999
2019-06-21 03:34:02,22.97999
2019-06-21 03:34:50,23.46
2019-06-21 03:35:05,22.61999
2019-06-21 03:35:34,23.13
2019-06-21 03:35:46,22.43999
2019-06-21 03:36:07,22.93999
2019-06-21 03:36:34,21.57999
2019-06-21 03:36:45,22.88999
2019-06-21 03:37:04,22.21
2019-06-21 03:37:38,23.53999
2019-06-21 03:37:49,22.45
2019-06-21 03:38:07,21.82
2019-06-21 03:38:17,23.19999
2019-06-21 03:38:34,22.34999
2019-06-21 03:38:50,22.80999
2019-06-21 03:39:07,23.46999
2019-06-21 03:40:02,23.46999
2019-06-21 03:40:07,23.75
2019-06-21 03:41:03,24.29999
2019-06-21 03:41:32,23.45
2019-06-21 03:41:45,24.34
2019-06-21 03:42:20,23.96999
2019-06-21 03:44:15,23.96999
2019-06-21 03:45:12,23.64999
2019-06-21 03:48:08,23.64999
2019-06-21 03:48:18,23.58999
2019-06-21 03:50:14,23.58999
2019-06-21 03:51:03,23.14999
2019-06-21 03:51:39,23.45
2019-06-21 03:53:35,23.45
2019-06-21 03:53:55,23.13
2019-06-21 03:54:32,23.68
2019-06-21 03:55:24,23.50999
2019-06-21 03:56:23,23.74
2019-06-21 03:57:18,23.74
2019-06-21 03:57:32,23.60999
2019-06-21 03:58:27,23.60999
2019-06-21 03:59:12,23.41
2019-06-21 04:00:08,23.41
2019-06-21 04:00:44,23.49999
2019-06-21 04:02:39,23.49999
2019-06-21 04:03:25,22.85999
2019-06-21 04:04:21,22.85999
2019-06-21 04:04:35,22.08
2019-06-21 04:05:30,22.08
2019-06-21 04:05:50,21.70999
2019-06-21 04:06:21,21.26999
2019-06-21 04:08:16,21.26999
2019-06-21 04:08:23,21.57999
2019-06-21 04:08:53,21.82
2019-06-21 04:09:31,21.53999
2019-06-21 04:10:03,22.08
2019-06-21 04:10:35,21.67999
2019-06-21 04:11:28,21.90999
2019-06-21 04:12:07,21.35999
2019-06-21 04:12:50,21.53999
2019-06-21 04:13:12,21.21
2019-06-21 04:13:39,20.55
2019-06-21 04:14:34,20.55
2019-06-21 04:15:16,19.71
2019-06-21 04:15:29,20.62999
2019-06-21 04:16:25,20.62999
2019-06-21 04:16:33,19.8
2019-06-21 04:16:49,20.54
2019-06-21 04:17:45,20.54
2019-06-21 04:18:16,21.31999
2019-06-21 04:19:11,21.31999
2019-06-21 04:20:07,21.90999
2019-06-21 04:21:03,21.90999
2019-06-21 04:21:10,22.27999
2019-06-21 04:22:05,22.27999
2019-06-21 04:22:56,21.87999
2019-06-21 04:23:22,22.45
2019-06-21 04:24:00,22.05999
2019-06-21 04:24:55,22.05999
2019-06-21 04:25:54,22.32999
2019-06-21 04:26:18,21.92999
2019-06-21 04:27:13,21.92999
2019-06-21 04:27:20,21.67999
2019-06-21 04:28:02,21.97999
2019-06-21 04:28:52,22.18999
2019-06-21 04:30:47,22.18999
2019-06-21 04:31:31,22.05999
2019-06-21 04:32:26,22.05999
2019-06-21 04:33:06,21.71999
2019-06-21 04:33:51,22.16
2019-06-21 04:34:13,21.76
2019-06-21 04:36:08,21.76
2019-06-21 04:36:30,22.16999
2019-06-21 04:38:26,22.16999
2019-06-21 04:38:44,22.03999
2019-06-21 04:41:40,22.03999
2019-06-21 04:42:03,22.52999
2019-06-21 04:42:41,22.24999
2019-06-21 04:43:21,21.72999
2019-06-21 04:43:51,22.09
2019-06-21 04:44:38,21.52
2019-06-21 04:45:39,21.59999
2019-06-21 04:46:17,21.21999
2019-06-21 04:47:13,21.21999
2019-06-21 04:47:45,20.84999
2019-06-21 04:48:39,20.84999
2019-06-21 04:49:26,21.00999
2019-06-21 04:50:22,21.00999
2019-06-21 04:50:42,20.91
2019-06-21 04:51:38,20.91
2019-06-21 04:52:24,21.21
2019-06-21 04:54:19,21.21
2019-06-21 04:54:39,20.11
2019-06-21 04:54:49,21.04999
2019-06-21 04:56:45,21.04999
2019-06-21 04:57:14,21.23
2019-06-21 04:58:10,21.23
2019-06-21 04:58:15,19.91
2019-06-21 04:58:29,20.65999
2019-06-21 04:59:24,21.8
2019-06-21 04:59:36,20.75999
2019-06-21 04:59:50,21.61999
2019-06-21 05:00:25,21.98999
2019-06-21 05:02:20,21.98999
2019-06-21 05:02:41,22.35999
2019-06-21 05:05:36,22.35999
2019-06-21 05:05:43,22.69999
2019-06-21 05:06:19,22.50999
2019-06-21 05:06:45,22.19999
2019-06-21 05:07:11,22.57999
2019-06-21 05:07:23,22.00999
2019-06-21 05:07:45,22.76
2019-06-21 05:08:41,22.76
2019-06-21 05:09:04,22.82
2019-06-21 05:13:00,22.82
2019-06-21 05:13:32,22.41
2019-06-21 05:14:28,22.41
2019-06-21 05:15:16,22.03999
2019-06-21 05:16:06,22.45
2019-06-21 05:16:37,22.08
2019-06-21 05:17:32,22.08
2019-06-21 05:18:32,21.71999
2019-06-21 05:20:28,21.71999
2019-06-21 05:21:26,21.37999
2019-06-21 05:23:21,21.37999
2019-06-21 05:24:11,21.59999
2019-06-21 05:28:06,21.59999
2019-06-21 05:28:25,21.42999
2019-06-21 05:29:08,21.63999
2019-06-21 05:30:04,21.63999
2019-06-21 05:30:40,20.70999
2019-06-21 05:31:03,21.53999
2019-06-21 05:31:26,20.64999
2019-06-21 05:31:51,21.14
2019-06-21 05:32:28,21.99999
2019-06-21 05:32:44,21.42999
2019-06-21 05:33:18,21.82
2019-06-21 05:34:14,21.82
2019-06-21 05:35:14,21.67999
2019-06-21 05:35:52,21.89
2019-06-21 05:37:47,21.89
2019-06-21 05:38:02,21.76
2019-06-21 05:38:58,21.76
2019-06-21 05:40:00,21.97999
2019-06-21 05:42:56,21.97999
2019-06-21 05:43:16,21.73999
2019-06-21 05:46:11,21.73999
2019-06-21 05:47:07,21.27999
2019-06-21 05:47:30,21.70999
2019-06-21 05:48:23,22.33999
2019-06-21 05:48:54,22.01999
2019-06-21 05:49:49,22.01999
2019-06-21 05:49:59,22.42
2019-06-21 05:50:55,22.42
2019-06-21 05:51:36,23.16999
2019-06-21 05:52:31,23.88999
2019-06-21 05:53:06,22.76
2019-06-21 05:53:26,22.16
2019-06-21 05:54:03,22.59999
2019-06-21 05:54:49,22.96999
2019-06-21 05:55:19,23.61999
2019-06-21 05:56:11,24.56999
2019-06-21 05:57:07,24.56999
2019-06-21 05:57:57,24.78999
2019-06-21 05:58:56,24.59999
2019-06-21 06:00:51,24.59999
2019-06-21 06:01:29,24.33
2019-06-21 06:02:24,24.33
2019-06-21 06:02:35,24.50999
2019-06-21 06:03:31,24.50999
2019-06-21 06:03:42,23.95999
2019-06-21 06:04:11,24.55999
2019-06-21 06:05:06,24.55999
2019-06-21 06:05:58,24.43999
2019-06-21 06:06:54,24.43999
2019-06-21 06:07:52,24.14999
2019-06-21 06:08:48,24.14999
2019-06-21 06:09:23,22.88999
2019-06-21 06:09:40,23.83999
2019-06-21 06:10:29,23.4
2019-06-21 06:11:25,23.11
2019-06-21 06:11:56,22.61999
2019-06-21 06:12:50,22.15
2019-06-21 06:13:24,22.57999
2019-06-21 06:14:13,22.48999
2019-06-21 06:15:09,22.48999
2019-06-21 06:15:14,22.12
2019-06-21 06:15:58,22.57999
2019-06-21 06:16:54,22.57999
2019-06-21 06:17:42,22.97999
2019-06-21 06:18:13,23.30999
2019-06-21 06:19:14,22.28999
2019-06-21 06:19:24,23.39
2019-06-21 06:19:58,22.64999
2019-06-21 06:20:12,23.77
2019-06-21 06:20:40,22.80999
2019-06-21 06:20:53,23.48
2019-06-21 06:25:48,23.48
2019-06-21 06:26:09,23.31999
2019-06-21 06:27:00,22.79
2019-06-21 06:27:22,23.17999
2019-06-21 06:28:18,23.17999
2019-06-21 06:28:46,23.41999
2019-06-21 06:29:42,23.41999
2019-06-21 06:30:01,23.71
2019-06-21 06:30:52,23.50999
2019-06-21 06:31:42,23.84999
2019-06-21 06:32:30,23.54999
2019-06-21 06:32:59,24.15999
2019-06-21 06:33:29,23.63999
2019-06-21 06:34:05,23.82
2019-06-21 06:34:59,24.12
2019-06-21 06:35:43,23.96999
2019-06-21 06:36:39,23.96999
2019-06-21 06:37:19,23.50999
2019-06-21 06:40:16,23.50999
2019-06-21 06:41:12,23.29999
2019-06-21 06:41:51,23.39
2019-06-21 06:42:47,23.39
2019-06-21 06:42:58,23.46999
2019-06-21 06:43:54,23.46999
2019-06-21 06:44:32,22.99999
2019-06-21 06:50:28,22.99999
2019-06-21 06:51:13,23.43999
2019-06-21 06:52:09,23.43999
2019-06-21 06:53:02,23.63999
2019-06-21 06:53:57,23.63999
2019-06-21 06:54:38,23.98999
2019-06-21 06:55:33,23.98999
2019-06-21 06:55:53,23.12
2019-06-21 06:56:05,23.77999
2019-06-21 06:58:00,23.77999
2019-06-21 06:58:47,22.82
2019-06-21 06:59:08,24.14
2019-06-21 06:59:20,22.93999
2019-06-21 07:00:16,22.93999
2019-06-21 07:00:26,23.85999
2019-06-21 07:00:54,23.34999
2019-06-21 07:01:46,23.87999
2019-06-21 07:02:08,23.19999
2019-06-21 07:02:35,23.55999
2019-06-21 07:04:30,23.55999
2019-06-21 07:04:53,23.95999
2019-06-21 07:05:31,23.83999
2019-06-21 07:08:26,23.83999
2019-06-21 07:08:42,24.23999
2019-06-21 07:09:38,24.23999
2019-06-21 07:09:58,23.89999
2019-06-21 07:10:31,24.15999
2019-06-21 07:13:26,24.15999
2019-06-21 07:14:22,24.44999
2019-06-21 07:15:03,24.12999
2019-06-21 07:15:44,24.44999
2019-06-21 07:16:39,24.44999
2019-06-21 07:17:03,24.49999
2019-06-21 07:17:51,24.58999
2019-06-21 07:18:42,24.96
2019-06-21 07:19:23,24.65
2019-06-21 07:20:19,24.65
2019-06-21 07:20:55,24.27999
2019-06-21 07:21:50,24.27999
2019-06-21 07:22:15,24.50999
2019-06-21 07:23:06,24.28999
2019-06-21 07:24:01,24.28999
2019-06-21 07:25:00,24.22999
2019-06-21 07:25:42,24.02999
2019-06-21 07:26:17,23.65999
2019-06-21 07:26:52,23.30999
2019-06-21 07:27:48,23.30999
2019-06-21 07:27:56,22.73
2019-06-21 07:29:52,22.73
2019-06-21 07:30:25,22.25999
2019-06-21 07:31:18,22.37999
2019-06-21 07:33:13,22.37999
2019-06-21 07:33:30,22.72
2019-06-21 07:34:25,22.72
2019-06-21 07:35:07,22.48
2019-06-21 07:36:02,22.48
2019-06-21 07:36:34,22.60999
2019-06-21 07:37:29,22.60999
2019-06-21 07:38:17,22.89999
2019-06-21 07:38:54,21.81
2019-06-21 07:39:05,22.90999
2019-06-21 07:39:25,21.76
2019-06-21 07:39:39,22.90999
2019-06-21 07:40:35,22.90999
2019-06-21 07:41:26,22.48
2019-06-21 07:41:43,21.98999
2019-06-21 07:42:38,21.98999
2019-06-21 07:42:42,21.50999
2019-06-21 07:43:09,20.92999
2019-06-21 07:43:57,20.59999
2019-06-21 07:44:30,20.27
2019-06-21 07:45:25,20.27
2019-06-21 07:46:23,20.62999
2019-06-21 07:46:53,20.92999
2019-06-21 07:47:12,19.8
2019-06-21 07:48:07,19.8
2019-06-21 07:48:40,20.37
2019-06-21 07:49:06,21.08999
2019-06-21 07:49:51,22.61999
2019-06-21 07:50:02,21.5
2019-06-21 07:50:26,22.84999
2019-06-21 07:50:41,21.84999
2019-06-21 07:51:03,23.16
2019-06-21 07:51:18,23.83999
2019-06-21 07:52:13,23.83999
2019-06-21 07:52:55,24.20999
2019-06-21 07:55:50,24.20999
2019-06-21 07:56:03,24.59999
2019-06-21 07:56:59,24.59999
2019-06-21 07:57:29,24.96
2019-06-21 07:57:56,24.71
2019-06-21 07:58:45,24.07
2019-06-21 07:59:37,24.43
2019-06-21 08:00:05,24.06
2019-06-21 08:01:01,24.06
2019-06-21 08:01:51,23.61999
2019-06-21 08:02:46,23.61999
2019-06-21 08:03:00,22.73
2019-06-21 08:03:33,22.43999
2019-06-21 08:04:00,22.03999
2019-06-21 08:04:33,21.35999
2019-06-21 08:05:29,20.92999
2019-06-21 08:06:28,20.22
2019-06-21 08:07:00,19.50999
2019-06-21 08:07:54,20.0
2019-06-21 08:08:44,20.27999
2019-06-21 08:09:39,20.27999
2019-06-21 08:09:45,20.56
2019-06-21 08:10:32,20.89
2019-06-21 08:11:21,21.27999
2019-06-21 08:11:48,21.78
2019-06-21 08:12:02,20.96
2019-06-21 08:12:17,21.14
2019-06-21 08:12:38,20.07
2019-06-21 08:13:10,20.43999
2019-06-21 08:14:05,20.43999
2019-06-21 08:14:30,20.99999
2019-06-21 08:14:50,20.01
2019-06-21 08:15:05,20.33
2019-06-21 08:15:15,21.08999
2019-06-21 08:15:32,20.51
2019-06-21 08:15:45,21.94999
2019-06-21 08:16:11,20.52999
2019-06-21 08:16:27,21.98999
2019-06-21 08:17:22,21.98999
2019-06-21 08:18:00,22.32999
2019-06-21 08:18:24,21.87
2019-06-21 08:18:58,21.96999
2019-06-21 08:19:38,22.21999
2019-06-21 08:20:17,22.03999
2019-06-21 08:21:10,22.21999
2019-06-21 08:21:49,22.38999
2019-06-21 08:22:41,22.80999
2019-06-21 08:23:37,22.80999
2019-06-21 08:23:43,22.62999
2019-06-21 08:24:36,23.00999
2019-06-21 08:25:26,22.73
2019-06-21 08:27:21,22.73
2019-06-21 08:27:49,23.31999
2019-06-21 08:28:11,22.60999
2019-06-21 08:28:34,23.04
2019-06-21 08:29:10,23.26999
2019-06-21 08:30:05,23.26999
2019-06-21 08:30:14,22.66999
2019-06-21 08:30:36,23.16999
2019-06-21 08:35:31,23.16999
2019-06-21 08:36:07,22.65999
2019-06-21 08:36:25,21.95999
2019-06-21 08:37:10,21.23
2019-06-21 08:37:57,20.89999
2019-06-21 08:41:53,20.89999
2019-06-21 08:42:00,21.59999
2019-06-21 08:42:28,20.86
2019-06-21 08:42:45,21.18
2019-06-21 08:42:56,20.18
2019-06-21 08:43:22,19.9
2019-06-21 08:44:18,20.17
2019-06-21 08:44:48,21.55999
2019-06-21 08:45:05,21.5
2019-06-21 08:47:00,21.5
2019-06-21 08:47:07,21.72999
2019-06-21 08:48:02,22.12
2019-06-21 08:48:57,22.12
2019-06-21 08:50:01,22.48999
2019-06-21 08:50:51,22.89999
2019-06-21 08:51:22,21.74999
2019-06-21 08:51:36,22.75
2019-06-21 08:52:22,23.05
2019-06-21 08:52:53,23.66999
2019-06-21 08:53:39,24.14
2019-06-21 08:54:35,24.14
2019-06-21 08:54:40,24.57999
2019-06-21 08:55:35,24.57999
2019-06-21 08:55:50,24.46999
2019-06-21 08:56:25,24.89999
2019-06-21 08:56:49,25.73
2019-06-21 08:57:04,25.0
2019-06-21 08:57:21,25.96
2019-06-21 08:57:41,25.29
2019-06-21 08:58:36,25.29
2019-06-21 08:59:41,26.31
2019-06-21 08:59:49,24.91999
2019-06-21 09:00:00,26.34999
2019-06-21 09:00:48,26.92
2019-06-21 09:01:09,26.26
2019-06-21 09:01:43,25.65
2019-06-21 09:02:15,25.23999
2019-06-21 09:02:47,24.75
2019-06-21 09:03:11,24.19999
2019-06-21 09:03:35,23.65999
2019-06-21 09:04:07,23.17999
2019-06-21 09:04:32,22.41
2019-06-21 09:05:04,21.65999
2019-06-21 09:05:30,20.94999
2019-06-21 09:06:11,21.44
2019-06-21 09:07:07,21.44
2019-06-21 09:08:05,21.92999
2019-06-21 09:08:18,20.46999
2019-06-21 09:08:53,20.93999
2019-06-21 09:09:48,20.93999
2019-06-21 09:10:04,21.61999
2019-06-21 09:10:27,22.16
2019-06-21 09:10:51,23.37
2019-06-21 09:11:12,23.05
2019-06-21 09:11:31,24.64
2019-06-21 09:11:48,23.78999
2019-06-21 09:12:03,24.75
2019-06-21 09:12:31,24.35
2019-06-21 09:12:45,25.34
2019-06-21 09:13:09,24.12999
2019-06-21 09:13:23,25.53999
2019-06-21 09:14:19,25.53999
2019-06-21 09:14:29,25.83999
2019-06-21 09:15:24,25.74999
2019-06-21 09:16:20,25.74999
2019-06-21 09:17:15,25.29
2019-06-21 09:18:10,25.29
2019-06-21 09:18:22,24.73
2019-06-21 09:18:53,24.25999
2019-06-21 09:19:27,23.53999
2019-06-21 09:20:07,22.85999
2019-06-21 09:21:00,22.19999
2019-06-21 09:21:43,21.52
2019-06-21 09:22:07,21.15
2019-06-21 09:22:33,20.5
2019-06-21 09:23:01,19.72
2019-06-21 09:23:23,19.32
2019-06-21 09:23:41,18.35999
2019-06-21 09:24:25,17.82999
2019-06-21 09:24:44,17.3
2019-06-21 09:25:37,16.59999
2019-06-21 09:26:19,15.74
2019-06-21 09:26:41,15.26
2019-06-21 09:27:03,14.52
2019-06-21 09:27:19,13.76
2019-06-21 09:27:40,12.92
2019-06-21 09:27:58,12.18
2019-06-21 09:28:22,11.50999
2019-06-21 09:28:44,10.68
2019-06-21 09:29:09,10.2
2019-06-21 09:29:27,9.309998
2019-06-21 09:29:42,8.449997
2019-06-21 09:30:05,7.289999
2019-06-21 09:30:37,6.899999
2019-06-21 09:31:32,6.899999
2019-06-21 09:31:54,6.279999
2019-06-21 09:32:49,6.279999
2019-06-21 09:33:00,6.829999
2019-06-21 09:33:25,7.329998
2019-06-21 09:34:24,7.809999
2019-06-21 09:34:45,8.259998
2019-06-21 09:35:24,8.919998
2019-06-21 09:36:03,9.659998
2019-06-21 09:36:23,10.36
2019-06-21 09:36:57,11.39
2019-06-21 09:37:30,12.25
2019-06-21 09:37:48,12.60999
2019-06-21 09:38:20,13.6
2019-06-21 09:38:37,12.31
2019-06-21 09:38:43,14.32
2019-06-21 09:39:08,15.37
2019-06-21 09:39:16,13.61
2019-06-21 09:39:29,14.98
2019-06-21 09:39:43,16.32
2019-06-21 09:39:58,15.04
2019-06-21 09:40:14,15.88
2019-06-21 09:40:25,17.74999
2019-06-21 09:41:08,18.66999
2019-06-21 09:41:48,19.58
2019-06-21 09:42:23,20.41999
2019-06-21 09:43:06,21.23999
2019-06-21 09:43:20,22.61999
2019-06-21 09:43:32,21.52
2019-06-21 09:43:44,22.47
2019-06-21 09:44:18,22.21999
2019-06-21 09:44:31,22.80999
2019-06-21 09:45:07,23.97999
2019-06-21 09:45:39,23.26999
2019-06-21 09:45:55,24.27999
2019-06-21 09:46:38,25.20999
2019-06-21 09:48:34,25.20999
2019-06-21 09:48:47,23.95999
2019-06-21 09:48:55,25.41999
2019-06-21 09:49:09,24.20999
2019-06-21 09:49:36,25.05999
2019-06-21 09:49:56,24.17999
2019-06-21 09:50:24,25.20999
2019-06-21 09:50:37,24.75999
2019-06-21 09:51:16,23.50999
2019-06-21 09:51:31,24.54999
2019-06-21 09:52:26,24.54999
2019-06-21 09:52:45,24.04
2019-06-21 09:53:40,24.65
2019-06-21 09:54:05,24.07999
2019-06-21 09:54:56,23.80999
2019-06-21 09:55:42,23.07
2019-06-21 09:56:26,23.45
2019-06-21 09:57:20,23.45
2019-06-21 09:58:03,24.0
2019-06-21 09:58:34,23.50999
2019-06-21 09:59:09,23.64999
2019-06-21 09:59:35,23.80999
2019-06-21 10:00:04,24.30999
2019-06-21 10:01:00,24.30999
2019-06-21 10:01:29,24.81999
2019-06-21 10:05:25,24.81999
2019-06-21 10:06:25,24.97
2019-06-21 10:06:57,25.22999
2019-06-21 10:07:33,25.71
2019-06-21 10:08:07,25.31
2019-06-21 10:09:04,25.53999
2019-06-21 10:09:49,25.75999
2019-06-21 10:11:43,25.75999
2019-06-21 10:11:51,25.98999
2019-06-21 10:12:24,25.63
2019-06-21 10:14:18,25.63
2019-06-21 10:14:48,26.00999
2019-06-21 10:15:12,25.65
2019-06-21 10:18:07,25.65
2019-06-21 10:18:29,25.81999
2019-06-21 10:19:25,25.81999
2019-06-21 10:20:06,26.39999
2019-06-21 10:20:55,26.10999
2019-06-21 10:21:50,26.10999
2019-06-21 10:22:32,26.44999
2019-06-21 10:23:15,26.35999
2019-06-21 10:25:10,26.35999
2019-06-21 10:25:43,26.09999
2019-06-21 10:26:40,26.29
2019-06-21 10:27:24,25.86999
2019-06-21 10:28:19,25.86999
2019-06-21 10:28:32,25.34999
2019-06-21 10:29:26,25.34999
2019-06-21 10:29:49,25.15999
2019-06-21 10:30:41,24.88999
2019-06-21 10:31:36,24.88999
2019-06-21 10:32:03,24.67
2019-06-21 10:32:31,24.14999
2019-06-21 10:33:26,24.14999
2019-06-21 10:33:33,23.82999
2019-06-21 10:34:20,24.09
2019-06-21 10:35:15,24.09
2019-06-21 10:35:22,24.61999
2019-06-21 10:37:17,24.61999
2019-06-21 10:37:47,24.89999
2019-06-21 10:38:41,24.89999
2019-06-21 10:38:53,25.02999
2019-06-21 10:39:45,25.33
2019-06-21 10:42:40,25.33
2019-06-21 10:42:59,25.63
2019-06-21 10:43:55,25.63
2019-06-21 10:44:20,25.82999
2019-06-21 10:46:16,25.82999
2019-06-21 10:47:00,25.7
2019-06-21 10:47:56,25.7
2019-06-21 10:48:23,25.37
2019-06-21 10:49:16,25.58999
2019-06-21 10:51:11,25.58999
2019-06-21 10:51:28,26.12999
2019-06-21 10:55:23,26.12999
2019-06-21 10:55:49,25.75999
2019-06-21 10:56:44,25.75999
2019-06-21 10:57:06,25.93
2019-06-21 10:57:35,25.44999
2019-06-21 10:58:30,25.86999
2019-06-21 10:59:00,25.7
2019-06-21 11:00:55,25.7
2019-06-21 11:01:16,25.49999
2019-06-21 11:02:08,25.76999
2019-06-21 11:03:03,25.76999
2019-06-21 11:03:18,25.41
2019-06-21 11:03:54,25.68
2019-06-21 11:04:50,25.68
2019-06-21 11:05:19,25.92
2019-06-21 11:06:10,25.63
2019-06-21 11:07:02,25.07
2019-06-21 11:07:40,25.29
2019-06-21 11:08:39,25.07
2019-06-21 11:09:16,24.83999
2019-06-21 11:10:12,24.83999
2019-06-21 11:10:59,25.23999
2019-06-21 11:11:27,25.75999
2019-06-21 11:12:20,26.34999
2019-06-21 11:13:11,26.02999
2019-06-21 11:13:25,24.80999
2019-06-21 11:13:48,25.08999
2019-06-21 11:14:43,25.08999
2019-06-21 11:15:35,26.54999
2019-06-21 11:15:48,25.09999
2019-06-21 11:15:57,26.52999
2019-06-21 11:16:24,26.26
2019-06-21 11:17:19,26.26
2019-06-21 11:17:50,25.84999
2019-06-21 11:18:19,26.10999
2019-06-21 11:19:15,26.10999
2019-06-21 11:19:36,25.83999
2019-06-21 11:20:18,26.22999
2019-06-21 11:21:13,26.22999
2019-06-21 11:21:31,25.93
2019-06-21 11:22:26,25.93
2019-06-21 11:23:30,26.21999
2019-06-21 11:24:06,25.94
2019-06-21 11:25:02,26.14999
2019-06-21 11:26:57,26.14999
2019-06-21 11:27:43,26.3
2019-06-21 11:28:12,26.64999
2019-06-21 11:28:37,26.44999
2019-06-21 11:29:32,26.44999
2019-06-21 11:29:58,26.27999
2019-06-21 11:30:54,26.27999
2019-06-21 11:31:13,25.98999
2019-06-21 11:33:08,25.98999
2019-06-21 11:33:42,25.83999
2019-06-21 11:35:38,25.83999
2019-06-21 11:36:33,26.17999
2019-06-21 11:37:29,26.17999
2019-06-21 11:38:25,26.02999
2019-06-21 11:39:20,26.02999
2019-06-21 11:39:28,25.68
2019-06-21 11:39:52,25.07999
2019-06-21 11:40:33,24.58999
2019-06-21 11:41:18,23.98999
2019-06-21 11:42:12,23.98999
2019-06-21 11:42:24,23.62999
2019-06-21 11:45:19,23.62999
2019-06-21 11:45:39,24.04
2019-06-21 11:46:17,24.68
2019-06-21 11:47:11,24.68
2019-06-21 11:47:29,25.19999
2019-06-21 11:48:28,25.54999
2019-06-21 11:49:22,25.54999
2019-06-21 11:49:44,24.87999
2019-06-21 11:49:59,25.66999
2019-06-21 11:50:53,26.14999
2019-06-21 11:51:10,25.17999
2019-06-21 11:51:29,26.22999
2019-06-21 11:51:58,25.97
2019-06-21 11:52:21,26.43999
2019-06-21 11:53:18,26.69999
2019-06-21 11:55:14,26.69999
2019-06-21 11:55:46,27.02999
2019-06-21 11:56:30,26.69999
2019-06-21 11:57:28,26.37999
2019-06-21 11:58:23,26.37999
2019-06-21 11:58:55,26.63
2019-06-21 11:59:38,26.50999
2019-06-21 12:00:29,26.3
2019-06-21 12:01:25,26.3
2019-06-21 12:01:49,26.52999
2019-06-21 12:02:28,26.26
2019-06-21 12:03:02,26.64999
2019-06-21 12:04:57,26.64999
2019-06-21 12:05:07,26.82999
2019-06-21 12:07:03,26.82999
2019-06-21 12:07:15,26.48999
2019-06-21 12:08:00,26.14999
2019-06-21 12:08:34,26.40999
2019-06-21 12:09:13,26.00999
2019-06-21 12:11:07,26.00999
2019-06-21 12:12:03,25.87999
2019-06-21 12:12:57,25.55999
2019-06-21 12:13:52,25.55999
2019-06-21 12:14:40,25.79999
2019-06-21 12:16:35,25.79999
2019-06-21 12:17:02,25.52999
2019-06-21 12:17:58,25.52999
2019-06-21 12:18:08,25.48999
2019-06-21 12:19:07,25.22999
2019-06-21 12:20:00,25.41999
2019-06-21 12:20:54,25.41999
2019-06-21 12:21:14,25.75999
2019-06-21 12:23:10,25.75999
2019-06-21 12:23:32,26.05
2019-06-21 12:24:15,26.20999
2019-06-21 12:24:51,26.59
2019-06-21 12:25:31,26.46999
2019-06-21 12:26:26,26.46999
2019-06-21 12:27:04,26.72999
2019-06-21 12:28:00,26.72999
2019-06-21 12:28:48,26.64
2019-06-21 12:29:05,25.73
2019-06-21 12:29:17,26.52999
2019-06-21 12:29:41,25.22999
2019-06-21 12:29:55,26.64999
2019-06-21 12:30:49,26.64999
2019-06-21 12:31:51,26.19999
2019-06-21 12:32:12,26.83999
2019-06-21 12:32:33,26.34
2019-06-21 12:34:27,26.34
2019-06-21 12:34:40,25.68
2019-06-21 12:35:05,26.39999
2019-06-21 12:35:52,26.26
2019-06-21 12:36:45,26.39999
2019-06-21 12:37:11,26.81999
2019-06-21 12:37:50,26.46999
2019-06-21 12:38:46,26.46999
2019-06-21 12:39:10,26.67999
2019-06-21 12:40:05,26.67999
2019-06-21 12:40:57,26.95
2019-06-21 12:42:52,26.95
2019-06-21 12:43:37,27.16999
2019-06-21 12:47:33,27.16999
2019-06-21 12:48:08,27.44999
2019-06-21 12:51:04,27.44999
2019-06-21 12:51:10,27.57
2019-06-21 12:51:28,26.92
2019-06-21 12:52:22,26.59
2019-06-21 12:53:18,26.59
2019-06-21 12:53:46,26.18999
2019-06-21 12:54:10,26.66999
2019-06-21 12:54:43,26.44999
2019-06-21 12:56:39,26.44999
2019-06-21 12:56:49,26.25
2019-06-21 12:57:44,26.25
2019-06-21 12:58:37,26.02
2019-06-21 12:59:18,25.23999
2019-06-21 12:59:37,25.88999
2019-06-21 13:00:21,25.6
2019-06-21 13:01:13,24.88999
2019-06-21 13:01:43,24.25999
2019-06-21 13:02:14,23.69
2019-06-21 13:02:57,23.12
2019-06-21 13:03:37,22.48999
2019-06-21 13:04:13,21.96999
2019-06-21 13:04:33,21.27999
2019-06-21 13:05:09,20.68999
2019-06-21 13:05:28,20.30999
2019-06-21 13:06:22,20.30999
2019-06-21 13:06:42,20.99999
2019-06-21 13:07:37,20.99999
2019-06-21 13:08:03,20.60999
2019-06-21 13:08:14,19.98
2019-06-21 13:08:36,19.62999
2019-06-21 13:08:58,20.35
2019-06-21 13:09:53,20.35
2019-06-21 13:10:03,20.77999
2019-06-21 13:10:30,21.38999
2019-06-21 13:10:52,22.80999
2019-06-21 13:11:45,23.8
2019-06-21 13:12:41,23.8
2019-06-21 13:13:29,23.29999
2019-06-21 13:14:16,22.87
2019-06-21 13:14:52,22.14
2019-06-21 13:15:35,21.72999
2019-06-21 13:15:53,22.30999
2019-06-21 13:16:23,22.96999
2019-06-21 13:17:15,23.38
2019-06-21 13:17:45,23.64999
2019-06-21 13:18:28,22.21999
2019-06-21 13:19:24,22.21999
2019-06-21 13:19:50,22.62999
2019-06-21 13:20:48,23.09
2019-06-21 13:21:02,23.96999
2019-06-21 13:21:23,23.51999
2019-06-21 13:21:39,24.75999
2019-06-21 13:22:02,24.46
2019-06-21 13:22:23,25.47999
2019-06-21 13:23:23,26.12999
2019-06-21 13:24:08,26.77999
2019-06-21 13:24:19,27.98999
2019-06-21 13:24:30,27.45999
2019-06-21 13:24:50,26.74999
2019-06-21 13:25:05,28.19
2019-06-21 13:25:29,27.39999
2019-06-21 13:25:42,28.12999
2019-06-21 13:26:14,28.42999
2019-06-21 13:26:45,28.73999
2019-06-21 13:27:10,29.2
2019-06-21 13:29:06,29.2
2019-06-21 13:29:28,29.62999
2019-06-21 13:30:10,29.37999
2019-06-21 13:31:05,29.37999
2019-06-21 13:31:32,29.70999
2019-06-21 13:31:51,29.08999
2019-06-21 13:33:46,29.08999
2019-06-21 13:34:21,28.64999
2019-06-21 13:34:52,28.30999
2019-06-21 13:35:49,27.88
2019-06-21 13:36:29,27.65999
2019-06-21 13:37:04,27.38999
2019-06-21 13:37:31,26.80999
2019-06-21 13:38:26,26.80999
2019-06-21 13:39:51,26.02999
2019-06-21 13:40:25,25.41
2019-06-21 13:40:49,25.71999
2019-06-21 13:41:44,25.71999
2019-06-21 13:42:44,25.90999
2019-06-21 13:43:39,25.90999
2019-06-21 13:44:08,26.50999
2019-06-21 13:45:03,26.50999
2019-06-21 13:46:03,26.74999
2019-06-21 13:46:58,26.74999
2019-06-21 13:47:16,26.07999
2019-06-21 13:47:31,27.14999
2019-06-21 13:48:00,26.46999
2019-06-21 13:48:15,27.11999
2019-06-21 13:49:10,27.11999
2019-06-21 13:50:11,27.9
2019-06-21 13:50:55,27.75999
2019-06-21 13:51:29,27.01999
2019-06-21 13:51:43,27.72999
2019-06-21 13:52:29,28.09999
2019-06-21 13:52:50,26.34
2019-06-21 13:53:03,27.54
2019-06-21 13:53:20,28.23999
2019-06-21 13:54:15,28.23999
2019-06-21 13:54:40,29.05999
2019-06-21 13:55:37,28.57
2019-06-21 13:56:01,29.12
2019-06-21 13:56:58,28.84
2019-06-21 13:57:53,28.84
2019-06-21 13:58:32,28.49
2019-06-21 13:59:28,28.49
2019-06-21 13:59:36,28.71999
2019-06-21 14:00:31,28.71999
2019-06-21 14:00:39,28.55999
2019-06-21 14:01:34,28.55999
2019-06-21 14:02:18,28.31999
2019-06-21 14:02:51,28.71999
2019-06-21 14:03:47,28.71999
2019-06-21 14:04:06,29.05999
2019-06-21 14:06:01,29.05999
2019-06-21 14:06:43,28.84
2019-06-21 14:07:34,29.14
2019-06-21 14:08:03,28.75999
2019-06-21 14:08:40,28.96999
2019-06-21 14:09:36,28.52
2019-06-21 14:10:00,28.92999
2019-06-21 14:10:37,28.57
2019-06-21 14:11:33,28.57
2019-06-21 14:11:40,28.96999
2019-06-21 14:12:35,28.96999
2019-06-21 14:13:30,28.57
2019-06-21 14:14:10,28.98999
2019-06-21 14:16:05,28.98999
2019-06-21 14:16:44,28.73999
2019-06-21 14:18:39,28.73999
2019-06-21 14:18:53,28.82
2019-06-21 14:19:48,28.82
2019-06-21 14:20:31,29.15
2019-06-21 14:21:04,29.12
2019-06-21 14:21:59,29.12
2019-06-21 14:22:08,28.86
2019-06-21 14:23:03,28.86
2019-06-21 14:23:47,28.62
2019-06-21 14:24:43,28.62
2019-06-21 14:25:20,28.36999
2019-06-21 14:26:15,28.36999
2019-06-21 14:26:23,28.75999
2019-06-21 14:27:03,28.57
2019-06-21 14:27:48,28.08999
2019-06-21 14:31:43,28.08999
2019-06-21 14:32:07,27.88
2019-06-21 14:33:03,27.88
2019-06-21 14:33:16,27.57
2019-06-21 14:33:54,27.32999
2019-06-21 14:34:34,26.81999
2019-06-21 14:35:14,25.98
2019-06-21 14:35:34,26.73999
2019-06-21 14:36:03,26.18999
2019-06-21 14:36:54,26.63
2019-06-21 14:37:49,26.63
2019-06-21 14:37:58,26.05999
2019-06-21 14:38:15,26.92
2019-06-21 14:39:10,26.92
2019-06-21 14:39:46,27.56
2019-06-21 14:40:40,27.56
2019-06-21 14:40:51,26.88
2019-06-21 14:41:08,27.87
2019-06-21 14:41:46,27.50999
2019-06-21 14:42:44,28.73999
2019-06-21 14:42:58,28.22
2019-06-21 14:43:50,28.91999
2019-06-21 14:44:45,28.91999
2019-06-21 14:44:51,29.57999
2019-06-21 14:45:11,29.21
2019-06-21 14:45:55,28.49
2019-06-21 14:46:08,29.25999
2019-06-21 14:46:41,28.68999
2019-06-21 14:46:55,29.32999
2019-06-21 14:47:52,29.09999
2019-06-21 14:48:47,29.09999
2019-06-21 14:49:37,28.94999
2019-06-21 14:50:20,29.05999
2019-06-21 14:52:15,29.05999
2019-06-21 14:53:13,28.57999
2019-06-21 14:53:41,28.87
2019-06-21 14:54:36,28.87
2019-06-21 14:54:47,28.39999
2019-06-21 14:55:42,28.39999
2019-06-21 14:56:05,28.52
2019-06-21 14:58:00,28.52
2019-06-21 14:58:46,28.05999
2019-06-21 14:59:28,28.14999
2019-06-21 15:00:23,28.14999
2019-06-21 15:00:35,28.33999
2019-06-21 15:01:30,28.33999
2019-06-21 15:02:02,28.18
2019-06-21 15:03:56,28.18
2019-06-21 15:04:16,27.93
2019-06-21 15:05:07,28.31999
2019-06-21 15:06:03,28.31999
2019-06-21 15:06:59,28.81
2019-06-21 15:07:54,28.81
2019-06-21 15:08:09,29.10999
2019-06-21 15:09:01,28.74999
2019-06-21 15:09:56,28.74999
2019-06-21 15:10:23,28.5
2019-06-21 15:11:18,28.5
2019-06-21 15:12:09,28.23999
2019-06-21 15:12:32,28.62
2019-06-21 15:13:07,28.28999
2019-06-21 15:17:02,28.28999
2019-06-21 15:17:26,28.07999
2019-06-21 15:18:10,28.42999
2019-06-21 15:19:05,28.42999
2019-06-21 15:19:12,28.02999
2019-06-21 15:19:36,28.44999
2019-06-21 15:20:02,27.87
2019-06-21 15:20:43,28.25999
2019-06-21 15:21:13,26.66999
2019-06-21 15:21:21,28.00999
2019-06-21 15:22:16,28.00999
2019-06-21 15:23:00,27.53
2019-06-21 15:23:55,27.53
2019-06-21 15:24:32,27.06999
2019-06-21 15:25:01,27.49999
2019-06-21 15:26:56,27.49999
2019-06-21 15:27:28,27.27
2019-06-21 15:28:22,27.27
2019-06-21 15:28:29,27.39999
2019-06-21 15:29:24,27.39999
2019-06-21 15:29:56,27.9
2019-06-21 15:32:52,27.9
2019-06-21 15:33:10,28.2
2019-06-21 15:34:06,28.2
2019-06-21 15:34:27,28.70999
2019-06-21 15:35:22,28.70999
2019-06-21 15:36:14,28.60999
2019-06-21 15:36:37,28.2
2019-06-21 15:37:25,28.78999
2019-06-21 15:37:54,27.32999
2019-06-21 15:38:05,28.84
2019-06-21 15:39:01,28.84
2019-06-21 15:40:02,28.49
2019-06-21 15:40:22,28.84999
2019-06-21 15:42:17,28.84999
2019-06-21 15:42:46,28.69999
2019-06-21 15:43:08,29.38999
2019-06-21 15:43:35,28.99999
2019-06-21 15:44:24,29.52
2019-06-21 15:45:18,29.52
2019-06-21 15:45:48,29.12
2019-06-21 15:46:38,29.23999
2019-06-21 15:47:33,29.23999
2019-06-21 15:48:01,29.05999
2019-06-21 15:49:56,29.05999
2019-06-21 15:50:25,28.57999
2019-06-21 15:51:19,28.57999
2019-06-21 15:52:01,28.69999
2019-06-21 15:54:56,28.69999
2019-06-21 15:55:27,28.46999
2019-06-21 15:56:05,28.72999
2019-06-21 15:57:01,28.72999
2019-06-21 15:57:07,28.45999
2019-06-21 15:58:01,28.94999
2019-06-21 15:58:27,28.28999
2019-06-21 15:59:20,28.38999
2019-06-21 16:00:16,28.38999
2019-06-21 16:00:50,28.71999
2019-06-21 16:01:45,28.71999
2019-06-21 16:02:04,28.62999
2019-06-21 16:03:00,28.62999
2019-06-21 16:03:34,29.01999
2019-06-21 16:04:31,28.93999
2019-06-21 16:06:26,28.93999
2019-06-21 16:06:54,28.30999
2019-06-21 16:07:07,29.00999
2019-06-21 16:07:33,28.05999
2019-06-21 16:07:48,28.8
2019-06-21 16:08:18,28.08999
2019-06-21 16:08:38,28.75999
2019-06-21 16:08:56,27.89
2019-06-21 16:09:20,28.70999
2019-06-21 16:09:38,27.64999
2019-06-21 16:09:52,28.8
2019-06-21 16:10:18,27.94999
2019-06-21 16:10:39,28.34999
2019-06-21 16:11:22,28.84
2019-06-21 16:11:46,27.96999
2019-06-21 16:11:58,29.14
2019-06-21 16:12:24,28.62999
2019-06-21 16:13:17,28.99999
2019-06-21 16:14:13,28.99999
2019-06-21 16:14:39,28.54
2019-06-21 16:16:34,28.54
2019-06-21 16:16:46,28.21
2019-06-21 16:17:41,28.21
2019-06-21 16:18:41,27.75999
2019-06-21 16:19:36,27.75999
2019-06-21 16:20:30,27.85
2019-06-21 16:21:30,28.22
2019-06-21 16:22:09,28.18
2019-06-21 16:23:05,28.18
2019-06-21 16:23:13,27.69999
2019-06-21 16:24:08,27.69999
2019-06-21 16:24:47,27.23
2019-06-21 16:25:14,27.68999
2019-06-21 16:26:11,28.18
2019-06-21 16:26:40,27.76999
2019-06-21 16:27:35,27.76999
2019-06-21 16:28:32,27.96999
2019-06-21 16:29:25,28.23999
2019-06-21 16:30:20,28.23999
2019-06-21 16:30:56,28.84
2019-06-21 16:31:33,28.65999
2019-06-21 16:32:20,28.81
2019-06-21 16:32:47,29.14
2019-06-21 16:33:41,29.14
2019-06-21 16:33:57,29.65999
2019-06-21 16:34:20,29.27999
2019-06-21 16:36:16,29.27999
2019-06-21 16:36:50,29.77
2019-06-21 16:37:47,29.36999
2019-06-21 16:38:40,29.73999
2019-06-21 16:39:10,29.27999
2019-06-21 16:40:05,29.27999
2019-06-21 16:40:19,28.72999
2019-06-21 16:41:15,28.72999
2019-06-21 16:41:20,28.87
2019-06-21 16:42:04,28.52
2019-06-21 16:42:59,28.52
2019-06-21 16:43:33,27.89
2019-06-21 16:44:29,27.89
2019-06-21 16:44:49,27.44999
2019-06-21 16:45:37,27.25
2019-06-21 16:46:25,26.52999
2019-06-21 16:49:20,26.52999
2019-06-21 16:49:30,26.89
2019-06-21 16:50:25,26.89
2019-06-21 16:50:58,27.14999
2019-06-21 16:51:54,27.14999
2019-06-21 16:52:29,27.45999
2019-06-21 16:53:22,27.98999
2019-06-21 16:54:17,27.98999
2019-06-21 16:54:24,27.65999
2019-06-21 16:54:41,26.50999
2019-06-21 16:55:13,27.49999
2019-06-21 16:55:24,26.15999
2019-06-21 16:56:19,26.15999
2019-06-21 16:56:40,27.07999
2019-06-21 16:56:49,25.50999
2019-06-21 16:57:00,25.88999
2019-06-21 16:57:13,26.73999
2019-06-21 16:57:53,27.25
2019-06-21 16:58:47,27.25
2019-06-21 16:59:00,26.63
2019-06-21 16:59:33,27.74999
2019-06-21 16:59:47,27.17999
2019-06-21 17:00:42,27.86
2019-06-21 17:01:03,28.19
2019-06-21 17:01:35,28.74999
2019-06-21 17:02:23,29.2
2019-06-21 17:05:19,29.2
2019-06-21 17:05:44,29.38999
2019-06-21 17:06:21,28.98999
2019-06-21 17:08:15,28.98999
2019-06-21 17:08:53,28.65999
2019-06-21 17:10:48,28.65999
2019-06-21 17:11:00,28.51
2019-06-21 17:11:31,27.87
2019-06-21 17:12:26,27.87
2019-06-21 17:12:37,27.40999
2019-06-21 17:13:33,27.40999
2019-06-21 17:13:52,27.07999
2019-06-21 17:14:47,27.07999
2019-06-21 17:15:12,26.50999
2019-06-21 17:17:07,26.50999
2019-06-21 17:17:33,26.67999
2019-06-21 17:18:19,27.03999
2019-06-21 17:19:14,27.44999
2019-06-21 17:20:02,27.04999
2019-06-21 17:20:22,27.54
2019-06-21 17:21:14,27.75999
2019-06-21 17:22:09,27.75999
2019-06-21 17:22:42,28.31999
2019-06-21 17:22:51,27.45999
2019-06-21 17:23:12,28.18
2019-06-21 17:23:48,27.68999
2019-06-21 17:24:44,28.3
2019-06-21 17:25:01,27.37
2019-06-21 17:25:16,28.64999
2019-06-21 17:25:40,27.40999
2019-06-21 17:25:58,28.55999
2019-06-21 17:27:54,28.55999
2019-06-21 17:28:02,29.04999
2019-06-21 17:28:29,28.5
2019-06-21 17:28:52,28.93999
2019-06-21 17:36:47,28.93999
2019-06-21 17:37:22,28.69999
2019-06-21 17:38:16,28.69999
2019-06-21 17:38:53,28.39999
2019-06-21 17:39:20,27.96999
2019-06-21 17:40:14,27.96999
2019-06-21 17:40:31,27.69999
2019-06-21 17:42:25,27.69999
2019-06-21 17:42:42,27.2
2019-06-21 17:43:25,27.56
2019-06-21 17:45:21,27.56
2019-06-21 17:45:33,27.81999
2019-06-21 17:47:27,27.81999
2019-06-21 17:48:17,27.03999
2019-06-21 17:48:35,27.42999
2019-06-21 17:49:09,26.66
2019-06-21 17:49:28,27.38999
2019-06-21 17:49:46,27.14999
2019-06-21 17:50:10,27.69999
2019-06-21 17:50:31,27.27999
2019-06-21 17:51:25,27.27999
2019-06-21 17:51:50,26.37999
2019-06-21 17:52:10,27.14999
2019-06-21 17:52:29,25.83999
2019-06-21 17:52:59,27.02999
2019-06-21 17:53:09,25.66
2019-06-21 17:53:26,26.57
2019-06-21 17:54:18,27.62
2019-06-21 17:55:13,27.62
2019-06-21 17:55:50,28.08999
2019-06-21 17:56:07,26.93999
2019-06-21 17:56:17,28.10999
2019-06-21 17:56:48,27.37
2019-06-21 17:57:05,27.93999
2019-06-21 17:57:59,27.93999
2019-06-21 17:58:07,28.14999
2019-06-21 17:58:33,28.46999
2019-06-21 17:59:27,28.46999
2019-06-21 17:59:59,28.3
2019-06-21 18:00:54,28.3
2019-06-21 18:01:00,27.98
2019-06-21 18:01:55,27.98
2019-06-21 18:02:08,28.23999
2019-06-21 18:07:03,28.23999
2019-06-21 18:07:14,27.80999
2019-06-21 18:08:09,27.80999
2019-06-21 18:08:51,27.45999
2019-06-21 18:10:46,27.45999
2019-06-21 18:11:18,27.30999
2019-06-21 18:11:51,27.12999
2019-06-21 18:12:44,26.77999
2019-06-21 18:13:39,26.77999
2019-06-21 18:14:13,26.96
2019-06-21 18:15:08,26.96
2019-06-21 18:15:24,27.25999
2019-06-21 18:16:19,27.62999
2019-06-21 18:17:12,27.91
2019-06-21 18:20:08,27.91
2019-06-21 18:20:16,27.16999
2019-06-21 18:21:10,27.98
2019-06-21 18:21:20,26.67999
2019-06-21 18:21:54,27.69999
2019-06-21 18:22:03,26.51999
2019-06-21 18:22:24,27.32999
2019-06-21 18:23:07,26.42999
2019-06-21 18:23:18,27.65999
2019-06-21 18:23:26,26.58
2019-06-21 18:23:51,26.93
2019-06-21 18:24:11,27.41999
2019-06-21 18:24:58,26.78999
2019-06-21 18:25:13,27.37999
2019-06-21 18:25:43,27.96999
2019-06-21 18:26:38,27.96999
2019-06-21 18:26:51,28.59
2019-06-21 18:27:47,28.42999
2019-06-21 18:29:43,28.42999
2019-06-21 18:30:38,28.82
2019-06-21 18:31:37,28.5
2019-06-21 18:33:32,28.5
2019-06-21 18:34:34,28.11999
2019-06-21 18:35:25,27.84
2019-06-21 18:36:20,27.84
2019-06-21 18:36:34,27.96999
2019-06-21 18:37:11,27.65999
2019-06-21 18:38:00,27.49999
2019-06-21 18:38:55,27.49999
2019-06-21 18:39:13,27.29
2019-06-21 18:42:08,27.29
2019-06-21 18:42:39,26.75999
2019-06-21 18:43:21,26.96999
2019-06-21 18:44:17,26.50999
2019-06-21 18:44:58,26.88
2019-06-21 18:45:46,26.63
2019-06-21 18:47:40,26.63
2019-06-21 18:47:52,26.80999
2019-06-21 18:48:47,26.80999
2019-06-21 18:49:17,27.24
2019-06-21 18:51:11,27.24
2019-06-21 18:51:29,27.66999
2019-06-21 18:53:24,27.66999
2019-06-21 18:53:39,27.16999
2019-06-21 18:53:54,26.71999
2019-06-21 18:54:09,28.16
2019-06-21 18:54:19,26.68999
2019-06-21 18:54:55,28.09999
2019-06-21 18:55:10,26.96
2019-06-21 18:55:35,28.27999
2019-06-21 18:55:47,26.89
2019-06-21 18:56:08,28.18
2019-06-21 18:56:55,27.69999
2019-06-21 18:57:31,28.27
2019-06-21 18:58:02,27.88
2019-06-21 18:58:22,28.41999
2019-06-21 18:59:16,28.41999
2019-06-21 18:59:32,28.89
2019-06-21 19:00:27,28.89
2019-06-21 19:00:38,28.73999
2019-06-21 19:02:33,28.73999
2019-06-21 19:03:01,28.93999
2019-06-21 19:03:45,28.67999
2019-06-21 19:04:37,28.60999
2019-06-21 19:08:32,28.60999
2019-06-21 19:09:07,28.23999
2019-06-21 19:10:03,28.52
2019-06-21 19:10:43,28.05999
2019-06-21 19:11:37,28.05999
2019-06-21 19:12:31,27.75999
2019-06-21 19:13:26,27.75999
2019-06-21 19:13:39,27.43999
2019-06-21 19:14:32,27.08999
2019-06-21 19:15:26,27.08999
2019-06-21 19:15:33,27.25
2019-06-21 19:16:42,27.25
2019-06-21 19:16:55,26.85999
2019-06-21 19:17:28,26.96
2019-06-21 19:18:05,27.23
2019-06-21 19:18:43,27.49999
2019-06-21 19:19:34,27.84
2019-06-21 19:21:29,27.84
2019-06-21 19:22:13,28.52
2019-06-21 19:22:32,27.84
2019-06-21 19:23:10,28.52999
2019-06-21 19:23:27,27.84
2019-06-21 19:23:52,28.27
2019-06-21 19:24:20,27.62999
2019-06-21 19:24:34,28.41999
2019-06-21 19:24:48,27.46999
2019-06-21 19:25:12,28.57
2019-06-21 19:25:23,26.93
2019-06-21 19:25:38,28.23999
2019-06-21 19:26:09,27.16999
2019-06-21 19:26:23,28.12999
2019-06-21 19:26:38,28.87
2019-06-21 19:26:50,27.46999
2019-06-21 19:27:04,28.46999
2019-06-21 19:27:28,27.64999
2019-06-21 19:28:03,28.8
2019-06-21 19:28:17,27.25999
2019-06-21 19:28:27,28.52
2019-06-21 19:31:22,28.52
2019-06-21 19:32:09,28.34999
2019-06-21 19:33:10,28.34999
2019-06-21 19:33:40,28.09999
2019-06-21 19:35:35,28.09999
2019-06-21 19:36:09,27.75999
2019-06-21 19:36:57,27.99999
2019-06-21 19:37:51,27.99999
2019-06-21 19:38:16,27.73999
2019-06-21 19:38:48,27.98999
2019-06-21 19:39:42,27.98999
2019-06-21 19:39:55,28.04999
2019-06-21 19:40:46,27.61
2019-06-21 19:41:16,28.05999
2019-06-21 19:42:11,28.05999
2019-06-21 19:42:26,27.89
2019-06-21 19:44:21,27.89
2019-06-21 19:45:21,28.19
2019-06-21 19:46:16,28.19
2019-06-21 19:46:41,28.41999
2019-06-21 19:47:16,28.62999
2019-06-21 19:48:10,28.62999
2019-06-21 19:48:21,29.02999
2019-06-21 19:49:04,28.77999
2019-06-21 19:49:59,28.77999
2019-06-21 19:50:08,29.06999
2019-06-21 19:51:08,28.91999
2019-06-21 19:52:02,28.91999
2019-06-21 19:52:22,28.51
2019-06-21 19:54:17,28.51
2019-06-21 19:55:13,27.88
2019-06-21 19:56:08,27.88
2019-06-21 19:57:05,27.41999
2019-06-21 19:59:00,27.41999
2019-06-21 19:59:42,27.37
2019-06-21 20:00:13,27.05999
2019-06-21 20:00:47,27.17999
2019-06-21 20:02:42,27.17999
2019-06-21 20:02:49,27.47999
2019-06-21 20:03:31,27.74999
2019-06-21 20:04:26,27.74999
2019-06-21 20:04:39,28.01999
2019-06-21 20:05:10,28.28999
2019-06-21 20:05:50,28.70999
2019-06-21 20:06:44,28.70999
2019-06-21 20:07:26,29.24999
2019-06-21 20:07:47,28.89999
2019-06-21 20:08:40,28.89999
2019-06-21 20:09:08,27.98999
2019-06-21 20:09:24,28.89
2019-06-21 20:09:34,28.11999
2019-06-21 20:10:19,29.71999
2019-06-21 20:10:26,27.87
2019-06-21 20:11:21,27.87
2019-06-21 20:11:42,28.76999
2019-06-21 20:11:53,27.39999
2019-06-21 20:12:05,28.59
2019-06-21 20:12:39,29.13
2019-06-21 20:13:33,29.13
2019-06-21 20:13:39,29.64999
2019-06-21 20:14:15,29.30999
2019-06-21 20:15:10,29.30999
2019-06-21 20:15:34,29.50999
2019-06-21 20:16:20,29.37999
2019-06-21 20:17:14,29.14
2019-06-21 20:18:09,29.14
2019-06-21 20:18:23,28.64999
2019-06-21 20:18:48,29.01999
2019-06-21 20:19:43,28.63999
2019-06-21 20:20:21,28.71999
2019-06-21 20:22:15,28.71999
2019-06-21 20:23:11,27.84
2019-06-21 20:23:26,28.8
2019-06-21 20:24:10,28.11999
2019-06-21 20:25:04,28.11999
2019-06-21 20:25:15,27.75999
2019-06-21 20:26:09,27.75999
2019-06-21 20:26:57,26.96999
2019-06-21 20:28:52,26.96999
2019-06-21 20:29:00,26.58
2019-06-21 20:29:55,26.58
2019-06-21 20:30:15,26.77999
2019-06-21 20:31:09,26.77999
2019-06-21 20:31:51,27.45999
2019-06-21 20:32:46,27.45999
2019-06-21 20:33:46,27.70999
2019-06-21 20:35:41,27.70999
2019-06-21 20:36:31,27.00999
2019-06-21 20:36:47,27.80999
2019-06-21 20:37:14,26.22999
2019-06-21 20:37:25,27.38999
2019-06-21 20:38:20,27.38999
2019-06-21 20:38:33,27.73999
2019-06-21 20:38:52,27.03999
2019-06-21 20:39:12,27.80999
2019-06-21 20:39:28,27.13999
2019-06-21 20:39:47,27.68999
2019-06-21 20:40:14,27.42999
2019-06-21 20:40:30,28.10999
2019-06-21 20:40:49,27.73999
2019-06-21 20:43:44,27.73999
2019-06-21 20:43:56,28.12999
2019-06-21 20:44:50,28.12999
2019-06-21 20:45:47,27.59
2019-06-21 20:46:03,28.23999
2019-06-21 20:46:57,28.23999
2019-06-21 20:47:41,28.72999
2019-06-21 20:48:28,28.31999
2019-06-21 20:49:08,28.69999
2019-06-21 20:50:02,28.69999
2019-06-21 20:50:41,28.55999
2019-06-21 20:51:07,29.18
2019-06-21 20:51:26,28.69999
2019-06-21 20:53:20,28.69999
2019-06-21 20:53:38,28.62
2019-06-21 20:54:31,28.19
2019-06-21 20:55:06,28.69999
2019-06-21 20:55:51,28.57
2019-06-21 20:56:38,28.23999
2019-06-21 20:57:33,28.23999
2019-06-21 20:58:20,27.93999
2019-06-21 20:59:15,27.93999
2019-06-21 20:59:29,28.03999
2019-06-21 21:01:24,28.03999
2019-06-21 21:02:17,27.78999
2019-06-21 21:04:12,27.78999
2019-06-21 21:04:22,28.30999
2019-06-21 21:05:16,28.30999
2019-06-21 21:05:50,28.65999
2019-06-21 21:06:42,28.32999
2019-06-21 21:07:38,28.32999
2019-06-21 21:08:09,27.91999
2019-06-21 21:08:51,28.32999
2019-06-21 21:09:20,27.94999
2019-06-21 21:10:15,27.94999
2019-06-21 21:10:22,27.59999
2019-06-21 21:13:17,27.59999
2019-06-21 21:13:29,27.91999
2019-06-21 21:14:23,27.91999
2019-06-21 21:15:01,28.16
2019-06-21 21:15:35,28.55999
2019-06-21 21:16:29,28.91999
2019-06-21 21:17:24,28.91999
2019-06-21 21:17:41,28.14999
2019-06-21 21:17:57,29.21
2019-06-21 21:18:12,28.22
2019-06-21 21:19:04,27.24
2019-06-21 21:19:14,28.37999
2019-06-21 21:19:31,26.95
2019-06-21 21:19:50,28.13999
2019-06-21 21:20:05,28.98999
2019-06-21 21:20:20,28.12999
2019-06-21 21:20:51,28.48
2019-06-21 21:21:45,28.48
2019-06-21 21:22:00,28.21
2019-06-21 21:22:51,28.60999
2019-06-21 21:23:39,28.31999
2019-06-21 21:24:10,28.57
2019-06-21 21:25:04,28.57
2019-06-21 21:26:01,27.93999
2019-06-21 21:26:26,28.3
2019-06-21 21:27:14,27.9
2019-06-21 21:28:08,28.23
2019-06-21 21:29:03,28.23
2019-06-21 21:29:26,28.38999
2019-06-21 21:30:20,28.38999
2019-06-21 21:30:33,28.62
2019-06-21 21:32:27,28.62
2019-06-21 21:32:40,28.43999
2019-06-21 21:34:35,28.43999
2019-06-21 21:34:47,28.18
2019-06-21 21:35:41,28.18
2019-06-21 21:36:45,28.37999
2019-06-21 21:37:40,28.37999
2019-06-21 21:38:03,28.27
2019-06-21 21:38:44,27.98
2019-06-21 21:39:38,27.98
2019-06-21 21:39:58,27.65999
2019-06-21 21:40:52,27.07999
2019-06-21 21:41:17,27.39999
2019-06-21 21:42:11,27.39999
2019-06-21 21:42:58,27.13999
2019-06-21 21:44:53,27.13999
2019-06-21 21:45:14,27.37999
2019-06-21 21:45:46,27.80999
2019-06-21 21:46:40,27.80999
2019-06-21 21:47:01,28.34999
2019-06-21 21:48:57,28.34999
2019-06-21 21:49:27,28.82
2019-06-21 21:51:22,28.82
2019-06-21 21:52:20,28.59999
2019-06-21 21:52:59,27.96
2019-06-21 21:53:46,28.18
2019-06-21 21:54:42,27.18999
2019-06-21 21:55:12,27.71999
2019-06-21 21:56:05,27.3
2019-06-21 21:57:59,27.3
2019-06-21 21:58:27,27.10999
2019-06-21 22:00:21,27.10999
2019-06-21 22:00:56,27.35999
2019-06-21 22:01:23,26.81999
2019-06-21 22:02:11,27.07999
2019-06-21 22:05:05,27.07999
2019-06-21 22:05:56,27.50999
2019-06-21 22:06:51,27.68999
2019-06-21 22:07:28,28.06999
2019-06-21 22:08:13,28.64999
2019-06-21 22:09:08,28.64999
2019-06-21 22:09:44,29.15
2019-06-21 22:10:39,29.15
2019-06-21 22:10:55,28.69999
2019-06-21 22:11:55,29.10999
2019-06-21 22:12:22,28.23
2019-06-21 22:12:43,28.77999
2019-06-21 22:13:38,28.55
2019-06-21 22:14:32,28.55
2019-06-21 22:15:07,28.86
2019-06-21 22:16:01,28.86
2019-06-21 22:16:27,28.59
2019-06-21 22:18:23,28.59
2019-06-21 22:18:51,28.74999
2019-06-21 22:19:41,28.54
2019-06-21 22:20:16,28.28999
2019-06-21 22:21:11,28.28999
2019-06-21 22:22:16,27.94999
2019-06-21 22:26:11,27.94999
2019-06-21 22:26:52,27.54
2019-06-21 22:27:20,27.91999
2019-06-21 22:28:14,27.91999
2019-06-21 22:28:30,27.87
2019-06-21 22:29:26,27.87
2019-06-21 22:29:40,28.07999
2019-06-21 22:32:36,28.07999
2019-06-21 22:32:59,27.89
2019-06-21 22:33:46,28.21
2019-06-21 22:34:40,28.21
2019-06-21 22:35:35,27.79999
2019-06-21 22:36:25,27.98999
2019-06-21 22:37:15,27.64999
2019-06-21 22:40:10,27.64999
2019-06-21 22:40:23,27.88
2019-06-21 22:42:18,27.88
2019-06-21 22:43:00,28.48
2019-06-21 22:43:41,28.32999
2019-06-21 22:44:35,28.32999
2019-06-21 22:44:45,28.59999
2019-06-21 22:45:23,28.19
2019-06-21 22:45:40,28.09999
2019-06-21 22:45:57,28.62
2019-06-21 22:46:31,28.35999
2019-06-21 22:47:26,28.35999
2019-06-21 22:48:19,27.57
2019-06-21 22:48:40,28.35999
2019-06-21 22:49:07,27.38999
2019-06-21 22:49:20,28.12999
2019-06-21 22:50:15,28.12999
2019-06-21 22:50:24,27.64999
2019-06-21 22:51:19,27.64999
2019-06-21 22:51:40,27.84
2019-06-21 22:52:01,27.32
2019-06-21 22:52:21,27.93
2019-06-21 22:53:16,27.53
2019-06-21 23:00:11,27.53
2019-06-21 23:00:56,27.59999
2019-06-21 23:01:39,27.16999
2019-06-21 23:02:11,26.58
2019-06-21 23:03:05,26.58
2019-06-21 23:03:43,26.41999
2019-06-21 23:04:32,26.19999
2019-06-21 23:05:27,26.19999
2019-06-21 23:05:59,25.68
2019-06-21 23:06:24,25.88999
2019-06-21 23:07:19,26.12999
2019-06-21 23:08:13,26.12999
2019-06-21 23:08:55,26.54999
2019-06-21 23:09:49,26.54999
2019-06-21 23:10:06,26.68999
2019-06-21 23:11:01,26.68999
2019-06-21 23:11:44,27.00999
2019-06-21 23:12:39,27.00999
2019-06-21 23:13:39,27.24
2019-06-21 23:14:34,27.24
2019-06-21 23:15:36,27.39999
2019-06-21 23:16:31,27.39999
2019-06-21 23:17:19,27.74999
2019-06-21 23:20:14,27.74999
2019-06-21 23:20:40,27.04999
2019-06-21 23:21:04,27.62
2019-06-21 23:21:44,27.08999
2019-06-21 23:22:00,27.56
2019-06-21 23:22:25,26.58
2019-06-21 23:22:41,27.59
2019-06-21 23:23:01,27.15999
2019-06-21 23:23:56,27.15999
2019-06-21 23:24:04,27.53
2019-06-21 23:24:17,26.50999
2019-06-21 23:24:45,27.08999
2019-06-21 23:24:59,25.93
2019-06-21 23:25:10,26.66999
2019-06-21 23:25:52,26.37
2019-06-21 23:26:46,26.37
2019-06-21 23:27:25,26.08999
2019-06-21 23:28:20,26.08999
2019-06-21 23:28:34,25.73999
2019-06-21 23:29:18,25.49999
2019-06-21 23:30:09,25.41
2019-06-21 23:31:03,25.41
2019-06-21 23:31:14,25.05999
2019-06-21 23:32:09,25.05999
2019-06-21 23:32:37,25.44999
2019-06-21 23:33:12,25.16999
2019-06-21 23:34:07,25.16999
2019-06-21 23:34:55,25.45999
2019-06-21 23:36:49,25.45999
2019-06-21 23:37:39,25.84999
2019-06-21 23:38:33,25.84999
2019-06-21 23:39:11,26.14999
2019-06-21 23:39:47,26.53999
2019-06-21 23:40:41,26.53999
2019-06-21 23:41:42,26.27
2019-06-21 23:42:36,26.27
2019-06-21 23:43:21,25.87999
2019-06-21 23:43:43,26.89
2019-06-21 23:43:56,25.86999
2019-06-21 23:44:50,25.86999
2019-06-21 23:45:40,26.46999
2019-06-21 23:46:33,27.49999
2019-06-21 23:46:45,25.61
2019-06-21 23:46:57,26.83999
2019-06-21 23:47:51,26.83999
2019-06-21 23:48:10,27.3
2019-06-21 23:49:04,27.3
2019-06-21 23:49:52,27.86
2019-06-21 23:50:19,26.54999
2019-06-21 23:50:30,27.88
2019-06-21 23:51:01,27.37
2019-06-21 23:51:26,27.98999
2019-06-21 23:51:51,27.55
2019-06-21 23:52:10,28.11999
2019-06-21 23:55:04,28.11999
2019-06-21 23:55:14,27.34999
2019-06-21 23:57:09,27.34999
2019-06-21 23:58:14,26.78999
2019-06-21 23:58:51,27.21
2019-06-21 23:59:29,26.79999
2019-06-22 00:00:23,26.79999
2019-06-22 00:00:48,26.50999
2019-06-22 00:01:42,26.50999
2019-06-22 00:01:51,26.83999
2019-06-22 00:02:29,26.74999
2019-06-22 00:03:23,26.74999
2019-06-22 00:03:34,26.42999
2019-06-22 00:05:29,26.42999
2019-06-22 00:06:22,26.13999
2019-06-22 00:07:17,26.13999
2019-06-22 00:07:53,26.37
2019-06-22 00:08:30,26.02999
2019-06-22 00:09:07,26.41999
2019-06-22 00:11:02,26.41999
2019-06-22 00:12:05,26.72999
2019-06-22 00:12:40,26.98999
2019-06-22 00:13:22,27.44999
2019-06-22 00:14:17,26.14999
2019-06-22 00:14:37,26.73999
2019-06-22 00:14:47,27.70999
2019-06-22 00:14:58,26.02999
2019-06-22 00:15:12,26.76999
2019-06-22 00:16:06,26.76999
2019-06-22 00:16:52,27.57
2019-06-22 00:17:03,26.08999
2019-06-22 00:17:21,26.57
2019-06-22 00:17:34,27.77999
2019-06-22 00:17:44,26.35999
2019-06-22 00:17:59,27.94999
2019-06-22 00:18:30,27.23
2019-06-22 00:18:46,28.08999
2019-06-22 00:19:09,26.85999
2019-06-22 00:19:23,28.02999
2019-06-22 00:19:59,26.79999
2019-06-22 00:20:10,27.99999
2019-06-22 00:20:39,26.39
2019-06-22 00:20:51,27.73999
2019-06-22 00:21:22,26.69999
2019-06-22 00:21:40,27.71999
2019-06-22 00:22:05,26.9
2019-06-22 00:22:20,27.86
2019-06-22 00:23:14,27.86
2019-06-22 00:23:40,27.62999
2019-06-22 00:24:35,27.62999
2019-06-22 00:24:59,27.27
2019-06-22 00:25:41,27.05999
2019-06-22 00:26:27,26.57
2019-06-22 00:27:21,26.57
2019-06-22 00:27:38,26.09999
2019-06-22 00:28:21,26.27999
2019-06-22 00:29:16,26.27999
2019-06-22 00:29:30,25.81999
2019-06-22 00:30:25,25.81999
2019-06-22 00:31:18,25.62
2019-06-22 00:32:13,25.62
2019-06-22 00:32:57,25.85999
2019-06-22 00:33:52,25.85999
2019-06-22 00:34:57,26.39999
2019-06-22 00:35:26,25.89999
2019-06-22 00:35:52,26.44999
2019-06-22 00:38:47,26.44999
2019-06-22 00:39:43,25.42999
2019-06-22 00:40:05,26.69999
2019-06-22 00:40:22,25.15999
2019-06-22 00:40:34,26.20999
2019-06-22 00:41:06,25.37999
2019-06-22 00:41:21,25.86999
2019-06-22 00:41:50,26.26
2019-06-22 00:42:13,26.73999
2019-06-22 00:42:52,27.91999
2019-06-22 00:43:05,26.46999
2019-06-22 00:43:14,27.85
2019-06-22 00:43:37,27.09999
2019-06-22 00:44:19,27.93
2019-06-22 00:44:49,27.46999
2019-06-22 00:45:10,27.79999
2019-06-22 00:46:01,27.25
2019-06-22 00:46:15,28.17
2019-06-22 00:48:10,28.17
2019-06-22 00:48:25,28.71999
2019-06-22 00:49:13,28.57999
2019-06-22 00:50:08,28.57999
2019-06-22 00:50:42,29.03999
2019-06-22 00:51:07,28.18
2019-06-22 00:51:54,28.39999
2019-06-22 00:52:32,28.08999
2019-06-22 00:53:27,28.08999
2019-06-22 00:54:09,27.96
2019-06-22 00:55:03,27.96
2019-06-22 00:55:53,27.22
2019-06-22 00:56:27,27.38999
2019-06-22 00:57:22,27.38999
2019-06-22 00:57:51,27.01999
2019-06-22 00:58:46,27.01999
2019-06-22 00:59:36,26.71
2019-06-22 01:00:19,26.39
2019-06-22 01:01:14,26.14999
2019-06-22 01:01:45,25.73
2019-06-22 01:03:40,25.73
2019-06-22 01:04:12,25.49999
2019-06-22 01:04:58,25.93
2019-06-22 01:06:52,25.93
2019-06-22 01:07:25,25.05
2019-06-22 01:07:35,26.41999
2019-06-22 01:08:28,25.68999
2019-06-22 01:08:47,26.32999
2019-06-22 01:10:42,26.32999
2019-06-22 01:11:08,26.96999
2019-06-22 01:11:22,25.61
2019-06-22 01:11:37,26.25
2019-06-22 01:11:59,25.07
2019-06-22 01:12:11,26.02999
2019-06-22 01:13:06,26.02999
2019-06-22 01:13:51,26.63
2019-06-22 01:14:39,27.43999
2019-06-22 01:14:52,26.08999
2019-06-22 01:15:08,26.59999
2019-06-22 01:15:19,27.96
2019-06-22 01:15:30,26.52999
2019-06-22 01:15:42,27.32
2019-06-22 01:16:39,27.91
2019-06-22 01:16:56,26.21999
2019-06-22 01:17:07,27.50999
2019-06-22 01:17:31,28.23999
2019-06-22 01:17:39,26.47999
2019-06-22 01:17:49,27.76999
2019-06-22 01:18:44,27.76999
2019-06-22 01:19:29,28.63999
2019-06-22 01:19:47,27.59999
2019-06-22 01:20:03,28.36999
2019-06-22 01:21:58,28.36999
2019-06-22 01:22:45,28.91
2019-06-22 01:23:39,28.91
2019-06-22 01:24:18,28.54
2019-06-22 01:25:13,28.54
2019-06-22 01:26:07,28.00999
2019-06-22 01:27:01,28.00999
2019-06-22 01:27:30,27.79999
2019-06-22 01:28:25,27.79999
2019-06-22 01:28:33,27.61
2019-06-22 01:29:04,27.3
2019-06-22 01:30:59,27.3
2019-06-22 01:31:30,27.07999
2019-06-22 01:32:05,26.96
2019-06-22 01:32:44,26.43999
2019-06-22 01:34:38,26.43999
2019-06-22 01:35:31,26.21999
2019-06-22 01:36:25,26.21999
2019-06-22 01:37:07,25.89999
2019-06-22 01:37:45,26.25
2019-06-22 01:38:39,26.25
2019-06-22 01:39:40,26.61
2019-06-22 01:40:34,26.61
2019-06-22 01:41:03,25.68999
2019-06-22 01:41:15,27.04999
2019-06-22 01:41:36,25.96
2019-06-22 01:41:49,27.11999
2019-06-22 01:42:40,26.84999
2019-06-22 01:43:35,26.84999
2019-06-22 01:43:43,25.41
2019-06-22 01:43:57,26.45999
2019-06-22 01:44:51,26.45999
2019-06-22 01:45:53,25.68
2019-06-22 01:46:07,26.93999
2019-06-22 01:46:33,25.73
2019-06-22 01:46:49,26.9
2019-06-22 01:47:42,28.09999
2019-06-22 01:47:55,26.16999
2019-06-22 01:48:09,27.42999
2019-06-22 01:48:45,26.93
2019-06-22 01:49:05,27.96999
2019-06-22 01:50:00,27.96999
2019-06-22 01:50:34,28.71999
2019-06-22 01:50:47,27.25
2019-06-22 01:50:58,28.27
2019-06-22 01:51:22,28.8
2019-06-22 01:51:36,28.21
2019-06-22 01:51:50,28.99999
2019-06-22 01:52:13,27.68999
2019-06-22 01:52:26,28.70999
2019-06-22 01:53:09,28.04999
2019-06-22 01:53:20,29.09999
2019-06-22 01:53:39,27.93
2019-06-22 01:53:52,28.86
2019-06-22 01:54:50,29.16999
2019-06-22 01:55:14,28.57
2019-06-22 01:56:12,28.22
2019-06-22 01:57:06,28.22
2019-06-22 01:57:18,27.65999
2019-06-22 01:57:40,27.96999
2019-06-22 01:58:31,27.57999
2019-06-22 01:59:23,27.24
2019-06-22 01:59:58,26.71
2019-06-22 02:00:53,26.71
2019-06-22 02:01:08,26.34999
2019-06-22 02:01:56,25.96
2019-06-22 02:02:51,25.96
2019-06-22 02:02:59,25.74999
2019-06-22 02:03:39,25.36
2019-06-22 02:04:33,25.36
2019-06-22 02:05:22,25.31
2019-06-22 02:07:17,25.31
2019-06-22 02:07:39,25.62
2019-06-22 02:08:24,24.66
2019-06-22 02:08:41,25.08999
2019-06-22 02:09:34,25.08999
2019-06-22 02:09:51,24.56999
2019-06-22 02:10:13,25.62
2019-06-22 02:10:34,24.53999
2019-06-22 02:11:04,25.36
2019-06-22 02:11:26,24.83999
2019-06-22 02:11:37,26.20999
2019-06-22 02:11:58,25.37
2019-06-22 02:12:36,25.6
2019-06-22 02:13:00,25.86999
2019-06-22 02:13:11,26.86999
2019-06-22 02:13:22,25.75999
2019-06-22 02:13:47,26.40999
2019-06-22 02:14:25,27.03999
2019-06-22 02:15:19,27.03999
2019-06-22 02:15:26,27.34999
2019-06-22 02:16:21,27.34999
2019-06-22 02:16:34,27.71999
2019-06-22 02:17:13,28.57999
2019-06-22 02:18:08,28.57999
2019-06-22 02:18:37,29.03999
2019-06-22 02:20:31,29.03999
2019-06-22 02:20:39,29.53999
2019-06-22 02:21:21,29.10999
2019-06-22 02:22:15,29.10999
2019-06-22 02:22:27,28.55
2019-06-22 02:23:22,28.55
2019-06-22 02:23:44,28.21
2019-06-22 02:24:36,27.76999
2019-06-22 02:25:35,27.52
2019-06-22 02:26:29,27.52
2019-06-22 02:27:11,26.96999
2019-06-22 02:28:05,26.96999
2019-06-22 02:28:23,26.72999
2019-06-22 02:29:04,26.34999
2019-06-22 02:29:58,26.34999
2019-06-22 02:30:21,26.13999
2019-06-22 02:31:14,25.74999
2019-06-22 02:31:46,25.22999
2019-06-22 02:33:41,25.22999
2019-06-22 02:33:52,25.57999
2019-06-22 02:34:41,26.09999
2019-06-22 02:35:28,25.82999
2019-06-22 02:35:45,26.50999
2019-06-22 02:36:15,25.41999
2019-06-22 02:36:28,26.13999
2019-06-22 02:37:22,25.66
2019-06-22 02:38:16,25.66
2019-06-22 02:38:34,26.05
2019-06-22 02:39:29,26.05
2019-06-22 02:39:39,26.54999
2019-06-22 02:40:33,26.54999
2019-06-22 02:40:55,27.75999
2019-06-22 02:41:50,27.75999
2019-06-22 02:42:44,28.74999
2019-06-22 02:42:56,27.61
2019-06-22 02:43:06,28.59999
2019-06-22 02:43:34,28.02999
2019-06-22 02:44:05,28.86
2019-06-22 02:44:25,28.52
2019-06-22 02:45:20,28.52
2019-06-22 02:45:35,29.07999
2019-06-22 02:46:20,28.55999
2019-06-22 02:46:37,29.02999
2019-06-22 02:47:30,28.65999
2019-06-22 02:48:25,28.65999
2019-06-22 02:49:14,28.46999
2019-06-22 02:50:13,28.3
2019-06-22 02:53:07,28.3
2019-06-22 02:54:08,28.06999
2019-06-22 02:54:57,28.27
2019-06-22 02:55:51,28.27
2019-06-22 02:56:10,27.99999
2019-06-22 02:56:55,27.57
2019-06-22 02:57:20,26.79999
2019-06-22 02:57:42,27.27999
2019-06-22 02:58:37,27.27999
2019-06-22 02:59:20,27.77999
2019-06-22 03:00:15,27.50999
2019-06-22 03:02:10,27.50999
2019-06-22 03:02:20,27.23
2019-06-22 03:03:18,26.73999
2019-06-22 03:03:48,27.01999
2019-06-22 03:04:35,26.44999
2019-06-22 03:05:32,25.92
2019-06-22 03:06:25,25.71
2019-06-22 03:07:19,25.71
2019-06-22 03:07:32,25.32
2019-06-22 03:07:50,25.86999
2019-06-22 03:08:45,25.86999
2019-06-22 03:09:16,26.10999
2019-06-22 03:10:10,26.10999
2019-06-22 03:10:25,25.39999
2019-06-22 03:10:42,26.09999
2019-06-22 03:11:15,25.54999
2019-06-22 03:12:07,26.86999
2019-06-22 03:12:31,25.84999
2019-06-22 03:12:53,26.56
2019-06-22 03:13:33,27.48999
2019-06-22 03:13:56,26.32999
2019-06-22 03:14:06,27.25999
2019-06-22 03:14:38,26.10999
2019-06-22 03:14:47,27.30999
2019-06-22 03:15:09,28.25
2019-06-22 03:15:18,26.64
2019-06-22 03:15:28,28.13999
2019-06-22 03:16:02,26.71
2019-06-22 03:16:13,28.23999
2019-06-22 03:16:43,26.93
2019-06-22 03:16:59,27.72999
2019-06-22 03:17:58,28.94999
2019-06-22 03:18:11,27.54
2019-06-22 03:18:22,28.65999
2019-06-22 03:19:00,28.21
2019-06-22 03:19:17,29.44
2019-06-22 03:19:40,29.35999
2019-06-22 03:20:33,29.06999
2019-06-22 03:22:28,29.06999
2019-06-22 03:22:58,28.3
2019-06-22 03:23:45,27.98
2019-06-22 03:24:14,27.65999
2019-06-22 03:24:54,28.17
2019-06-22 03:25:22,28.55999
2019-06-22 03:26:10,28.87
2019-06-22 03:26:57,28.14999
2019-06-22 03:27:22,26.75999
2019-06-22 03:28:17,26.75999
2019-06-22 03:28:38,26.37
2019-06-22 03:29:18,27.29
2019-06-22 03:29:28,26.34999
2019-06-22 03:29:41,27.47999
2019-06-22 03:30:07,26.83999
2019-06-22 03:30:32,27.44999
2019-06-22 03:31:00,27.13999
2019-06-22 03:31:54,26.95
2019-06-22 03:32:48,26.95
2019-06-22 03:33:02,27.29
2019-06-22 03:33:56,27.29
2019-06-22 03:34:29,27.10999
2019-06-22 03:35:24,27.10999
2019-06-22 03:35:29,27.47999
2019-06-22 03:37:24,27.47999
2019-06-22 03:37:33,27.88
2019-06-22 03:39:28,27.88
2019-06-22 03:39:48,28.10999
2019-06-22 03:40:42,28.10999
2019-06-22 03:41:35,27.67999
2019-06-22 03:41:56,28.40999
2019-06-22 03:42:12,27.81999
2019-06-22 03:42:36,28.55999
2019-06-22 03:42:47,27.09999
2019-06-22 03:43:05,27.91
2019-06-22 03:43:59,27.91
2019-06-22 03:44:16,27.21
2019-06-22 03:44:35,28.03999
2019-06-22 03:45:03,27.64999
2019-06-22 03:45:42,26.98999
2019-06-22 03:46:37,26.98999
2019-06-22 03:47:07,26.46999
2019-06-22 03:47:34,27.09999
2019-06-22 03:48:03,27.62
2019-06-22 03:48:46,28.18
2019-06-22 03:49:40,28.18
2019-06-22 03:50:38,27.47999
2019-06-22 03:51:33,27.47999
2019-06-22 03:51:52,26.77999
2019-06-22 03:52:25,27.70999
2019-06-22 03:52:42,27.11999
2019-06-22 03:52:58,27.80999
2019-06-22 03:53:18,28.32999
2019-06-22 03:54:00,28.92999
2019-06-22 03:54:54,28.92999
2019-06-22 03:55:18,28.74999
2019-06-22 03:57:12,28.74999
2019-06-22 03:57:45,28.86
2019-06-22 03:58:15,27.98999
2019-06-22 03:58:33,28.5
2019-06-22 03:59:21,27.98
2019-06-22 04:00:15,27.98
2019-06-22 04:00:49,27.72999
2019-06-22 04:01:43,27.72999
2019-06-22 04:02:35,27.27
2019-06-22 04:03:13,27.40999
2019-06-22 04:03:51,27.22
2019-06-22 04:04:31,26.72999
2019-06-22 04:05:04,27.34999
2019-06-22 04:05:59,27.34999
2019-06-22 04:06:06,27.04999
2019-06-22 04:06:36,27.59
2019-06-22 04:07:30,27.59
2019-06-22 04:08:35,28.02999
2019-06-22 04:09:15,27.73999
2019-06-22 04:09:57,28.21
2019-06-22 04:10:52,28.21
2019-06-22 04:11:04,27.88
2019-06-22 04:11:27,28.5
2019-06-22 04:12:04,28.33999
2019-06-22 04:13:59,28.33999
2019-06-22 04:14:10,28.05999
2019-06-22 04:14:53,28.36999
2019-06-22 04:16:47,28.36999
2019-06-22 04:17:33,27.76999
2019-06-22 04:18:19,27.25
2019-06-22 04:18:59,26.58
2019-06-22 04:19:44,27.0
2019-06-22 04:20:18,27.67999
2019-06-22 04:21:12,27.67999
2019-06-22 04:21:55,26.42999
2019-06-22 04:22:26,25.73
2019-06-22 04:22:50,26.22999
2019-06-22 04:23:32,27.04999
2019-06-22 04:24:15,26.79999
2019-06-22 04:24:26,26.16999
2019-06-22 04:24:56,26.32999
2019-06-22 04:25:12,25.58999
2019-06-22 04:25:36,26.59999
2019-06-22 04:25:52,25.98
2019-06-22 04:26:02,27.44999
2019-06-22 04:26:24,26.17999
2019-06-22 04:26:45,27.06999
2019-06-22 04:27:39,27.06999
2019-06-22 04:28:02,27.57999
2019-06-22 04:28:57,27.57999
2019-06-22 04:29:21,26.58
2019-06-22 04:29:35,27.55
2019-06-22 04:30:11,28.10999
2019-06-22 04:31:05,28.10999
2019-06-22 04:31:29,28.14999
2019-06-22 04:31:58,28.42999
2019-06-22 04:32:52,28.42999
2019-06-22 04:33:48,28.89
2019-06-22 04:34:43,28.89
2019-06-22 04:34:53,28.65999
2019-06-22 04:35:47,28.65999
2019-06-22 04:36:01,28.51
2019-06-22 04:36:33,28.13999
2019-06-22 04:37:28,28.13999
2019-06-22 04:37:54,28.41999
2019-06-22 04:38:49,27.81999
2019-06-22 04:39:28,27.25
2019-06-22 04:40:02,26.71999
2019-06-22 04:40:34,26.09999
2019-06-22 04:41:29,26.58
2019-06-22 04:42:07,27.00999
2019-06-22 04:42:49,26.54999
2019-06-22 04:43:44,26.54999
2019-06-22 04:44:10,25.41
2019-06-22 04:44:35,26.13999
2019-06-22 04:44:51,25.42999
2019-06-22 04:45:45,25.42999
2019-06-22 04:46:50,25.54999
2019-06-22 04:47:17,26.84999
2019-06-22 04:47:31,25.62
2019-06-22 04:47:53,26.82999
2019-06-22 04:48:23,26.12999
2019-06-22 04:48:37,27.29
2019-06-22 04:49:31,27.29
2019-06-22 04:50:07,27.96
2019-06-22 04:51:01,27.96
2019-06-22 04:51:39,28.59
2019-06-22 04:52:05,28.3
2019-06-22 04:52:24,28.87
2019-06-22 04:52:35,27.57999
2019-06-22 04:52:44,28.66999
2019-06-22 04:53:10,27.78999
2019-06-22 04:53:42,29.10999
2019-06-22 04:53:58,27.49999
2019-06-22 04:54:11,28.57
2019-06-22 04:55:06,29.37999
2019-06-22 04:55:21,27.77999
2019-06-22 04:55:34,29.16999
2019-06-22 04:56:04,27.88
2019-06-22 04:56:16,29.25999
2019-06-22 04:56:51,28.68999
2019-06-22 04:57:14,29.45
2019-06-22 04:57:34,29.05999
2019-06-22 04:57:52,29.84999
2019-06-22 04:58:16,29.13
2019-06-22 04:58:42,29.55
2019-06-22 05:00:36,29.55
2019-06-22 05:01:02,28.71999
2019-06-22 05:01:17,29.71999
2019-06-22 05:01:48,29.48
2019-06-22 05:03:42,29.48
2019-06-22 05:03:49,29.13
2019-06-22 05:04:48,29.26999
2019-06-22 05:05:35,28.70999
2019-06-22 05:06:00,29.2
2019-06-22 05:06:49,28.91
2019-06-22 05:08:44,28.91
2019-06-22 05:08:56,28.57
2019-06-22 05:10:51,28.57
2019-06-22 05:11:01,28.04999
2019-06-22 05:11:55,28.04999
2019-06-22 05:12:06,28.62999
2019-06-22 05:12:23,27.9
2019-06-22 05:12:41,28.52999
2019-06-22 05:13:07,28.28999
2019-06-22 05:14:01,28.28999
2019-06-22 05:14:31,27.93
2019-06-22 05:15:25,27.93
2019-06-22 05:15:42,28.23
2019-06-22 05:16:03,27.96
2019-06-22 05:16:24,27.37
2019-06-22 05:16:48,26.88
2019-06-22 05:17:18,26.26
2019-06-22 05:17:36,26.96999
2019-06-22 05:18:17,27.57999
2019-06-22 05:19:12,27.57999
2019-06-22 05:19:21,27.2
2019-06-22 05:19:54,26.67999
2019-06-22 05:20:27,26.16999
2019-06-22 05:21:21,26.16999
2019-06-22 05:21:28,26.62
2019-06-22 05:21:50,27.13999
2019-06-22 05:22:25,27.57999
2019-06-22 05:22:53,28.07999
2019-06-22 05:23:38,26.67999
2019-06-22 05:25:32,26.67999
2019-06-22 05:25:54,27.59
2019-06-22 05:26:28,27.82999
2019-06-22 05:26:46,28.64999
2019-06-22 05:27:46,29.36999
2019-06-22 05:28:12,30.09
2019-06-22 05:30:07,30.09
2019-06-22 05:30:51,29.14
2019-06-22 05:31:08,30.12
2019-06-22 05:31:39,29.72999
2019-06-22 05:31:52,30.4
2019-06-22 05:32:16,30.19999
2019-06-22 05:32:33,30.68999
2019-06-22 05:32:49,30.31999
2019-06-22 05:33:08,31.14999
2019-06-22 05:33:32,30.51999
2019-06-22 05:34:26,30.51999
2019-06-22 05:34:33,30.70999
2019-06-22 05:35:27,30.31999
2019-06-22 05:37:22,30.31999
2019-06-22 05:37:39,29.86
2019-06-22 05:38:26,30.00999
2019-06-22 05:39:01,29.62999
2019-06-22 05:39:55,29.62999
2019-06-22 05:40:18,29.35999
2019-06-22 05:41:13,28.89
2019-06-22 05:41:41,28.59999
2019-06-22 05:42:06,28.27999
2019-06-22 05:43:00,28.27999
2019-06-22 05:43:06,28.94999
2019-06-22 05:43:36,28.54
2019-06-22 05:44:27,28.01999
2019-06-22 05:45:14,28.23999
2019-06-22 05:46:05,27.46999
2019-06-22 05:46:35,27.86
2019-06-22 05:47:30,27.86
2019-06-22 05:47:55,27.69999
2019-06-22 05:48:49,27.69999
2019-06-22 05:49:08,27.40999
2019-06-22 05:50:02,26.81999
2019-06-22 05:50:56,26.81999
2019-06-22 05:51:50,27.52
2019-06-22 05:52:40,28.07999
2019-06-22 05:53:34,28.07999
2019-06-22 05:53:49,26.67999
2019-06-22 05:54:09,26.96999
2019-06-22 05:55:05,27.71999
2019-06-22 05:55:23,27.18999
2019-06-22 05:56:17,27.43999
2019-06-22 05:56:47,28.06999
2019-06-22 05:57:03,28.55
2019-06-22 05:57:36,29.55
2019-06-22 05:58:30,30.18999
2019-06-22 05:58:47,28.96999
2019-06-22 05:59:11,29.57999
2019-06-22 05:59:53,29.90999
2019-06-22 06:00:47,29.90999
2019-06-22 06:01:07,30.73
2019-06-22 06:01:31,30.50999
2019-06-22 06:01:42,29.60999
2019-06-22 06:01:56,30.28999
2019-06-22 06:02:18,29.36999
2019-06-22 06:03:11,29.03999
2019-06-22 06:04:06,29.03999
2019-06-22 06:04:17,28.87
2019-06-22 06:05:11,28.87
2019-06-22 06:05:35,28.73999
2019-06-22 06:06:29,28.73999
2019-06-22 06:06:57,28.60999
2019-06-22 06:08:51,28.60999
2019-06-22 06:09:34,29.02999
2019-06-22 06:10:00,28.70999
2019-06-22 06:10:46,28.40999
2019-06-22 06:11:43,28.25
2019-06-22 06:12:16,27.91999
2019-06-22 06:13:02,27.57
2019-06-22 06:13:56,27.57
2019-06-22 06:14:08,27.05999
2019-06-22 06:14:51,27.30999
2019-06-22 06:15:38,26.98
2019-06-22 06:16:38,26.45999
2019-06-22 06:19:33,26.45999
2019-06-22 06:19:59,26.16999
2019-06-22 06:20:23,26.57
2019-06-22 06:21:17,26.57
2019-06-22 06:21:24,26.00999
2019-06-22 06:21:40,26.54999
2019-06-22 06:22:09,25.52999
2019-06-22 06:22:26,26.61
2019-06-22 06:22:49,26.00999
2019-06-22 06:23:09,26.61
2019-06-22 06:23:21,25.75999
2019-06-22 06:23:50,27.0
2019-06-22 06:24:10,26.02
2019-06-22 06:24:54,26.19999
2019-06-22 06:25:09,26.48999
2019-06-22 06:25:28,26.72999
2019-06-22 06:25:55,27.99999
2019-06-22 06:26:16,26.80999
2019-06-22 06:26:38,28.2
2019-06-22 06:27:33,29.10999
2019-06-22 06:27:44,28.59999
2019-06-22 06:28:12,29.08999
2019-06-22 06:29:06,29.08999
2019-06-22 06:29:57,29.49
2019-06-22 06:30:44,28.65999
2019-06-22 06:31:03,29.53999
2019-06-22 06:31:24,29.23999
2019-06-22 06:34:18,29.23999
2019-06-22 06:34:54,28.57999
2019-06-22 06:36:49,28.57999
2019-06-22 06:36:56,28.34999
2019-06-22 06:37:37,28.12999
2019-06-22 06:38:16,27.93
2019-06-22 06:39:10,27.93
2019-06-22 06:39:17,27.67999
2019-06-22 06:40:05,27.37
2019-06-22 06:42:00,27.37
2019-06-22 06:42:24,26.91
2019-06-22 06:43:05,27.08999
2019-06-22 06:44:00,27.08999
2019-06-22 06:44:50,27.22
2019-06-22 06:45:44,27.22
2019-06-22 06:46:02,27.43999
2019-06-22 06:46:56,27.43999
2019-06-22 06:47:12,27.69999
2019-06-22 06:48:06,27.69999
2019-06-22 06:48:37,28.05999
2019-06-22 06:49:01,27.35999
2019-06-22 06:49:18,28.18
2019-06-22 06:49:45,27.93999
2019-06-22 06:51:40,27.93999
2019-06-22 06:51:47,27.33999
2019-06-22 06:52:20,27.74999
2019-06-22 06:52:57,26.96999
2019-06-22 06:53:32,28.14999
2019-06-22 06:53:48,27.22
2019-06-22 06:54:03,28.27999
2019-06-22 06:54:27,27.10999
2019-06-22 06:54:50,27.96999
2019-06-22 06:56:45,27.96999
2019-06-22 06:57:37,28.23999
2019-06-22 06:58:24,28.67999
2019-06-22 06:58:46,27.43999
2019-06-22 06:59:07,28.00999
2019-06-22 06:59:54,29.02999
2019-06-22 07:00:18,28.39999
2019-06-22 07:00:35,28.94999
2019-06-22 07:01:30,28.94999
2019-06-22 07:02:01,29.13
2019-06-22 07:02:56,29.13
2019-06-22 07:03:37,28.35999
2019-06-22 07:04:10,28.72999
2019-06-22 07:04:21,27.71999
2019-06-22 07:04:46,28.38999
2019-06-22 07:05:18,27.41999
2019-06-22 07:05:30,28.32999
2019-06-22 07:06:11,28.08999
2019-06-22 07:06:32,27.53
2019-06-22 07:07:27,27.53
2019-06-22 07:07:40,27.02999
2019-06-22 07:08:33,27.02999
2019-06-22 07:09:37,27.25
2019-06-22 07:10:32,27.25
2019-06-22 07:10:38,26.96999
2019-06-22 07:11:32,26.71
2019-06-22 07:12:20,26.42999
2019-06-22 07:13:15,26.42999
2019-06-22 07:14:13,26.21999
2019-06-22 07:17:07,26.21999
2019-06-22 07:17:58,26.43999
2019-06-22 07:18:53,26.71999
2019-06-22 07:19:31,26.98
2019-06-22 07:20:25,26.98
2019-06-22 07:21:03,27.40999
2019-06-22 07:21:14,26.3
2019-06-22 07:21:44,27.44999
2019-06-22 07:21:54,26.18999
2019-06-22 07:22:06,27.23
2019-06-22 07:22:37,25.95
2019-06-22 07:22:53,26.98
2019-06-22 07:23:25,26.34
2019-06-22 07:23:53,26.93
2019-06-22 07:24:05,25.86999
2019-06-22 07:24:25,26.16999
2019-06-22 07:25:19,26.16999
2019-06-22 07:25:59,27.52
2019-06-22 07:26:13,27.06999
2019-06-22 07:26:43,27.80999
2019-06-22 07:27:11,27.64
2019-06-22 07:28:06,27.64
2019-06-22 07:28:32,26.24
2019-06-22 07:28:44,27.08999
2019-06-22 07:29:25,26.27
2019-06-22 07:29:46,26.64
2019-06-22 07:30:15,27.64
2019-06-22 07:30:25,26.09999
2019-06-22 07:30:36,27.0
2019-06-22 07:31:06,25.75999
2019-06-22 07:31:18,26.96
2019-06-22 07:32:11,26.85999
2019-06-22 07:32:57,26.51999
2019-06-22 07:33:50,26.51999
2019-06-22 07:34:20,26.83999
2019-06-22 07:35:20,27.12999
2019-06-22 07:36:08,27.37
2019-06-22 07:36:34,27.07999
2019-06-22 07:37:32,27.44999
2019-06-22 07:42:26,27.44999
2019-06-22 07:42:44,27.37
2019-06-22 07:43:17,26.95
2019-06-22 07:44:12,26.95
2019-06-22 07:44:56,26.44999
2019-06-22 07:45:34,26.69999
2019-06-22 07:46:08,26.57
2019-06-22 07:47:03,26.57
2019-06-22 07:47:30,26.13999
2019-06-22 07:48:25,26.13999
2019-06-22 07:48:32,26.39999
2019-06-22 07:49:26,26.39999
2019-06-22 07:50:23,26.15999
2019-06-22 07:50:58,26.67999
2019-06-22 07:51:53,26.67999
2019-06-22 07:52:23,26.61
2019-06-22 07:53:21,26.34
2019-06-22 07:55:16,26.34
2019-06-22 07:56:04,26.27999
2019-06-22 07:58:57,26.27999
2019-06-22 07:59:50,26.64
2019-06-22 08:00:33,25.39999
2019-06-22 08:00:59,26.42999
2019-06-22 08:01:25,25.75999
2019-06-22 08:01:46,26.59999
2019-06-22 08:02:06,25.51999
2019-06-22 08:02:21,26.68999
2019-06-22 08:02:47,25.64
2019-06-22 08:03:07,26.54999
2019-06-22 08:05:01,26.54999
2019-06-22 08:06:04,27.30999
2019-06-22 08:06:21,26.26
2019-06-22 08:06:31,27.34999
2019-06-22 08:07:25,27.34999
2019-06-22 08:07:37,27.86
2019-06-22 08:09:31,27.86
2019-06-22 08:10:01,28.39999
2019-06-22 08:10:33,27.91
2019-06-22 08:11:11,28.23999
2019-06-22 08:11:44,27.9
2019-06-22 08:12:19,27.62999
2019-06-22 08:12:58,27.18999
2019-06-22 08:13:52,27.18999
2019-06-22 08:14:54,26.85999
2019-06-22 08:15:48,26.85999
2019-06-22 08:16:04,26.47999
2019-06-22 08:16:58,26.47999
2019-06-22 08:17:34,26.02999
2019-06-22 08:21:28,26.02999
2019-06-22 08:21:42,26.44999
2019-06-22 08:23:35,26.44999
2019-06-22 08:24:22,26.14999
2019-06-22 08:26:16,26.14999
2019-06-22 08:26:29,24.93999
2019-06-22 08:26:39,26.25
2019-06-22 08:27:14,25.7
2019-06-22 08:27:50,26.16999
2019-06-22 08:28:16,25.66999
2019-06-22 08:28:51,26.26
2019-06-22 08:29:32,25.90999
2019-06-22 08:30:13,26.15999
2019-06-22 08:31:09,26.46999
2019-06-22 08:33:04,26.46999
2019-06-22 08:33:11,25.7
2019-06-22 08:33:28,26.24
2019-06-22 08:33:56,25.43999
2019-06-22 08:34:09,26.53999
2019-06-22 08:34:38,26.10999
2019-06-22 08:34:59,26.80999
2019-06-22 08:35:17,26.56
2019-06-22 08:36:11,26.56
2019-06-22 08:36:58,25.95
2019-06-22 08:37:21,26.26
2019-06-22 08:38:16,26.26
2019-06-22 08:38:43,26.05999
2019-06-22 08:45:38,26.05999
2019-06-22 08:45:46,26.42999
2019-06-22 08:46:40,26.42999
2019-06-22 08:46:56,26.78999
2019-06-22 08:47:49,26.78999
2019-06-22 08:48:24,26.95
2019-06-22 08:49:20,27.34999
2019-06-22 08:50:15,27.34999
2019-06-22 08:51:04,26.72999
2019-06-22 08:51:21,27.48999
2019-06-22 08:53:14,27.48999
2019-06-22 08:53:58,27.88
2019-06-22 08:54:58,27.24
2019-06-22 08:55:20,27.69999
2019-06-22 08:56:15,27.94999
2019-06-22 08:57:10,27.94999
2019-06-22 08:57:30,28.28999
2019-06-22 08:58:23,28.28999
2019-06-22 08:58:44,27.21
2019-06-22 08:59:00,28.23
2019-06-22 08:59:15,27.9
2019-06-22 09:00:02,28.31999
2019-06-22 09:00:42,28.54
2019-06-22 09:01:36,28.27999
2019-06-22 09:02:19,27.96999
2019-06-22 09:03:13,27.96999
2019-06-22 09:03:27,27.55
2019-06-22 09:04:22,27.55
2019-06-22 09:04:42,27.06999
2019-06-22 09:05:36,27.06999
2019-06-22 09:06:31,26.45999
2019-06-22 09:07:25,26.45999
2019-06-22 09:08:13,26.25
2019-06-22 09:09:07,26.25
2019-06-22 09:09:46,25.84999
2019-06-22 09:10:39,25.84999
2019-06-22 09:11:32,26.05
2019-06-22 09:12:26,26.05
2019-06-22 09:13:25,26.37999
2019-06-22 09:14:19,26.37999
2019-06-22 09:14:35,27.0
2019-06-22 09:15:12,26.76999
2019-06-22 09:15:58,27.15999
2019-06-22 09:16:49,26.10999
2019-06-22 09:17:01,27.47999
2019-06-22 09:17:35,26.27
2019-06-22 09:18:31,26.93999
2019-06-22 09:18:52,25.71
2019-06-22 09:19:15,26.63
2019-06-22 09:19:33,26.09999
2019-06-22 09:19:57,27.27999
2019-06-22 09:20:39,27.61
2019-06-22 09:21:19,28.41999
2019-06-22 09:21:45,27.05999
2019-06-22 09:21:58,28.11999
2019-06-22 09:22:50,28.67999
2019-06-22 09:23:31,28.48
2019-06-22 09:25:25,28.48
2019-06-22 09:25:41,28.96999
2019-06-22 09:26:14,28.45999
2019-06-22 09:30:08,28.45999
2019-06-22 09:30:21,28.2
2019-06-22 09:31:15,28.2
2019-06-22 09:31:28,28.34999
2019-06-22 09:34:23,28.34999
2019-06-22 09:34:33,28.06999
2019-06-22 09:35:28,28.06999
2019-06-22 09:36:10,27.62
2019-06-22 09:36:47,27.93999
2019-06-22 09:37:31,27.57
2019-06-22 09:38:21,27.9
2019-06-22 09:38:50,27.62999
2019-06-22 09:39:45,27.40999
2019-06-22 09:42:39,27.40999
2019-06-22 09:43:06,27.05999
2019-06-22 09:43:47,27.62999
2019-06-22 09:44:18,27.33999
2019-06-22 09:45:12,27.33999
2019-06-22 09:45:26,27.62999
2019-06-22 09:46:19,27.62999
2019-06-22 09:46:47,27.91999
2019-06-22 09:49:41,27.91999
2019-06-22 09:49:59,28.25999
2019-06-22 09:50:52,28.11999
2019-06-22 09:51:24,27.72999
2019-06-22 09:52:18,27.72999
2019-06-22 09:52:49,26.32999
2019-06-22 09:53:01,27.13999
2019-06-22 09:53:55,27.13999
2019-06-22 09:54:13,26.16999
2019-06-22 09:54:22,27.37
2019-06-22 09:54:50,26.57
2019-06-22 09:55:10,27.25
2019-06-22 09:56:10,27.70999
2019-06-22 09:56:22,26.32999
2019-06-22 09:56:33,27.43999
2019-06-22 09:57:27,27.43999
2019-06-22 09:58:12,28.41999
2019-06-22 09:58:25,27.62
2019-06-22 09:59:19,27.62
2019-06-22 09:59:33,28.81
2019-06-22 09:59:52,27.54
2019-06-22 10:00:04,28.72999
2019-06-22 10:00:25,27.93999
2019-06-22 10:00:45,28.52
2019-06-22 10:01:39,28.52
2019-06-22 10:02:15,28.91999
2019-06-22 10:02:42,28.5
2019-06-22 10:03:12,28.74999
2019-06-22 10:05:06,28.74999
2019-06-22 10:05:15,29.12
2019-06-22 10:06:09,29.12
2019-06-22 10:06:40,28.84999
2019-06-22 10:07:36,29.02999
2019-06-22 10:08:31,29.02999
2019-06-22 10:09:02,29.10999
2019-06-22 10:09:56,29.10999
2019-06-22 10:10:26,28.78999
2019-06-22 10:11:20,27.93999
2019-06-22 10:12:03,27.56
2019-06-22 10:12:33,27.32
2019-06-22 10:13:15,26.72999
2019-06-22 10:13:43,27.08999
2019-06-22 10:14:23,26.73999
2019-06-22 10:15:19,26.37
2019-06-22 10:17:13,26.37
2019-06-22 10:18:16,26.79999
2019-06-22 10:19:17,27.41999
2019-06-22 10:19:36,26.29
2019-06-22 10:19:59,27.67999
2019-06-22 10:20:12,26.02
2019-06-22 10:20:42,26.76999
2019-06-22 10:21:11,26.37
2019-06-22 10:21:48,26.91
2019-06-22 10:22:11,27.53
2019-06-22 10:22:30,27.03999
2019-06-22 10:22:53,27.48999
2019-06-22 10:23:39,28.23
2019-06-22 10:25:33,28.23
2019-06-22 10:25:50,28.57
2019-06-22 10:26:33,29.12
2019-06-22 10:28:26,29.12
2019-06-22 10:28:46,28.91999
2019-06-22 10:29:38,28.77999
2019-06-22 10:29:53,29.61999
2019-06-22 10:31:47,29.61999
2019-06-22 10:32:02,29.97999
2019-06-22 10:32:44,29.66999
2019-06-22 10:33:38,29.66999
2019-06-22 10:34:03,30.18999
2019-06-22 10:34:27,30.02999
2019-06-22 10:36:21,30.02999
2019-06-22 10:36:29,30.1
2019-06-22 10:37:24,30.1
2019-06-22 10:37:51,29.63999
2019-06-22 10:38:45,29.63999
2019-06-22 10:39:13,29.71999
2019-06-22 10:39:45,29.29999
2019-06-22 10:40:39,29.29999
2019-06-22 10:40:58,28.54
2019-06-22 10:41:38,27.85
2019-06-22 10:42:05,27.13999
2019-06-22 10:42:49,26.29
2019-06-22 10:43:39,25.64
2019-06-22 10:44:06,24.67
2019-06-22 10:44:28,24.14999
2019-06-22 10:44:55,23.46
2019-06-22 10:45:23,22.67999
2019-06-22 10:46:17,22.67999
2019-06-22 10:46:57,21.95999
2019-06-22 10:47:24,22.13
2019-06-22 10:48:11,22.30999
2019-06-22 10:48:26,20.87
2019-06-22 10:48:52,20.27999
2019-06-22 10:49:40,19.96999
2019-06-22 10:50:14,21.16
2019-06-22 10:50:26,19.91999
2019-06-22 10:50:45,20.59999
2019-06-22 10:50:58,21.71999
2019-06-22 10:51:09,22.61999
2019-06-22 10:52:02,23.00999
2019-06-22 10:52:17,23.82
2019-06-22 10:52:26,24.86999
2019-06-22 10:53:10,25.49999
2019-06-22 10:53:42,25.94
2019-06-22 10:54:10,26.40999
2019-06-22 10:54:43,27.07999
2019-06-22 10:55:09,27.44999
2019-06-22 10:55:30,28.17
2019-06-22 10:55:50,29.13
2019-06-22 10:56:03,30.16
2019-06-22 10:56:12,28.99999
2019-06-22 10:56:25,30.4
2019-06-22 10:56:59,29.31999
2019-06-22 10:57:21,29.68999
2019-06-22 10:57:50,29.08999
2019-06-22 10:58:41,28.67999
2019-06-22 10:59:11,28.30999
2019-06-22 10:59:44,27.57
2019-06-22 11:00:18,26.98
2019-06-22 11:00:35,26.27
2019-06-22 11:01:05,25.6
2019-06-22 11:01:34,24.90999
2019-06-22 11:01:52,24.07999
2019-06-22 11:02:24,23.29999
2019-06-22 11:02:40,22.82
2019-06-22 11:02:58,21.70999
2019-06-22 11:03:16,21.17
2019-06-22 11:03:38,20.30999
2019-06-22 11:03:56,19.7
2019-06-22 11:04:21,19.30999
2019-06-22 11:04:54,18.43
2019-06-22 11:05:31,17.96
2019-06-22 11:06:01,16.97
2019-06-22 11:06:19,16.49
2019-06-22 11:06:35,15.5
2019-06-22 11:07:02,14.91
2019-06-22 11:07:17,13.96
2019-06-22 11:07:36,13.22
2019-06-22 11:08:02,12.5
2019-06-22 11:08:32,11.78
2019-06-22 11:08:52,10.98
2019-06-22 11:09:20,10.33
2019-06-22 11:10:07,9.509996
2019-06-22 11:10:34,8.929998
2019-06-22 11:10:45,9.779999
2019-06-22 11:11:10,8.449997
2019-06-22 11:11:27,9.659998
2019-06-22 11:12:09,10.4
2019-06-22 11:12:41,10.93
2019-06-22 11:13:21,10.45
2019-06-22 11:14:00,10.59
2019-06-22 11:14:43,10.24
2019-06-22 11:15:19,10.02
2019-06-22 11:16:13,10.02
2019-06-22 11:16:20,9.379999
2019-06-22 11:16:44,8.989998
2019-06-22 11:17:18,8.379997
2019-06-22 11:17:47,8.929998
2019-06-22 11:18:42,8.929998
2019-06-22 11:19:00,8.649998
2019-06-22 11:19:54,8.649998
2019-06-22 11:20:21,8.939997
2019-06-22 11:21:15,8.939997
2019-06-22 11:21:22,9.809998
2019-06-22 11:22:10,10.29
2019-06-22 11:22:49,11.13
2019-06-22 11:23:43,11.13
2019-06-22 11:24:07,11.74
2019-06-22 11:24:37,11.46
2019-06-22 11:24:56,12.08
2019-06-22 11:25:50,12.08
2019-06-22 11:26:20,12.73
2019-06-22 11:27:14,12.73
2019-06-22 11:27:27,13.06
2019-06-22 11:28:21,13.06
2019-06-22 11:28:41,13.5
2019-06-22 11:29:21,14.25
2019-06-22 11:30:15,14.25
2019-06-22 11:30:37,14.26
2019-06-22 11:31:03,14.89
2019-06-22 11:31:39,14.76
2019-06-22 11:32:33,14.76
2019-06-22 11:33:05,15.14
2019-06-22 11:33:59,15.14
2019-06-22 11:34:21,16.41
2019-06-22 11:34:49,15.55
2019-06-22 11:35:44,15.55
2019-06-22 11:35:55,15.17
2019-06-22 11:36:32,14.82
2019-06-22 11:37:22,14.34
2019-06-22 11:38:15,14.34
2019-06-22 11:38:38,14.28
2019-06-22 11:39:38,14.0
2019-06-22 11:39:56,13.73
2019-06-22 11:41:50,13.73
2019-06-22 11:42:42,13.58999
2019-06-22 11:43:37,13.58999
2019-06-22 11:44:26,13.28
2019-06-22 11:45:24,12.81
2019-06-22 11:46:07,12.5
2019-06-22 11:49:00,12.5
2019-06-22 11:49:59,12.86
2019-06-22 11:50:53,12.86
2019-06-22 11:51:32,13.15
2019-06-22 11:52:18,13.69
2019-06-22 11:53:11,13.69
2019-06-22 11:53:40,14.57
2019-06-22 11:54:08,14.2
2019-06-22 11:54:44,14.45
2019-06-22 11:55:38,14.45
2019-06-22 11:56:04,14.73
2019-06-22 11:56:59,14.73
2019-06-22 11:58:02,15.42
2019-06-22 11:58:42,15.17
2019-06-22 11:59:43,15.69
2019-06-22 12:00:37,15.69
2019-06-22 12:01:22,16.14
2019-06-22 12:02:07,15.94
2019-06-22 12:03:02,15.94
2019-06-22 12:03:47,16.25
2019-06-22 12:04:41,16.25
2019-06-22 12:05:28,16.34
2019-06-22 12:06:17,17.09999
2019-06-22 12:07:07,17.79
2019-06-22 12:07:35,18.47
2019-06-22 12:08:30,19.14999
2019-06-22 12:09:11,20.07
2019-06-22 12:09:33,20.86
2019-06-22 12:10:02,21.52999
2019-06-22 12:10:40,22.29999
2019-06-22 12:11:07,23.18999
2019-06-22 12:11:28,23.84999
2019-06-22 12:12:03,24.56999
2019-06-22 12:12:17,23.57999
2019-06-22 12:12:32,24.39
2019-06-22 12:12:44,25.49999
2019-06-22 12:12:56,24.09
2019-06-22 12:13:17,24.96
2019-06-22 12:13:32,25.21999
2019-06-22 12:14:18,25.88999
2019-06-22 12:14:49,26.34
2019-06-22 12:15:05,25.39
2019-06-22 12:15:39,25.66999
2019-06-22 12:16:02,26.57
2019-06-22 12:16:16,26.29
2019-06-22 12:16:53,26.68999
2019-06-22 12:17:34,26.9
2019-06-22 12:18:28,26.9
2019-06-22 12:18:39,27.57999
2019-06-22 12:19:39,27.99999
2019-06-22 12:20:33,27.99999
2019-06-22 12:20:43,28.14999
2019-06-22 12:21:22,27.25
2019-06-22 12:21:46,28.21
2019-06-22 12:22:04,26.78999
2019-06-22 12:22:28,27.2
2019-06-22 12:22:58,27.89
2019-06-22 12:23:22,28.41999
2019-06-22 12:23:32,26.59999
2019-06-22 12:23:41,28.17
2019-06-22 12:24:05,27.54
2019-06-22 12:24:31,28.39999
2019-06-22 12:24:52,27.64
2019-06-22 12:25:22,27.25
2019-06-22 12:26:17,27.25
2019-06-22 12:27:17,27.04999
2019-06-22 12:28:16,27.29
2019-06-22 12:28:54,27.64
2019-06-22 12:29:48,28.05999
2019-06-22 12:30:43,28.05999
2019-06-22 12:31:12,28.52
2019-06-22 12:31:50,28.81
2019-06-22 12:32:16,29.25999
2019-06-22 12:32:59,29.79
2019-06-22 12:33:58,30.05999
2019-06-22 12:34:45,28.84999
2019-06-22 12:35:03,29.62999
2019-06-22 12:35:22,28.27
2019-06-22 12:35:46,29.48
2019-06-22 12:36:26,29.16
2019-06-22 12:37:20,29.16
2019-06-22 12:37:34,28.46999
2019-06-22 12:38:09,28.8
2019-06-22 12:38:52,28.52
2019-06-22 12:39:36,28.10999
2019-06-22 12:40:30,28.10999
2019-06-22 12:40:54,27.73999
2019-06-22 12:41:47,27.73999
2019-06-22 12:42:40,28.17
2019-06-22 12:43:14,27.93999
2019-06-22 12:43:57,28.34999
2019-06-22 12:44:33,28.52
2019-06-22 12:45:18,27.27999
2019-06-22 12:45:37,28.22
2019-06-22 12:45:55,28.67999
2019-06-22 12:46:12,27.44999
2019-06-22 12:46:22,28.51
2019-06-22 12:46:38,27.53
2019-06-22 12:46:50,27.18999
2019-06-22 12:47:09,28.11999
2019-06-22 12:47:26,26.80999
2019-06-22 12:47:43,27.73999
2019-06-22 12:47:59,26.82999
2019-06-22 12:48:54,26.82999
2019-06-22 12:49:28,26.29
2019-06-22 12:49:55,25.90999
2019-06-22 12:50:18,25.16999
2019-06-22 12:50:41,25.37
2019-06-22 12:51:13,25.94
2019-06-22 12:52:01,26.49999
2019-06-22 12:52:42,26.89
2019-06-22 12:53:07,25.13999
2019-06-22 12:53:32,25.75999
2019-06-22 12:54:14,26.34
2019-06-22 12:54:56,27.10999
2019-06-22 12:55:34,27.80999
2019-06-22 12:56:28,27.80999
2019-06-22 12:56:45,28.21
2019-06-22 12:57:07,29.14
2019-06-22 12:57:22,28.59999
2019-06-22 12:57:31,29.49
2019-06-22 12:57:59,28.45999
2019-06-22 12:58:14,29.68999
2019-06-22 12:58:49,30.09
2019-06-22 12:59:03,30.63999
2019-06-22 12:59:25,30.88999
2019-06-22 12:59:55,31.18999
2019-06-22 13:01:49,31.18999
2019-06-22 13:02:17,30.19999
2019-06-22 13:02:37,31.36
2019-06-22 13:02:57,30.11
2019-06-22 13:03:10,31.09999
2019-06-22 13:03:26,30.73
2019-06-22 13:03:43,29.64999
2019-06-22 13:04:00,30.60999
2019-06-22 13:07:55,30.60999
2019-06-22 13:08:34,30.85999
2019-06-22 13:09:13,30.45
2019-06-22 13:11:07,30.45
2019-06-22 13:11:18,30.01999
2019-06-22 13:12:02,29.61999
2019-06-22 13:12:43,29.16999
2019-06-22 13:13:16,28.67999
2019-06-22 13:14:13,28.32999
2019-06-22 13:14:42,28.06999
2019-06-22 13:15:35,28.06999
2019-06-22 13:16:09,27.9
2019-06-22 13:17:04,28.12999
2019-06-22 13:19:58,28.12999
2019-06-22 13:20:20,28.31999
2019-06-22 13:24:14,28.31999
2019-06-22 13:24:51,26.69999
2019-06-22 13:25:01,27.32999
2019-06-22 13:25:57,28.27
2019-06-22 13:26:08,26.79999
2019-06-22 13:26:25,27.59
2019-06-22 13:26:39,28.52
2019-06-22 13:27:13,28.02999
2019-06-22 13:27:33,28.32999
2019-06-22 13:28:27,28.32999
2019-06-22 13:28:36,27.34999
2019-06-22 13:28:46,28.84
2019-06-22 13:29:11,28.09999
2019-06-22 13:29:33,29.26999
2019-06-22 13:29:47,28.63999
2019-06-22 13:30:27,27.68999
2019-06-22 13:32:21,27.68999
2019-06-22 13:33:00,28.73999
2019-06-22 13:33:19,28.03999
2019-06-22 13:34:07,28.89999
2019-06-22 13:34:20,28.22
2019-06-22 13:35:11,28.89
2019-06-22 13:35:28,28.65999
2019-06-22 13:36:02,28.86
2019-06-22 13:36:57,28.86
2019-06-22 13:37:55,29.12
2019-06-22 13:39:48,29.12
2019-06-22 13:40:10,29.66999
2019-06-22 13:41:03,29.30999
2019-06-22 13:41:42,28.82
2019-06-22 13:43:36,28.82
2019-06-22 13:44:09,28.51
2019-06-22 13:44:43,28.09999
2019-06-22 13:45:38,28.09999
2019-06-22 13:46:43,27.69999
2019-06-22 13:47:38,27.69999
2019-06-22 13:48:23,27.13999
2019-06-22 13:49:03,27.45999
2019-06-22 13:49:33,27.16999
2019-06-22 13:50:28,27.16999
2019-06-22 13:50:35,27.65999
2019-06-22 13:51:19,27.53
2019-06-22 13:52:14,26.21999
2019-06-22 13:52:32,27.05999
2019-06-22 13:52:44,25.93
2019-06-22 13:53:20,26.52999
2019-06-22 13:53:46,25.86999
2019-06-22 13:54:04,26.62
2019-06-22 13:54:48,27.81999
2019-06-22 13:55:47,27.27
2019-06-22 13:56:02,28.17
2019-06-22 13:56:21,28.74999
2019-06-22 13:56:32,28.18
2019-06-22 13:56:55,28.94999
2019-06-22 13:57:22,29.78
2019-06-22 13:57:42,29.47
2019-06-22 13:58:13,30.14
2019-06-22 13:58:39,29.50999
2019-06-22 13:58:53,30.48
2019-06-22 13:59:19,29.18
2019-06-22 13:59:31,30.11
2019-06-22 14:00:26,30.11
2019-06-22 14:00:50,28.75999
2019-06-22 14:01:02,29.72999
2019-06-22 14:01:26,28.40999
2019-06-22 14:01:42,29.30999
2019-06-22 14:02:00,28.52
2019-06-22 14:02:28,28.11999
2019-06-22 14:02:52,27.47999
2019-06-22 14:03:44,26.98
2019-06-22 14:04:15,26.27999
2019-06-22 14:05:00,25.57999
2019-06-22 14:05:19,25.07999
2019-06-22 14:06:13,25.07999
2019-06-22 14:06:23,24.54999
2019-06-22 14:07:05,23.89999
2019-06-22 14:07:35,23.24999
2019-06-22 14:08:06,22.33999
2019-06-22 14:08:50,21.94999
2019-06-22 14:09:30,21.30999
2019-06-22 14:10:03,21.64999
2019-06-22 14:10:34,21.12
2019-06-22 14:11:27,22.05999
2019-06-22 14:11:58,20.91
2019-06-22 14:12:35,21.59999
2019-06-22 14:12:58,22.11
2019-06-22 14:13:19,22.76
2019-06-22 14:13:44,23.58999
2019-06-22 14:14:04,24.30999
2019-06-22 14:14:29,24.91999
2019-06-22 14:15:00,25.53999
2019-06-22 14:15:35,26.08999
2019-06-22 14:16:02,26.68999
2019-06-22 14:17:29,28.07999
2019-06-22 14:18:02,29.03999
2019-06-22 14:18:12,30.04999
2019-06-22 14:18:20,28.62999
2019-06-22 14:18:32,29.89999
2019-06-22 14:18:47,30.67999
2019-06-22 14:19:24,31.14
2019-06-22 14:22:19,31.14
2019-06-22 14:22:43,31.7
2019-06-22 14:24:37,31.7
2019-06-22 14:24:49,31.06
2019-06-22 14:25:44,31.06
2019-06-22 14:26:09,30.46
2019-06-22 14:26:27,30.97999
2019-06-22 14:27:02,30.48
2019-06-22 14:27:56,30.48
2019-06-22 14:28:16,30.24999
2019-06-22 14:28:53,29.77
2019-06-22 14:29:47,29.77
2019-06-22 14:29:58,29.45
2019-06-22 14:30:32,29.14
2019-06-22 14:31:07,28.74999
2019-06-22 14:32:00,28.74999
2019-06-22 14:32:20,28.11999
2019-06-22 14:32:52,27.75999
2019-06-22 14:33:39,27.33999
2019-06-22 14:34:34,27.33999
2019-06-22 14:34:52,27.21
2019-06-22 14:35:46,27.21
2019-06-22 14:36:30,27.56
2019-06-22 14:36:37,25.81999
2019-06-22 14:36:50,27.67999
2019-06-22 14:36:58,26.22999
2019-06-22 14:37:11,27.25
2019-06-22 14:37:22,26.10999
2019-06-22 14:37:54,26.89
2019-06-22 14:38:11,26.58
2019-06-22 14:38:33,28.01999
2019-06-22 14:38:41,26.66999
2019-06-22 14:39:05,27.41999
2019-06-22 14:39:59,28.00999
2019-06-22 14:40:13,27.25
2019-06-22 14:40:27,28.45999
2019-06-22 14:40:54,27.33999
2019-06-22 14:41:12,27.99999
2019-06-22 14:41:24,29.03999
2019-06-22 14:41:35,27.66999
2019-06-22 14:41:55,29.2
2019-06-22 14:42:10,28.17
2019-06-22 14:42:53,29.39999
2019-06-22 14:43:03,28.25
2019-06-22 14:43:18,29.12
2019-06-22 14:43:42,27.73999
2019-06-22 14:43:54,28.97999
2019-06-22 14:44:21,28.10999
2019-06-22 14:44:42,29.10999
2019-06-22 14:44:59,29.92999
2019-06-22 14:45:09,28.97999
2019-06-22 14:45:28,29.65999
2019-06-22 14:45:45,30.02999
2019-06-22 14:46:39,30.02999
2019-06-22 14:46:58,30.77
2019-06-22 14:47:20,29.63999
2019-06-22 14:47:34,30.31999
2019-06-22 14:48:25,30.94999
2019-06-22 14:48:40,29.36999
2019-06-22 14:48:51,30.48999
2019-06-22 14:49:43,30.97999
2019-06-22 14:50:11,30.05999
2019-06-22 14:50:28,31.09
2019-06-22 14:50:47,30.26999
2019-06-22 14:51:17,30.79
2019-06-22 14:52:07,30.57999
2019-06-22 14:53:01,30.57999
2019-06-22 14:53:16,30.35999
2019-06-22 14:54:10,30.01999
2019-06-22 14:55:03,29.61999
2019-06-22 14:56:58,29.61999
2019-06-22 14:57:21,29.27999
2019-06-22 14:59:15,29.27999
2019-06-22 14:59:48,29.01999
2019-06-22 15:00:41,29.21
2019-06-22 15:03:35,29.21
2019-06-22 15:03:42,29.00999
2019-06-22 15:04:09,29.37999
2019-06-22 15:04:45,29.06999
2019-06-22 15:07:39,29.06999
2019-06-22 15:08:12,29.38999
2019-06-22 15:08:48,29.27999
2019-06-22 15:09:42,29.27999
2019-06-22 15:10:25,29.70999
2019-06-22 15:11:12,29.36999
2019-06-22 15:12:06,29.36999
2019-06-22 15:12:49,29.55999
2019-06-22 15:13:33,29.34999
2019-06-22 15:14:26,29.34999
2019-06-22 15:15:09,29.82
2019-06-22 15:18:02,29.82
2019-06-22 15:18:15,30.18
2019-06-22 15:19:09,30.18
2019-06-22 15:19:17,29.52999
2019-06-22 15:19:30,30.32999
2019-06-22 15:20:16,29.94999
2019-06-22 15:22:10,29.94999
2019-06-22 15:22:17,30.67999
2019-06-22 15:22:30,30.13
2019-06-22 15:23:25,30.13
2019-06-22 15:23:37,29.8
2019-06-22 15:24:01,30.70999
2019-06-22 15:24:12,29.00999
2019-06-22 15:24:22,30.32999
2019-06-22 15:24:32,29.05999
2019-06-22 15:24:44,30.30999
2019-06-22 15:24:56,29.16999
2019-06-22 15:25:04,30.62999
2019-06-22 15:25:19,29.90999
2019-06-22 15:25:57,28.96
2019-06-22 15:26:07,29.93999
2019-06-22 15:28:01,29.93999
2019-06-22 15:28:16,30.55999
2019-06-22 15:28:48,29.73999
2019-06-22 15:29:00,30.48999
2019-06-22 15:30:54,30.48999
2019-06-22 15:31:31,29.98999
2019-06-22 15:32:04,30.80999
2019-06-22 15:32:31,30.60999
2019-06-22 15:33:03,29.90999
2019-06-22 15:33:18,30.61999
2019-06-22 15:34:12,30.61999
2019-06-22 15:34:21,29.73999
2019-06-22 15:34:41,30.56999
2019-06-22 15:35:06,29.50999
2019-06-22 15:35:20,30.55
2019-06-22 15:35:52,29.58999
2019-06-22 15:36:07,30.48
2019-06-22 15:36:40,30.60999
2019-06-22 15:37:09,30.99999
2019-06-22 15:38:04,31.31999
2019-06-22 15:38:24,30.91999
2019-06-22 15:39:18,30.91999
2019-06-22 15:39:26,30.25999
2019-06-22 15:39:47,31.09
2019-06-22 15:40:13,29.87
2019-06-22 15:40:23,30.97999
2019-06-22 15:41:17,30.97999
2019-06-22 15:42:00,31.46999
2019-06-22 15:42:16,30.91999
2019-06-22 15:42:35,31.12999
2019-06-22 15:43:29,31.12999
2019-06-22 15:44:33,31.41
2019-06-22 15:45:26,31.41
2019-06-22 15:45:44,31.14999
2019-06-22 15:46:13,31.41
2019-06-22 15:48:07,31.41
2019-06-22 15:48:34,31.16
2019-06-22 15:49:05,31.41999
2019-06-22 15:50:00,31.71
2019-06-22 15:51:54,31.71
2019-06-22 15:52:47,32.09
2019-06-22 15:53:32,31.80999
2019-06-22 15:55:25,31.80999
2019-06-22 15:55:44,31.45
2019-06-22 16:00:37,31.45
2019-06-22 16:01:03,31.14
2019-06-22 16:01:57,31.14
2019-06-22 16:02:37,30.22999
2019-06-22 16:02:48,31.04
2019-06-22 16:03:41,31.04
2019-06-22 16:04:11,30.73
2019-06-22 16:05:04,30.73
2019-06-22 16:05:14,31.06
2019-06-22 16:05:37,30.55
2019-06-22 16:07:31,30.55
2019-06-22 16:07:40,30.05999
2019-06-22 16:08:34,30.05999
2019-06-22 16:09:11,29.16999
2019-06-22 16:10:05,29.16999
2019-06-22 16:10:39,28.82
2019-06-22 16:11:16,29.27999
2019-06-22 16:12:10,29.27999
2019-06-22 16:13:12,27.99999
2019-06-22 16:13:24,29.18999
2019-06-22 16:14:19,29.18999
2019-06-22 16:14:51,28.83
2019-06-22 16:15:11,28.10999
2019-06-22 16:16:04,28.10999
2019-06-22 16:16:40,27.69999
2019-06-22 16:17:27,27.04999
2019-06-22 16:18:23,26.66
2019-06-22 16:19:05,26.35999
2019-06-22 16:19:57,26.35999
2019-06-22 16:20:15,26.06999
2019-06-22 16:21:08,26.06999
2019-06-22 16:21:44,26.29
2019-06-22 16:22:38,26.29
2019-06-22 16:22:52,26.78999
2019-06-22 16:23:15,26.03999
2019-06-22 16:23:33,26.79999
2019-06-22 16:23:48,25.37999
2019-06-22 16:24:02,26.45999
2019-06-22 16:24:32,25.48999
2019-06-22 16:24:51,26.37999
2019-06-22 16:25:44,26.37999
2019-06-22 16:26:03,26.54999
2019-06-22 16:26:19,27.78999
2019-06-22 16:26:37,26.72999
2019-06-22 16:26:56,27.94999
2019-06-22 16:27:50,27.94999
2019-06-22 16:28:27,28.63999
2019-06-22 16:28:57,27.9
2019-06-22 16:29:09,28.87
2019-06-22 16:29:24,27.65999
2019-06-22 16:29:42,28.99999
2019-06-22 16:30:17,28.02999
2019-06-22 16:30:31,29.40999
2019-06-22 16:30:53,28.81
2019-06-22 16:31:14,30.00999
2019-06-22 16:31:31,28.69999
2019-06-22 16:31:49,29.97999
2019-06-22 16:32:22,29.01999
2019-06-22 16:32:38,29.91999
2019-06-22 16:33:26,30.55999
2019-06-22 16:33:47,29.63999
2019-06-22 16:34:03,30.8
2019-06-22 16:34:30,30.42
2019-06-22 16:35:18,30.67999
2019-06-22 16:39:12,30.67999
2019-06-22 16:39:34,30.95999
2019-06-22 16:40:02,30.43
2019-06-22 16:40:56,30.43
2019-06-22 16:41:26,29.84
2019-06-22 16:42:04,30.1
2019-06-22 16:43:58,30.1
2019-06-22 16:45:01,29.55
2019-06-22 16:45:55,29.91999
2019-06-22 16:46:26,29.61999
2019-06-22 16:47:12,29.26999
2019-06-22 16:48:06,29.26999
2019-06-22 16:48:14,28.88
2019-06-22 16:49:10,28.57999
2019-06-22 16:50:02,28.23
2019-06-22 16:50:56,28.23
2019-06-22 16:51:46,28.76999
2019-06-22 16:52:39,28.76999
2019-06-22 16:52:47,28.96999
2019-06-22 16:53:41,28.96999
2019-06-22 16:54:39,29.16
2019-06-22 16:55:33,29.16
2019-06-22 16:56:32,29.45
2019-06-22 16:57:24,29.45
2019-06-22 16:57:46,28.78999
2019-06-22 16:58:04,29.48
2019-06-22 16:58:19,28.30999
2019-06-22 16:58:30,29.03999
2019-06-22 16:59:14,28.17
2019-06-22 16:59:33,29.16
2019-06-22 16:59:44,28.19
2019-06-22 17:00:07,28.96999
2019-06-22 17:00:34,28.30999
2019-06-22 17:00:53,29.49
2019-06-22 17:01:15,29.00999
2019-06-22 17:01:36,30.02999
2019-06-22 17:01:47,28.8
2019-06-22 17:02:09,29.53999
2019-06-22 17:03:06,30.14999
2019-06-22 17:03:19,28.68999
2019-06-22 17:03:31,29.53999
2019-06-22 17:03:51,30.12
2019-06-22 17:04:45,30.12
2019-06-22 17:05:22,29.42999
2019-06-22 17:05:47,30.02999
2019-06-22 17:06:40,30.02999
2019-06-22 17:07:00,29.73999
2019-06-22 17:07:54,29.73999
2019-06-22 17:08:04,30.13
2019-06-22 17:08:57,30.13
2019-06-22 17:09:24,29.82
2019-06-22 17:10:17,29.82
2019-06-22 17:10:36,30.18
2019-06-22 17:11:03,29.99999
2019-06-22 17:11:23,29.57999
2019-06-22 17:12:17,29.57999
2019-06-22 17:12:54,28.92999
2019-06-22 17:13:22,29.26999
2019-06-22 17:14:16,29.26999
2019-06-22 17:14:31,28.94999
2019-06-22 17:15:09,29.27999
2019-06-22 17:16:03,28.91
2019-06-22 17:16:57,28.91
2019-06-22 17:17:26,29.33999
2019-06-22 17:19:20,29.33999
2019-06-22 17:20:19,29.09999
2019-06-22 17:22:13,29.09999
2019-06-22 17:22:24,29.41999
2019-06-22 17:23:17,29.41999
2019-06-22 17:23:40,28.92999
2019-06-22 17:24:11,29.21999
2019-06-22 17:25:06,28.5
2019-06-22 17:25:23,29.2
2019-06-22 17:25:41,27.76999
2019-06-22 17:25:55,28.82
2019-06-22 17:26:35,28.52
2019-06-22 17:27:29,28.52
2019-06-22 17:27:36,28.25999
2019-06-22 17:28:14,27.96999
2019-06-22 17:28:36,26.45999
2019-06-22 17:28:51,27.93
2019-06-22 17:29:15,26.91
2019-06-22 17:29:42,27.48999
2019-06-22 17:29:58,26.44999
2019-06-22 17:30:26,27.32999
2019-06-22 17:30:42,26.45999
2019-06-22 17:30:53,27.09999
2019-06-22 17:33:46,27.09999
2019-06-22 17:34:14,27.32999
2019-06-22 17:35:08,27.32999
2019-06-22 17:35:43,27.45999
2019-06-22 17:36:37,27.74999
2019-06-22 17:37:31,27.74999
2019-06-22 17:38:30,28.25
2019-06-22 17:40:24,28.25
2019-06-22 17:40:49,27.93
2019-06-22 17:42:43,27.93
2019-06-22 17:43:47,28.22
2019-06-22 17:44:41,28.22
2019-06-22 17:45:34,28.52999
2019-06-22 17:46:27,29.03999
2019-06-22 17:47:03,28.76999
2019-06-22 17:47:57,28.76999
2019-06-22 17:48:11,29.16999
2019-06-22 17:49:02,28.70999
2019-06-22 17:49:20,29.52999
2019-06-22 17:49:46,28.91
2019-06-22 17:50:08,29.36999
2019-06-22 17:50:29,28.88
2019-06-22 17:50:49,29.33999
2019-06-22 17:51:06,28.30999
2019-06-22 17:51:22,29.34999
2019-06-22 17:51:48,28.69999
2019-06-22 17:52:43,28.69999
2019-06-22 17:53:13,28.16
2019-06-22 17:54:06,27.79999
2019-06-22 17:55:01,27.79999
2019-06-22 17:55:08,27.30999
2019-06-22 17:56:01,27.30999
2019-06-22 17:56:53,26.77999
2019-06-22 18:00:47,26.77999
2019-06-22 18:01:13,27.2
2019-06-22 18:01:57,27.62999
2019-06-22 18:02:51,27.62999
2019-06-22 18:03:07,26.86999
2019-06-22 18:03:25,27.43999
2019-06-22 18:04:18,27.43999
2019-06-22 18:04:25,28.01999
2019-06-22 18:04:42,27.12999
2019-06-22 18:04:53,28.17
2019-06-22 18:05:11,26.29
2019-06-22 18:05:31,27.93
2019-06-22 18:06:25,27.93
2019-06-22 18:06:42,27.27
2019-06-22 18:07:06,28.25999
2019-06-22 18:07:25,27.23
2019-06-22 18:07:52,28.45999
2019-06-22 18:08:04,27.25999
2019-06-22 18:08:22,28.21
2019-06-22 18:08:49,27.82999
2019-06-22 18:09:30,27.03999
2019-06-22 18:09:53,28.00999
2019-06-22 18:10:22,27.33999
2019-06-22 18:10:36,28.48
2019-06-22 18:10:53,27.0
2019-06-22 18:11:10,28.28999
2019-06-22 18:11:54,27.06999
2019-06-22 18:12:04,28.49
2019-06-22 18:12:15,27.40999
2019-06-22 18:12:32,28.62999
2019-06-22 18:13:05,27.71999
2019-06-22 18:13:23,28.83
2019-06-22 18:13:40,28.35999
2019-06-22 18:14:33,28.35999
2019-06-22 18:14:40,29.15
2019-06-22 18:15:02,28.55
2019-06-22 18:15:30,29.23
2019-06-22 18:16:00,28.98999
2019-06-22 18:16:32,29.08999
2019-06-22 18:17:30,29.46
2019-06-22 18:18:24,29.46
2019-06-22 18:18:43,28.99999
2019-06-22 18:19:03,29.38999
2019-06-22 18:19:57,29.38999
2019-06-22 18:20:37,29.06999
2019-06-22 18:23:31,29.06999
2019-06-22 18:23:47,28.62999
2019-06-22 18:26:41,28.62999
2019-06-22 18:26:50,28.66999
2019-06-22 18:28:45,28.66999
2019-06-22 18:29:15,28.35999
2019-06-22 18:32:09,28.35999
2019-06-22 18:32:42,27.98
2019-06-22 18:33:31,27.49999
2019-06-22 18:34:00,27.62
2019-06-22 18:34:57,27.9
2019-06-22 18:35:50,27.9
2019-06-22 18:36:27,28.21
2019-06-22 18:37:20,28.21
2019-06-22 18:37:33,27.52
2019-06-22 18:37:47,28.49
2019-06-22 18:38:20,27.84
2019-06-22 18:38:36,28.52999
2019-06-22 18:39:00,28.19
2019-06-22 18:39:35,28.46999
2019-06-22 18:42:28,28.46999
2019-06-22 18:43:11,27.40999
2019-06-22 18:43:23,28.39999
2019-06-22 18:44:02,28.54
2019-06-22 18:44:56,28.54
2019-06-22 18:45:09,28.69999
2019-06-22 18:46:04,28.23
2019-06-22 18:46:32,28.66999
2019-06-22 18:46:46,27.52
2019-06-22 18:46:58,28.45999
2019-06-22 18:47:28,27.27
2019-06-22 18:47:37,28.52
2019-06-22 18:47:52,27.84
2019-06-22 18:48:26,27.08999
2019-06-22 18:48:40,27.76999
2019-06-22 18:48:56,27.3
2019-06-22 18:49:07,27.86
2019-06-22 18:49:33,26.89
2019-06-22 18:49:58,27.71999
2019-06-22 18:50:15,25.96
2019-06-22 18:50:24,26.89
2019-06-22 18:50:35,28.04999
2019-06-22 18:50:48,26.88
2019-06-22 18:51:03,26.40999
2019-06-22 18:51:23,27.39999
2019-06-22 18:51:41,25.85999
2019-06-22 18:51:53,27.34999
2019-06-22 18:52:52,27.80999
2019-06-22 18:55:45,27.80999
2019-06-22 18:56:36,27.91
2019-06-22 18:57:29,27.91
2019-06-22 18:57:41,28.23
2019-06-22 18:59:34,28.23
2019-06-22 19:00:23,28.52
2019-06-22 19:01:16,28.52
2019-06-22 19:02:08,28.55
2019-06-22 19:05:02,28.55
2019-06-22 19:05:35,28.41999
2019-06-22 19:06:29,28.41999
2019-06-22 19:06:53,28.78999
2019-06-22 19:07:27,28.41999
2019-06-22 19:10:20,28.41999
2019-06-22 19:10:50,28.17
2019-06-22 19:11:41,27.87
2019-06-22 19:12:34,27.87
2019-06-22 19:12:46,27.33999
2019-06-22 19:13:04,27.75999
2019-06-22 19:13:57,27.75999
2019-06-22 19:14:16,28.35999
2019-06-22 19:16:10,28.35999
2019-06-22 19:16:30,28.78999
2019-06-22 19:17:01,28.32999
2019-06-22 19:17:25,28.67999
2019-06-22 19:18:24,28.67999
2019-06-22 19:19:22,28.89999
2019-06-22 19:22:17,28.89999
2019-06-22 19:22:46,28.42999
2019-06-22 19:23:03,29.05999
2019-06-22 19:24:03,27.87
2019-06-22 19:24:18,28.92999
2019-06-22 19:25:11,28.92999
2019-06-22 19:25:29,27.66999
2019-06-22 19:25:41,28.81
2019-06-22 19:26:34,28.30999
2019-06-22 19:27:16,28.70999
2019-06-22 19:28:10,28.70999
2019-06-22 19:28:20,27.94999
2019-06-22 19:28:38,28.54
2019-06-22 19:29:17,28.38999
2019-06-22 19:30:11,28.38999
2019-06-22 19:30:28,27.9
2019-06-22 19:30:47,28.42999
2019-06-22 19:31:33,28.42999
2019-06-22 19:31:42,27.9
2019-06-22 19:32:09,28.18
2019-06-22 19:33:07,27.76999
2019-06-22 19:34:00,27.76999
2019-06-22 19:34:52,27.56
2019-06-22 19:35:13,27.27
2019-06-22 19:35:56,27.0
2019-06-22 19:37:51,27.0
2019-06-22 19:38:12,27.42999
2019-06-22 19:39:06,27.42999
2019-06-22 19:39:58,27.68999
2019-06-22 19:40:53,27.68999
2019-06-22 19:41:08,28.48
2019-06-22 19:42:07,28.48
2019-06-22 19:42:34,28.05999
2019-06-22 19:42:52,28.99999
2019-06-22 19:43:08,27.71999
2019-06-22 19:43:22,28.99999
2019-06-22 19:43:45,28.03999
2019-06-22 19:44:08,28.98999
2019-06-22 19:44:35,27.57
2019-06-22 19:44:56,28.62
2019-06-22 19:45:49,28.62
2019-06-22 19:46:20,27.91999
2019-06-22 19:47:13,27.91999
2019-06-22 19:48:06,27.64
2019-06-22 19:49:01,27.64
2019-06-22 19:49:43,27.24
2019-06-22 19:52:37,27.24
2019-06-22 19:52:51,27.88
2019-06-22 19:53:40,27.64999
2019-06-22 19:54:35,27.78999
2019-06-22 19:55:29,27.78999
2019-06-22 19:55:39,27.25999
2019-06-22 19:56:32,27.25999
2019-06-22 19:57:14,26.61
2019-06-22 19:58:08,26.61
2019-06-22 19:58:26,26.66999
2019-06-22 20:00:19,26.66999
2019-06-22 20:01:11,26.93999
2019-06-22 20:02:05,26.93999
2019-06-22 20:03:10,27.13999
2019-06-22 20:04:04,27.13999
2019-06-22 20:04:16,26.78999
2019-06-22 20:05:14,27.16999
2019-06-22 20:06:07,27.16999
2019-06-22 20:06:50,27.66999
2019-06-22 20:07:43,27.27999
2019-06-22 20:08:09,27.98999
2019-06-22 20:08:30,27.82999
2019-06-22 20:09:23,27.82999
2019-06-22 20:09:50,27.10999
2019-06-22 20:10:04,27.86
2019-06-22 20:11:00,28.40999
2019-06-22 20:11:15,27.23
2019-06-22 20:11:26,28.43999
2019-06-22 20:12:20,28.43999
2019-06-22 20:12:47,28.05999
2019-06-22 20:13:07,28.94999
2019-06-22 20:13:20,27.37999
2019-06-22 20:13:44,28.48
2019-06-22 20:14:29,27.73999
2019-06-22 20:15:19,28.98999
2019-06-22 20:15:26,27.39999
2019-06-22 20:15:43,28.48
2019-06-22 20:15:54,27.57
2019-06-22 20:16:03,28.62
2019-06-22 20:16:13,27.30999
2019-06-22 20:16:30,27.91999
2019-06-22 20:17:19,28.55999
2019-06-22 20:17:37,27.52
2019-06-22 20:18:00,28.22
2019-06-22 20:19:54,28.22
2019-06-22 20:20:10,28.89999
2019-06-22 20:20:24,27.59999
2019-06-22 20:20:40,28.34999
2019-06-22 20:22:34,28.34999
2019-06-22 20:23:20,28.05999
2019-06-22 20:24:19,28.46999
2019-06-22 20:25:06,28.83
2019-06-22 20:28:00,28.83
2019-06-22 20:28:08,27.91999
2019-06-22 20:28:25,28.8
2019-06-22 20:32:20,28.8
2019-06-22 20:32:51,29.28999
2019-06-22 20:35:44,29.28999
2019-06-22 20:36:18,29.52
2019-06-22 20:37:11,29.52
2019-06-22 20:37:41,29.31999
2019-06-22 20:38:10,28.59999
2019-06-22 20:38:22,29.53999
2019-06-22 20:40:15,29.53999
2019-06-22 20:40:47,29.23
2019-06-22 20:41:40,29.23
2019-06-22 20:42:00,29.46
2019-06-22 20:45:53,29.46
2019-06-22 20:46:44,29.73999
2019-06-22 20:47:37,29.73999
2019-06-22 20:48:43,29.55999
2019-06-22 20:49:37,29.55999
2019-06-22 20:49:45,29.81
2019-06-22 20:50:38,29.81
2019-06-22 20:51:24,29.31999
2019-06-22 20:51:52,29.72999
2019-06-22 20:52:36,29.49
2019-06-22 20:53:18,29.81
2019-06-22 20:55:12,29.81
2019-06-22 20:55:29,30.08
2019-06-22 20:56:23,30.08
2019-06-22 20:57:06,28.96999
2019-06-22 20:57:16,30.16999
2019-06-22 20:57:58,29.93999
2019-06-22 21:00:51,29.93999
2019-06-22 21:01:17,28.51
2019-06-22 21:01:32,29.74999
2019-06-22 21:02:24,29.36999
2019-06-22 21:03:00,29.05999
2019-06-22 21:03:53,29.05999
2019-06-22 21:04:08,28.57999
2019-06-22 21:05:02,28.57999
2019-06-22 21:05:15,28.02999
2019-06-22 21:05:57,28.51
2019-06-22 21:06:32,28.39999
2019-06-22 21:08:26,28.39999
2019-06-22 21:08:40,28.73999
2019-06-22 21:10:34,28.73999
2019-06-22 21:11:28,28.89999
2019-06-22 21:12:22,28.89999
2019-06-22 21:12:35,27.68999
2019-06-22 21:12:49,29.27999
2019-06-22 21:13:21,28.74999
2019-06-22 21:14:08,28.17
2019-06-22 21:14:27,29.59999
2019-06-22 21:14:41,27.57999
2019-06-22 21:14:56,28.82
2019-06-22 21:15:32,27.94999
2019-06-22 21:15:45,29.48
2019-06-22 21:16:18,28.51
2019-06-22 21:16:29,29.65999
2019-06-22 21:16:55,28.08999
2019-06-22 21:17:07,29.44
2019-06-22 21:18:01,29.44
2019-06-22 21:18:51,29.68999
2019-06-22 21:19:45,29.68999
2019-06-22 21:20:36,30.21
2019-06-22 21:21:03,28.75999
2019-06-22 21:21:13,29.87
2019-06-22 21:23:07,29.87
2019-06-22 21:23:38,30.19999
2019-06-22 21:24:33,29.36999
2019-06-22 21:25:26,29.36999
2019-06-22 21:25:45,28.96999
2019-06-22 21:26:38,28.96999
2019-06-22 21:26:49,28.74999
2019-06-22 21:27:25,28.25
2019-06-22 21:28:16,27.75999
2019-06-22 21:32:10,27.75999
2019-06-22 21:33:01,27.34999
2019-06-22 21:33:32,27.72999
2019-06-22 21:36:26,27.72999
2019-06-22 21:36:37,27.98
2019-06-22 21:37:24,28.13999
2019-06-22 21:38:15,28.55999
2019-06-22 21:38:52,28.22
2019-06-22 21:43:46,28.22
2019-06-22 21:44:11,28.49
2019-06-22 21:45:00,28.02999
2019-06-22 21:45:17,28.60999
2019-06-22 21:46:11,28.60999
2019-06-22 21:46:28,28.34999
2019-06-22 21:47:16,27.72999
2019-06-22 21:47:30,28.44999
2019-06-22 21:48:24,28.44999
2019-06-22 21:49:12,26.96
2019-06-22 21:49:22,28.55
2019-06-22 21:50:18,28.28999
2019-06-22 21:52:12,28.28999
2019-06-22 21:52:47,27.07999
2019-06-22 21:53:09,27.96
2019-06-22 21:53:28,27.0
2019-06-22 21:53:43,27.21
2019-06-22 21:53:55,28.36999
2019-06-22 21:54:10,28.01999
2019-06-22 21:55:04,28.01999
2019-06-22 21:55:53,28.31999
2019-06-22 21:56:46,28.31999
2019-06-22 21:57:35,27.59
2019-06-22 21:57:59,28.41999
2019-06-22 21:58:17,28.81
2019-06-22 22:00:10,28.81
2019-06-22 22:01:11,28.55
2019-06-22 22:02:05,28.55
2019-06-22 22:02:15,28.89
2019-06-22 22:02:51,28.36999
2019-06-22 22:03:45,28.36999
2019-06-22 22:04:43,27.98999
2019-06-22 22:07:36,27.98999
2019-06-22 22:08:09,28.2
2019-06-22 22:08:50,28.68999
2019-06-22 22:09:44,28.68999
2019-06-22 22:09:50,28.82
2019-06-22 22:10:29,29.01999
2019-06-22 22:11:23,29.01999
2019-06-22 22:11:46,28.83
2019-06-22 22:12:39,28.83
2019-06-22 22:12:48,28.33999
2019-06-22 22:13:19,28.68999
2019-06-22 22:14:13,28.68999
2019-06-22 22:14:40,28.66999
2019-06-22 22:15:34,28.66999
2019-06-22 22:15:55,28.42999
2019-06-22 22:16:54,28.71999
2019-06-22 22:18:48,28.71999
2019-06-22 22:19:13,29.12
2019-06-22 22:19:45,29.02999
2019-06-22 22:20:24,28.78999
2019-06-22 22:23:18,28.78999
2019-06-22 22:23:57,28.69999
2019-06-22 22:26:50,28.69999
2019-06-22 22:27:24,28.40999
2019-06-22 22:28:18,28.40999
2019-06-22 22:29:21,27.67999
2019-06-22 22:29:39,28.44999
2019-06-22 22:30:04,27.37999
2019-06-22 22:30:17,28.23999
2019-06-22 22:30:53,28.42999
2019-06-22 22:31:46,28.42999
2019-06-22 22:32:01,28.83
2019-06-22 22:32:22,28.22
2019-06-22 22:32:46,28.43999
2019-06-22 22:33:28,28.17
2019-06-22 22:33:39,26.77999
2019-06-22 22:33:46,28.28999
2019-06-22 22:34:12,28.62
2019-06-22 22:35:05,28.62
2019-06-22 22:35:39,27.67999
2019-06-22 22:36:00,28.5
2019-06-22 22:36:28,27.9
2019-06-22 22:36:50,28.52
2019-06-22 22:37:36,28.43999
2019-06-22 22:39:28,28.43999
2019-06-22 22:39:59,27.98
2019-06-22 22:40:22,28.49
2019-06-22 22:41:21,27.77999
2019-06-22 22:41:36,28.59
2019-06-22 22:42:28,28.59
2019-06-22 22:42:42,28.16
2019-06-22 22:43:09,28.65999
2019-06-22 22:44:08,27.91
2019-06-22 22:44:30,28.75999
2019-06-22 22:45:04,28.67999
2019-06-22 22:47:57,28.67999
2019-06-22 22:48:09,28.76999
2019-06-22 22:50:02,28.76999
2019-06-22 22:50:10,29.28999
2019-06-22 22:50:45,29.03999
2019-06-22 22:51:38,29.03999
2019-06-22 22:52:38,28.43999
2019-06-22 22:53:00,29.18
2019-06-22 22:53:54,29.18
2019-06-22 22:54:49,28.59999
2019-06-22 22:55:07,29.24999
2019-06-22 22:55:30,28.89999
2019-06-22 22:56:24,28.89999
2019-06-22 22:56:36,29.23999
2019-06-22 22:56:54,28.51
2019-06-22 22:57:13,29.04999
2019-06-22 22:58:07,29.04999
2019-06-22 22:58:23,28.81
2019-06-22 22:58:50,29.15
2019-06-22 22:59:40,28.88
2019-06-22 23:01:33,28.88
2019-06-22 23:02:21,29.32999
2019-06-22 23:02:47,29.27999
2019-06-22 23:03:39,29.27999
2019-06-22 23:04:06,29.57
2019-06-22 23:05:00,29.57
2019-06-22 23:05:14,28.32999
2019-06-22 23:05:31,29.13
2019-06-22 23:06:10,29.38999
2019-06-22 23:07:03,29.38999
2019-06-22 23:07:15,29.26999
2019-06-22 23:07:45,29.04999
2019-06-22 23:08:39,29.04999
2019-06-22 23:09:14,28.88
2019-06-22 23:09:59,28.64999
2019-06-22 23:10:24,28.32999
2019-06-22 23:11:14,28.13999
2019-06-22 23:12:06,27.9
2019-06-22 23:12:59,27.9
2019-06-22 23:13:41,28.00999
2019-06-22 23:14:35,28.00999
2019-06-22 23:15:22,28.55999
2019-06-22 23:16:15,28.55999
2019-06-22 23:16:58,28.92999
2019-06-22 23:17:51,28.92999
2019-06-22 23:17:59,29.41999
2019-06-22 23:18:53,29.41999
2019-06-22 23:19:59,28.67999
2019-06-22 23:20:15,29.23
2019-06-22 23:22:08,29.23
2019-06-22 23:22:58,29.08999
2019-06-22 23:24:52,29.08999
2019-06-22 23:25:36,29.58999
2019-06-22 23:25:56,29.13
2019-06-22 23:27:49,29.13
2019-06-22 23:28:30,28.94999
2019-06-22 23:30:24,28.94999
2019-06-22 23:30:50,28.66999
2019-06-22 23:32:43,28.66999
2019-06-22 23:33:40,28.93999
2019-06-22 23:35:33,28.93999
2019-06-22 23:35:50,28.74999
2019-06-22 23:36:43,28.74999
2019-06-22 23:37:08,28.98999
2019-06-22 23:39:01,28.98999
2019-06-22 23:39:54,29.04999
2019-06-22 23:40:47,29.04999
2019-06-22 23:40:57,29.27999
2019-06-22 23:41:50,29.27999
2019-06-22 23:42:24,29.57
2019-06-22 23:43:22,29.26999
2019-06-22 23:43:47,29.70999
2019-06-22 23:44:35,29.47
2019-06-22 23:45:15,29.59999
2019-06-22 23:46:09,29.59999
2019-06-22 23:46:19,29.93999
2019-06-22 23:47:12,29.93999
2019-06-22 23:47:46,30.26999
2019-06-22 23:48:24,30.11
2019-06-22 23:54:17,30.11
2019-06-22 23:54:27,29.57999
2019-06-22 23:55:21,29.57999
2019-06-22 23:56:21,29.02999
2019-06-22 23:56:51,28.65999
2019-06-22 23:57:19,27.99999
2019-06-22 23:57:48,27.54
2019-06-22 23:58:12,27.00999
2019-06-22 23:58:33,27.43999
2019-06-22 23:59:02,28.01999
2019-06-22 23:59:45,28.28999
2019-06-23 00:00:26,28.41999
2019-06-23 00:00:59,27.75999
2019-06-23 00:01:11,26.64
2019-06-23 00:02:05,26.64
2019-06-23 00:02:28,26.81999
2019-06-23 00:02:52,27.29
2019-06-23 00:03:36,28.35999
2019-06-23 00:03:45,27.15999
2019-06-23 00:03:57,28.25
2019-06-23 00:04:17,28.68999
2019-06-23 00:06:11,28.68999
2019-06-23 00:07:17,29.29999
2019-06-23 00:08:10,29.29999
2019-06-23 00:09:07,29.73999
2019-06-23 00:09:27,29.16999
2019-06-23 00:09:44,29.79
2019-06-23 00:10:39,30.25999
2019-06-23 00:10:59,29.87
2019-06-23 00:11:49,30.18
2019-06-23 00:12:21,29.94999
2019-06-23 00:13:14,29.94999
2019-06-23 00:13:32,29.2
2019-06-23 00:14:01,29.87
2019-06-23 00:14:24,29.40999
2019-06-23 00:14:43,30.00999
2019-06-23 00:15:07,29.58999
2019-06-23 00:16:00,29.58999
2019-06-23 00:16:55,29.84999
2019-06-23 00:17:36,29.55999
2019-06-23 00:23:29,29.55999
2019-06-23 00:23:41,29.95999
2019-06-23 00:24:10,29.39999
2019-06-23 00:24:39,29.70999
2019-06-23 00:26:32,29.70999
2019-06-23 00:26:39,30.01999
2019-06-23 00:28:32,30.01999
2019-06-23 00:28:40,30.37999
2019-06-23 00:29:06,29.93999
2019-06-23 00:32:59,29.93999
2019-06-23 00:33:55,30.14
2019-06-23 00:34:49,29.89999
2019-06-23 00:35:42,29.89999
2019-06-23 00:36:29,29.64999
2019-06-23 00:38:23,29.64999
2019-06-23 00:38:52,29.5
2019-06-23 00:40:45,29.5
2019-06-23 00:41:38,29.77
2019-06-23 00:42:27,29.41999
2019-06-23 00:45:20,29.41999
2019-06-23 00:45:34,29.61999
2019-06-23 00:46:27,29.61999
2019-06-23 00:47:09,29.84999
2019-06-23 00:48:02,29.84999
2019-06-23 00:48:32,30.18
2019-06-23 00:50:25,30.18
2019-06-23 00:50:53,29.70999
2019-06-23 00:51:24,30.09
2019-06-23 00:52:18,30.09
2019-06-23 00:53:17,29.64999
2019-06-23 00:53:52,29.95999
2019-06-23 00:54:45,29.95999
2019-06-23 00:55:13,29.76
2019-06-23 00:56:06,29.76
2019-06-23 00:56:40,30.03999
2019-06-23 00:57:35,30.03999
2019-06-23 00:58:00,29.74999
2019-06-23 00:58:27,30.16999
2019-06-23 00:59:05,29.94999
2019-06-23 00:59:59,29.94999
2019-06-23 01:00:20,29.55
2019-06-23 01:00:56,29.76
2019-06-23 01:03:49,29.76
2019-06-23 01:04:47,30.00999
2019-06-23 01:05:40,30.00999
2019-06-23 01:06:27,29.65999
2019-06-23 01:15:20,29.65999
2019-06-23 01:15:32,29.33999
2019-06-23 01:16:27,29.33999
2019-06-23 01:17:04,29.59999
2019-06-23 01:17:57,29.59999
2019-06-23 01:18:52,29.13
2019-06-23 01:19:32,29.59999
2019-06-23 01:20:25,29.59999
2019-06-23 01:20:38,29.55
2019-06-23 01:21:32,29.55
2019-06-23 01:22:26,29.82999
2019-06-23 01:23:19,29.82999
2019-06-23 01:23:31,29.46
2019-06-23 01:24:05,29.77
2019-06-23 01:24:58,29.77
2019-06-23 01:25:25,29.2
2019-06-23 01:26:18,29.2
2019-06-23 01:26:30,29.62999
2019-06-23 01:27:16,29.29999
2019-06-23 01:27:40,28.89
2019-06-23 01:28:05,29.21999
2019-06-23 01:28:18,28.57999
2019-06-23 01:28:58,27.52
2019-06-23 01:29:15,28.84999
2019-06-23 01:30:08,28.84999
2019-06-23 01:30:14,29.23999
2019-06-23 01:31:08,29.23999
2019-06-23 01:31:17,29.77
2019-06-23 01:31:51,29.05999
2019-06-23 01:32:07,29.81
2019-06-23 01:32:55,28.94999
2019-06-23 01:33:22,29.96999
2019-06-23 01:33:46,30.52999
2019-06-23 01:33:55,29.66999
2019-06-23 01:34:21,30.56999
2019-06-23 01:34:34,28.84999
2019-06-23 01:34:48,29.28999
2019-06-23 01:35:01,30.13
2019-06-23 01:35:53,30.59999
2019-06-23 01:36:51,30.87
2019-06-23 01:38:44,30.87
2019-06-23 01:39:10,31.26999
2019-06-23 01:42:04,31.26999
2019-06-23 01:42:46,31.05
2019-06-23 01:43:32,31.20999
2019-06-23 01:44:18,30.77999
2019-06-23 01:46:11,30.77999
2019-06-23 01:46:24,30.58999
2019-06-23 01:47:17,30.58999
2019-06-23 01:47:49,30.27999
2019-06-23 01:48:42,30.27999
2019-06-23 01:49:35,29.93999
2019-06-23 01:51:28,29.93999
2019-06-23 01:51:38,29.5
2019-06-23 01:52:27,29.68999
2019-06-23 01:53:20,29.68999
2019-06-23 01:54:10,29.41999
2019-06-23 01:55:03,29.41999
2019-06-23 01:55:22,29.47
2019-06-23 01:56:15,29.47
2019-06-23 01:57:10,29.65999
2019-06-23 01:57:55,30.21999
2019-06-23 01:59:48,30.21999
2019-06-23 02:00:09,30.51999
2019-06-23 02:00:59,30.91999
2019-06-23 02:01:52,30.91999
2019-06-23 02:02:05,30.59999
2019-06-23 02:02:58,30.59999
2019-06-23 02:03:20,29.67999
2019-06-23 02:03:34,28.91
2019-06-23 02:03:58,30.94999
2019-06-23 02:04:22,30.19999
2019-06-23 02:04:47,30.68999
2019-06-23 02:05:03,29.78
2019-06-23 02:05:25,30.42
2019-06-23 02:06:18,30.42
2019-06-23 02:06:43,29.42999
2019-06-23 02:07:08,30.25999
2019-06-23 02:08:02,30.25999
2019-06-23 02:08:13,29.58999
2019-06-23 02:08:24,30.38999
2019-06-23 02:10:17,30.38999
2019-06-23 02:11:12,30.73
2019-06-23 02:12:06,30.73
2019-06-23 02:12:55,31.25999
2019-06-23 02:13:45,30.21999
2019-06-23 02:14:04,30.45
2019-06-23 02:14:22,31.06
2019-06-23 02:15:16,31.06
2019-06-23 02:15:26,30.63999
2019-06-23 02:15:58,31.36
2019-06-23 02:16:22,30.19999
2019-06-23 02:16:40,31.09999
2019-06-23 02:17:39,30.30999
2019-06-23 02:18:02,30.84999
2019-06-23 02:22:55,30.84999
2019-06-23 02:23:29,31.02999
2019-06-23 02:24:07,30.34999
2019-06-23 02:24:20,31.01999
2019-06-23 02:26:13,31.01999
2019-06-23 02:26:36,31.29999
2019-06-23 02:26:49,30.28999
2019-06-23 02:27:01,31.34999
2019-06-23 02:27:36,31.00999
2019-06-23 02:28:32,30.13
2019-06-23 02:28:44,30.95999
2019-06-23 02:29:37,30.95999
2019-06-23 02:29:45,30.76
2019-06-23 02:30:18,30.56999
2019-06-23 02:31:11,30.56999
2019-06-23 02:31:28,30.41
2019-06-23 02:32:21,30.41
2019-06-23 02:33:17,30.72
2019-06-23 02:34:10,30.72
2019-06-23 02:34:19,31.24999
2019-06-23 02:35:11,31.07
2019-06-23 02:36:03,31.07
2019-06-23 02:36:47,30.43999
2019-06-23 02:37:04,31.07
2019-06-23 02:37:58,31.07
2019-06-23 02:38:05,29.99999
2019-06-23 02:38:19,31.02999
2019-06-23 02:38:59,30.62999
2019-06-23 02:39:52,30.62999
2019-06-23 02:40:02,30.69999
2019-06-23 02:40:24,30.32999
2019-06-23 02:41:17,30.32999
2019-06-23 02:41:55,29.87
2019-06-23 02:42:48,29.87
2019-06-23 02:43:33,28.96
2019-06-23 02:43:45,29.78
2019-06-23 02:45:38,29.78
2019-06-23 02:46:14,29.18
2019-06-23 02:46:41,29.66999
2019-06-23 02:47:32,29.21
2019-06-23 02:48:25,29.21
2019-06-23 02:48:47,29.34999
2019-06-23 02:49:14,29.15
2019-06-23 02:49:27,28.59999
2019-06-23 02:49:44,29.45
2019-06-23 02:50:24,28.59
2019-06-23 02:50:45,29.13
2019-06-23 02:54:38,29.13
2019-06-23 02:55:24,29.55999
2019-06-23 02:56:06,29.91999
2019-06-23 02:56:34,29.69999
2019-06-23 02:57:21,28.93999
2019-06-23 02:57:31,30.00999
2019-06-23 02:57:41,28.52
2019-06-23 02:58:10,29.57
2019-06-23 02:58:22,27.88
2019-06-23 02:58:41,29.48
2019-06-23 02:59:05,28.52999
2019-06-23 02:59:33,29.46
2019-06-23 03:00:26,29.46
2019-06-23 03:01:01,29.89999
2019-06-23 03:02:53,29.89999
2019-06-23 03:03:04,30.42
2019-06-23 03:03:17,28.76999
2019-06-23 03:03:44,29.55
2019-06-23 03:03:56,30.84
2019-06-23 03:04:18,30.24999
2019-06-23 03:07:12,30.24999
2019-06-23 03:07:25,29.99999
2019-06-23 03:08:18,29.99999
2019-06-23 03:09:14,30.35999
2019-06-23 03:10:07,30.35999
2019-06-23 03:10:17,30.67999
2019-06-23 03:10:57,30.36999
2019-06-23 03:11:24,30.79
2019-06-23 03:12:24,30.43999
2019-06-23 03:13:17,30.22999
2019-06-23 03:15:11,30.22999
2019-06-23 03:15:19,29.72999
2019-06-23 03:15:50,30.18
2019-06-23 03:17:43,30.18
2019-06-23 03:17:53,30.89999
2019-06-23 03:18:13,30.18999
2019-06-23 03:18:37,30.72
2019-06-23 03:19:31,30.72
2019-06-23 03:20:17,30.35999
2019-06-23 03:20:33,29.82
2019-06-23 03:20:53,30.31999
2019-06-23 03:21:47,30.31999
2019-06-23 03:21:56,30.01999
2019-06-23 03:22:49,30.01999
2019-06-23 03:23:46,29.82
2019-06-23 03:24:34,29.13
2019-06-23 03:24:49,30.05999
2019-06-23 03:25:43,30.05999
2019-06-23 03:25:56,29.23999
2019-06-23 03:26:10,30.42
2019-06-23 03:26:42,30.19999
2019-06-23 03:27:35,30.19999
2019-06-23 03:27:44,30.75
2019-06-23 03:28:09,30.33999
2019-06-23 03:29:02,30.33999
2019-06-23 03:29:23,30.51999
2019-06-23 03:30:06,29.46
2019-06-23 03:30:17,30.46
2019-06-23 03:31:09,30.46
2019-06-23 03:31:52,30.97999
2019-06-23 03:32:35,30.46
2019-06-23 03:33:29,30.46
2019-06-23 03:34:34,29.99999
2019-06-23 03:34:56,30.53999
2019-06-23 03:35:09,29.69999
2019-06-23 03:35:20,30.57999
2019-06-23 03:35:45,29.5
2019-06-23 03:36:02,30.41
2019-06-23 03:36:46,30.23999
2019-06-23 03:37:44,30.98999
2019-06-23 03:37:59,29.64999
2019-06-23 03:38:10,30.82
2019-06-23 03:38:33,30.24999
2019-06-23 03:38:48,30.87
2019-06-23 03:40:41,30.87
2019-06-23 03:41:28,31.16999
2019-06-23 03:42:22,31.16999
2019-06-23 03:42:45,30.77999
2019-06-23 03:43:21,31.41999
2019-06-23 03:43:41,30.72
2019-06-23 03:44:06,31.21999
2019-06-23 03:45:00,31.21999
2019-06-23 03:45:07,30.14999
2019-06-23 03:45:20,31.07
2019-06-23 03:46:13,31.07
2019-06-23 03:46:37,30.92999
2019-06-23 03:47:24,29.60999
2019-06-23 03:47:36,30.90999
2019-06-23 03:48:28,30.90999
2019-06-23 03:49:09,30.60999
2019-06-23 03:49:50,30.05999
2019-06-23 03:50:44,30.05999
2019-06-23 03:51:00,29.8
2019-06-23 03:51:37,29.03999
2019-06-23 03:51:49,29.91999
2019-06-23 03:52:37,29.65999
2019-06-23 03:53:29,29.65999
2019-06-23 03:53:45,29.55999
2019-06-23 03:54:16,28.84999
2019-06-23 03:54:38,29.68999
2019-06-23 03:55:05,29.32999
2019-06-23 03:55:58,29.32999
2019-06-23 03:56:17,29.24999
2019-06-23 03:57:11,29.24999
2019-06-23 03:57:42,29.59999
2019-06-23 03:58:35,29.59999
2019-06-23 03:58:52,29.91999
2019-06-23 04:00:46,29.91999
2019-06-23 04:01:35,30.57999
2019-06-23 04:02:06,29.89
2019-06-23 04:03:00,29.89
2019-06-23 04:03:45,30.33999
2019-06-23 04:03:58,28.89999
2019-06-23 04:04:08,30.13
2019-06-23 04:04:30,30.96999
2019-06-23 04:04:45,30.14999
2019-06-23 04:05:06,30.98999
2019-06-23 04:05:20,28.98999
2019-06-23 04:05:28,30.92999
2019-06-23 04:06:11,30.43
2019-06-23 04:06:34,30.65999
2019-06-23 04:07:27,30.65999
2019-06-23 04:07:52,30.89999
2019-06-23 04:08:45,30.89999
2019-06-23 04:09:30,30.35999
2019-06-23 04:09:52,30.99999
2019-06-23 04:11:45,30.99999
2019-06-23 04:12:51,31.57999
2019-06-23 04:13:12,31.14
2019-06-23 04:16:06,31.14
2019-06-23 04:17:11,30.79
2019-06-23 04:18:04,30.79
2019-06-23 04:18:46,30.18
2019-06-23 04:19:02,30.90999
2019-06-23 04:19:26,30.29999
2019-06-23 04:19:47,30.82999
2019-06-23 04:20:07,30.43999
2019-06-23 04:20:59,30.43999
2019-06-23 04:21:26,30.18
2019-06-23 04:22:12,30.36999
2019-06-23 04:22:39,29.87
2019-06-23 04:22:59,30.33999
2019-06-23 04:23:52,29.53999
2019-06-23 04:24:14,30.24999
2019-06-23 04:25:07,29.95999
2019-06-23 04:25:59,29.95999
2019-06-23 04:26:59,30.35999
2019-06-23 04:27:58,29.8
2019-06-23 04:28:14,30.42
2019-06-23 04:29:07,30.42
2019-06-23 04:30:08,30.72
2019-06-23 04:31:00,30.72
2019-06-23 04:31:52,30.95999
2019-06-23 04:32:45,30.95999
2019-06-23 04:33:06,31.39
2019-06-23 04:33:28,30.28999
2019-06-23 04:33:42,31.30999
2019-06-23 04:34:21,31.14999
2019-06-23 04:34:45,30.62999
2019-06-23 04:34:58,30.03999
2019-06-23 04:35:16,30.92999
2019-06-23 04:36:14,30.01999
2019-06-23 04:36:39,31.14999
2019-06-23 04:37:26,30.92999
2019-06-23 04:38:20,30.92999
2019-06-23 04:38:43,30.68999
2019-06-23 04:41:35,30.68999
2019-06-23 04:42:25,31.05
2019-06-23 04:42:56,30.45
2019-06-23 04:43:18,31.07
2019-06-23 04:44:15,30.93999
2019-06-23 04:45:08,30.93999
2019-06-23 04:45:44,30.4
2019-06-23 04:45:57,31.12
2019-06-23 04:46:49,31.12
2019-06-23 04:47:04,30.61999
2019-06-23 04:47:55,31.26999
2019-06-23 04:48:45,30.91999
2019-06-23 04:49:42,30.56999
2019-06-23 04:52:36,30.56999
2019-06-23 04:53:00,30.69999
2019-06-23 04:54:00,30.91999
2019-06-23 04:54:28,30.47
2019-06-23 04:55:22,30.47
2019-06-23 04:56:17,30.08
2019-06-23 04:56:35,30.77999
2019-06-23 04:57:28,30.77999
2019-06-23 04:57:53,30.30999
2019-06-23 04:58:45,30.30999
2019-06-23 04:59:10,30.76
2019-06-23 04:59:41,31.22999
2019-06-23 05:01:34,31.22999
2019-06-23 05:02:11,31.31999
2019-06-23 05:02:42,31.80999
2019-06-23 05:04:35,31.80999
2019-06-23 05:05:16,30.85999
2019-06-23 05:05:28,31.82999
2019-06-23 05:06:06,31.56999
2019-06-23 05:06:59,31.56999
2019-06-23 05:07:14,32.06
2019-06-23 05:07:31,31.43999
2019-06-23 05:07:56,31.91999
2019-06-23 05:08:07,30.14999
2019-06-23 05:08:22,30.95999
2019-06-23 05:09:19,31.14999
2019-06-23 05:09:33,30.46
2019-06-23 05:09:55,30.96999
2019-06-23 05:10:38,30.43999
2019-06-23 05:11:09,30.8
2019-06-23 05:12:02,30.8
2019-06-23 05:12:19,30.50999
2019-06-23 05:15:12,30.50999
2019-06-23 05:15:48,30.04999
2019-06-23 05:16:28,30.42
2019-06-23 05:18:20,30.42
2019-06-23 05:18:54,30.61999
2019-06-23 05:19:51,30.93999
2019-06-23 05:20:43,30.55
2019-06-23 05:21:12,30.95999
2019-06-23 05:22:05,30.95999
2019-06-23 05:22:17,31.20999
2019-06-23 05:22:59,31.60999
2019-06-23 05:23:53,31.60999
2019-06-23 05:24:17,30.70999
2019-06-23 05:24:35,31.49999
2019-06-23 05:25:07,31.00999
2019-06-23 05:25:32,31.18999
2019-06-23 05:26:19,30.65999
2019-06-23 05:26:34,31.36
2019-06-23 05:27:01,31.08
2019-06-23 05:27:57,30.80999
2019-06-23 05:28:50,30.80999
2019-06-23 05:29:22,30.65999
2019-06-23 05:30:15,30.65999
2019-06-23 05:31:08,30.02999
2019-06-23 05:31:44,29.55999
2019-06-23 05:32:37,29.55999
2019-06-23 05:33:08,30.48999
2019-06-23 05:34:01,30.48999
2019-06-23 05:34:32,30.60999
2019-06-23 05:35:24,30.60999
2019-06-23 05:35:50,29.29999
2019-06-23 05:36:02,30.55
2019-06-23 05:36:13,29.53999
2019-06-23 05:37:06,29.53999
2019-06-23 05:37:33,29.89999
2019-06-23 05:38:14,30.68999
2019-06-23 05:38:22,29.60999
2019-06-23 05:38:36,30.47
2019-06-23 05:39:09,30.85999
2019-06-23 05:40:02,30.85999
2019-06-23 05:40:18,31.20999
2019-06-23 05:41:11,31.20999
2019-06-23 05:42:02,31.37
2019-06-23 05:42:55,31.37
2019-06-23 05:43:37,31.58999
2019-06-23 05:44:31,31.58999
2019-06-23 05:44:42,31.88999
2019-06-23 05:45:22,30.68999
2019-06-23 05:45:31,32.03999
2019-06-23 05:46:21,31.77
2019-06-23 05:47:14,31.77
2019-06-23 05:47:27,30.62999
2019-06-23 05:47:45,31.48999
2019-06-23 05:48:20,31.78999
2019-06-23 05:49:13,31.78999
2019-06-23 05:49:22,31.43999
2019-06-23 05:50:15,31.43999
2019-06-23 05:50:56,30.98999
2019-06-23 05:51:44,31.41999
2019-06-23 05:52:10,30.96999
2019-06-23 05:53:00,31.12
2019-06-23 05:53:56,30.97999
2019-06-23 05:54:49,30.97999
2019-06-23 05:55:34,30.12
2019-06-23 05:56:02,30.65999
2019-06-23 05:56:54,30.65999
2019-06-23 05:57:51,30.96999
2019-06-23 05:58:43,30.96999
2019-06-23 05:59:00,31.43
2019-06-23 05:59:26,30.57999
2019-06-23 05:59:37,31.48999
2019-06-23 06:00:35,30.27999
2019-06-23 06:00:56,30.69999
2019-06-23 06:01:48,30.42
2019-06-23 06:02:15,29.69999
2019-06-23 06:03:04,28.8
2019-06-23 06:03:29,29.29999
2019-06-23 06:03:42,28.12999
2019-06-23 06:03:54,29.31999
2019-06-23 06:04:27,28.87
2019-06-23 06:05:19,28.87
2019-06-23 06:06:24,28.28999
2019-06-23 06:06:52,29.97999
2019-06-23 06:07:16,28.96
2019-06-23 06:07:27,30.13
2019-06-23 06:07:58,29.31999
2019-06-23 06:08:12,30.14
2019-06-23 06:08:32,28.69999
2019-06-23 06:08:56,29.38999
2019-06-23 06:10:49,29.38999
2019-06-23 06:11:15,29.63999
2019-06-23 06:12:08,29.15
2019-06-23 06:12:28,29.63999
2019-06-23 06:13:09,29.34999
2019-06-23 06:14:03,29.34999
2019-06-23 06:14:28,29.69999
2019-06-23 06:14:51,30.58999
2019-06-23 06:15:44,30.58999
2019-06-23 06:15:54,30.28999
2019-06-23 06:16:46,30.28999
2019-06-23 06:17:45,30.43999
2019-06-23 06:18:38,30.43999
2019-06-23 06:19:10,30.87
2019-06-23 06:21:04,30.87
2019-06-23 06:21:19,30.5
2019-06-23 06:21:40,30.92999
2019-06-23 06:22:33,30.92999
2019-06-23 06:22:54,30.72
2019-06-23 06:23:47,30.72
2019-06-23 06:24:35,30.4
2019-06-23 06:25:28,30.4
2019-06-23 06:25:37,30.69999
2019-06-23 06:26:30,30.69999
2019-06-23 06:26:44,31.24999
2019-06-23 06:27:07,30.70999
2019-06-23 06:27:47,31.02999
2019-06-23 06:28:37,30.64999
2019-06-23 06:29:30,30.64999
2019-06-23 06:30:15,30.91999
2019-06-23 06:33:08,30.91999
2019-06-23 06:33:21,30.38999
2019-06-23 06:33:39,31.14
2019-06-23 06:34:11,30.92999
2019-06-23 06:36:04,30.92999
2019-06-23 06:36:20,31.08
2019-06-23 06:37:13,31.08
2019-06-23 06:37:45,31.37
2019-06-23 06:38:39,31.37
2019-06-23 06:39:19,31.83999
2019-06-23 06:40:12,31.83999
2019-06-23 06:40:51,31.80999
2019-06-23 06:41:46,31.71
2019-06-23 06:42:39,31.71
2019-06-23 06:42:55,32.00999
2019-06-23 06:43:15,30.19999
2019-06-23 06:43:31,31.18999
2019-06-23 06:44:14,31.69
2019-06-23 06:44:36,31.04
2019-06-23 06:45:29,31.04
2019-06-23 06:46:09,30.77
2019-06-23 06:48:02,30.77
2019-06-23 06:48:28,30.74
2019-06-23 06:49:21,30.74
2019-06-23 06:49:29,30.28999
2019-06-23 06:50:25,30.43999
2019-06-23 06:51:18,30.43999
2019-06-23 06:51:34,29.98999
2019-06-23 06:53:27,29.98999
2019-06-23 06:53:48,30.26999
2019-06-23 06:54:42,30.16999
2019-06-23 06:56:35,30.16999
2019-06-23 06:57:05,29.91999
2019-06-23 06:57:28,30.21999
2019-06-23 06:58:16,30.41
2019-06-23 06:59:09,30.41
2019-06-23 06:59:44,30.69999
2019-06-23 07:00:37,30.69999
2019-06-23 07:00:46,30.03999
2019-06-23 07:01:39,30.03999
2019-06-23 07:02:22,29.5
2019-06-23 07:03:15,29.5
2019-06-23 07:03:46,28.59
2019-06-23 07:04:10,29.31999
2019-06-23 07:04:21,28.23
2019-06-23 07:04:40,28.99999
2019-06-23 07:05:13,27.42999
2019-06-23 07:05:34,28.51
2019-06-23 07:05:45,27.40999
2019-06-23 07:05:56,29.28999
2019-06-23 07:06:50,29.28999
2019-06-23 07:07:53,28.30999
2019-06-23 07:08:12,28.77999
2019-06-23 07:08:35,28.40999
2019-06-23 07:09:28,28.40999
2019-06-23 07:10:06,28.11999
2019-06-23 07:10:56,28.36999
2019-06-23 07:13:49,28.36999
2019-06-23 07:14:10,29.26999
2019-06-23 07:16:03,29.26999
2019-06-23 07:16:33,29.33999
2019-06-23 07:16:59,29.57
2019-06-23 07:17:52,29.57
2019-06-23 07:18:01,29.66999
2019-06-23 07:18:30,29.26999
2019-06-23 07:19:23,29.26999
2019-06-23 07:19:32,29.60999
2019-06-23 07:21:25,29.60999
2019-06-23 07:21:56,30.00999
2019-06-23 07:22:23,29.95999
2019-06-23 07:23:23,29.23999
2019-06-23 07:23:47,30.09
2019-06-23 07:25:40,30.09
2019-06-23 07:26:27,29.28999
2019-06-23 07:27:23,29.08999
2019-06-23 07:27:45,28.48
2019-06-23 07:28:17,27.04999
2019-06-23 07:28:26,28.55999
2019-06-23 07:28:36,27.29
2019-06-23 07:28:54,27.39999
2019-06-23 07:29:10,27.16999
2019-06-23 07:29:28,27.96
2019-06-23 07:29:40,26.19999
2019-06-23 07:29:50,27.12999
2019-06-23 07:30:09,27.61
2019-06-23 07:30:28,27.00999
2019-06-23 07:32:21,27.00999
2019-06-23 07:32:36,26.77999
2019-06-23 07:32:52,28.00999
2019-06-23 07:33:45,28.00999
2019-06-23 07:34:12,28.34999
2019-06-23 07:35:05,28.34999
2019-06-23 07:35:39,28.96
2019-06-23 07:36:17,28.66999
2019-06-23 07:37:09,28.66999
2019-06-23 07:37:22,27.78999
2019-06-23 07:37:32,29.07999
2019-06-23 07:37:51,28.63999
2019-06-23 07:38:44,28.63999
2019-06-23 07:39:03,28.23
2019-06-23 07:39:54,27.21
2019-06-23 07:40:08,28.22
2019-06-23 07:41:01,28.22
2019-06-23 07:41:15,27.2
2019-06-23 07:41:26,28.2
2019-06-23 07:45:19,28.2
2019-06-23 07:46:16,28.51
2019-06-23 07:46:38,28.21
2019-06-23 07:48:31,28.21
2019-06-23 07:48:50,28.70999
2019-06-23 07:49:37,27.96
2019-06-23 07:49:58,28.62
2019-06-23 07:51:51,28.62
2019-06-23 07:52:03,28.84
2019-06-23 07:52:33,28.37999
2019-06-23 07:53:16,28.84999
2019-06-23 07:54:09,28.84999
2019-06-23 07:55:03,27.86
2019-06-23 07:55:29,28.88
2019-06-23 07:55:44,27.87
2019-06-23 07:56:00,28.75999
2019-06-23 07:56:26,28.09999
2019-06-23 07:56:43,26.98
2019-06-23 07:56:48,29.00999
2019-06-23 07:57:09,27.57999
2019-06-23 07:57:19,28.63999
2019-06-23 07:59:13,28.63999
2019-06-23 07:59:30,27.96
2019-06-23 07:59:42,28.93999
2019-06-23 08:00:41,27.85
2019-06-23 08:00:50,28.71999
2019-06-23 08:01:21,28.45999
2019-06-23 08:01:56,27.82999
2019-06-23 08:02:28,28.72999
2019-06-23 08:02:46,27.75999
2019-06-23 08:03:03,28.28999
2019-06-23 08:04:02,28.89
2019-06-23 08:04:15,28.46999
2019-06-23 08:04:45,28.70999
2019-06-23 08:05:38,28.70999
2019-06-23 08:05:50,28.27999
2019-06-23 08:06:12,28.68999
2019-06-23 08:06:52,30.11
2019-06-23 08:07:35,29.59999
2019-06-23 08:08:06,30.12
2019-06-23 08:08:30,28.76999
2019-06-23 08:08:49,29.70999
2019-06-23 08:09:15,29.31999
2019-06-23 08:10:09,29.31999
2019-06-23 08:10:17,29.26999
2019-06-23 08:10:44,28.74999
2019-06-23 08:12:37,28.74999
2019-06-23 08:13:19,27.67999
2019-06-23 08:13:33,28.40999
2019-06-23 08:14:26,28.40999
2019-06-23 08:14:57,29.05999
2019-06-23 08:15:33,28.63999
2019-06-23 08:16:26,28.63999
2019-06-23 08:16:43,28.84999
2019-06-23 08:17:19,27.88
2019-06-23 08:17:44,28.27999
2019-06-23 08:18:02,28.88
2019-06-23 08:18:55,28.88
2019-06-23 08:19:04,28.48
2019-06-23 08:19:25,27.93
2019-06-23 08:19:47,28.84
2019-06-23 08:20:15,28.00999
2019-06-23 08:20:41,28.32999
2019-06-23 08:21:35,28.32999
2019-06-23 08:22:03,28.02999
2019-06-23 08:23:02,28.25
2019-06-23 08:24:55,28.25
2019-06-23 08:25:05,28.5
2019-06-23 08:26:01,28.25
2019-06-23 08:26:30,28.39999
2019-06-23 08:27:23,28.39999
2019-06-23 08:27:54,28.83
2019-06-23 08:28:46,28.16
2019-06-23 08:29:22,28.57
2019-06-23 08:29:33,27.3
2019-06-23 08:29:45,28.01999
2019-06-23 08:30:38,27.40999
2019-06-23 08:30:50,28.13999
2019-06-23 08:31:43,28.13999
2019-06-23 08:32:00,29.44
2019-06-23 08:32:23,27.64
2019-06-23 08:32:40,27.09999
2019-06-23 08:32:49,28.10999
2019-06-23 08:33:05,27.13999
2019-06-23 08:33:24,28.19
2019-06-23 08:34:19,28.5
2019-06-23 08:34:41,27.74999
2019-06-23 08:34:52,28.93999
2019-06-23 08:35:11,27.87
2019-06-23 08:35:25,28.63999
2019-06-23 08:36:18,28.63999
2019-06-23 08:36:44,28.49
2019-06-23 08:37:19,27.35999
2019-06-23 08:37:32,28.36999
2019-06-23 08:38:15,27.81999
2019-06-23 08:38:51,29.06999
2019-06-23 08:39:45,28.19
2019-06-23 08:39:57,29.35999
2019-06-23 08:40:27,29.13
2019-06-23 08:41:14,28.44999
2019-06-23 08:41:53,29.24999
2019-06-23 08:43:45,29.24999
2019-06-23 08:44:22,29.16999
2019-06-23 08:46:14,29.16999
2019-06-23 08:46:25,28.66999
2019-06-23 08:46:46,29.18999
2019-06-23 08:47:35,28.72999
2019-06-23 08:47:58,29.2
2019-06-23 08:48:44,28.91999
2019-06-23 08:50:36,28.91999
2019-06-23 08:51:32,28.59999
2019-06-23 08:53:24,28.59999
2019-06-23 08:54:10,28.84999
2019-06-23 08:54:50,28.62999
2019-06-23 08:56:43,28.62999
2019-06-23 08:57:27,28.76999
2019-06-23 08:58:20,28.76999
2019-06-23 08:58:31,29.09999
2019-06-23 08:59:24,29.09999
2019-06-23 09:00:02,29.45
2019-06-23 09:00:47,29.31999
2019-06-23 09:01:24,29.87
2019-06-23 09:01:35,28.86
2019-06-23 09:02:13,29.15
2019-06-23 09:02:41,28.76999
2019-06-23 09:03:10,29.36999
2019-06-23 09:03:31,28.77999
2019-06-23 09:04:28,29.35999
2019-06-23 09:04:44,28.32999
2019-06-23 09:04:55,29.5
2019-06-23 09:05:13,29.01999
2019-06-23 09:06:06,29.01999
2019-06-23 09:07:06,28.42999
2019-06-23 09:07:22,29.37999
2019-06-23 09:07:50,29.07999
2019-06-23 09:09:43,29.07999
2019-06-23 09:09:54,29.41999
2019-06-23 09:10:38,29.69999
2019-06-23 09:11:21,29.87999
2019-06-23 09:13:14,29.87999
2019-06-23 09:13:46,29.57
2019-06-23 09:14:08,30.28999
2019-06-23 09:14:34,29.77
2019-06-23 09:16:28,29.77
2019-06-23 09:16:35,29.37999
2019-06-23 09:17:25,28.8
2019-06-23 09:17:50,29.03999
2019-06-23 09:19:43,29.03999
2019-06-23 09:19:55,28.65999
2019-06-23 09:20:48,28.65999
2019-06-23 09:21:36,28.22
2019-06-23 09:22:06,28.60999
2019-06-23 09:22:59,28.60999
2019-06-23 09:23:53,28.92999
2019-06-23 09:24:47,29.47
2019-06-23 09:25:14,29.12
2019-06-23 09:25:32,29.66999
2019-06-23 09:26:14,29.46
2019-06-23 09:27:07,29.46
2019-06-23 09:27:51,29.98999
2019-06-23 09:28:38,29.21
2019-06-23 09:29:02,29.72999
2019-06-23 09:30:55,29.72999
2019-06-23 09:31:31,29.23999
2019-06-23 09:32:23,29.23999
2019-06-23 09:32:58,28.34999
2019-06-23 09:33:10,29.2
2019-06-23 09:34:03,29.2
2019-06-23 09:34:55,29.62999
2019-06-23 09:35:49,28.30999
2019-06-23 09:36:02,29.70999
2019-06-23 09:36:36,27.91
2019-06-23 09:36:46,29.27999
2019-06-23 09:37:39,29.27999
2019-06-23 09:37:48,27.98999
2019-06-23 09:38:06,28.70999
2019-06-23 09:38:24,28.77999
2019-06-23 09:39:09,29.23
2019-06-23 09:39:27,29.06999
2019-06-23 09:41:19,29.06999
2019-06-23 09:41:37,28.59
2019-06-23 09:42:16,29.01999
2019-06-23 09:42:56,29.84
2019-06-23 09:43:40,29.01999
2019-06-23 09:43:53,30.00999
2019-06-23 09:44:16,29.36999
2019-06-23 09:44:43,29.69999
2019-06-23 09:45:24,29.03999
2019-06-23 09:45:49,29.59999
2019-06-23 09:47:42,29.59999
2019-06-23 09:48:18,29.41999
2019-06-23 09:49:06,29.02999
2019-06-23 09:51:00,29.02999
2019-06-23 09:51:27,28.64999
2019-06-23 09:51:50,29.06999
2019-06-23 09:52:20,28.76999
2019-06-23 09:53:15,28.42999
2019-06-23 09:54:04,28.63999
2019-06-23 09:54:16,27.41999
2019-06-23 09:54:45,27.72999
2019-06-23 09:55:38,27.72999
2019-06-23 09:55:52,27.93999
2019-06-23 09:56:45,27.93999
2019-06-23 09:56:56,27.46999
2019-06-23 09:57:39,26.59
2019-06-23 09:57:49,28.07999
2019-06-23 09:58:09,27.69999
2019-06-23 09:58:28,26.82999
2019-06-23 09:59:22,27.43999
2019-06-23 09:59:43,26.34999
2019-06-23 10:00:03,27.30999
2019-06-23 10:00:55,27.30999
2019-06-23 10:01:52,26.67999
2019-06-23 10:02:12,28.07999
2019-06-23 10:02:34,27.21
2019-06-23 10:02:45,28.18
2019-06-23 10:03:02,26.62
2019-06-23 10:03:05,24.52999
2019-06-23 10:03:10,22.93999
2019-06-23 10:03:13,25.08999
2019-06-23 10:03:19,26.47999
2019-06-23 10:03:41,27.39999
2019-06-23 10:04:33,27.39999
2019-06-23 10:04:57,27.12999
2019-06-23 10:05:12,28.06999
2019-06-23 10:05:31,27.56
2019-06-23 10:05:45,28.39999
2019-06-23 10:06:06,27.96
2019-06-23 10:06:28,28.51
2019-06-23 10:07:26,28.25999
2019-06-23 10:08:19,28.25999
2019-06-23 10:08:42,28.69999
2019-06-23 10:09:03,28.36999
2019-06-23 10:09:55,28.36999
2019-06-23 10:10:04,28.18
2019-06-23 10:10:56,28.89
2019-06-23 10:11:38,28.17
2019-06-23 10:11:54,28.88
2019-06-23 10:12:31,27.85
2019-06-23 10:12:54,28.35999
2019-06-23 10:13:30,27.80999
2019-06-23 10:14:24,27.80999
2019-06-23 10:14:53,27.41999
2019-06-23 10:15:45,27.41999
2019-06-23 10:15:57,27.02999
2019-06-23 10:16:50,27.02999
2019-06-23 10:17:05,26.59999
2019-06-23 10:17:57,26.59999
2019-06-23 10:18:53,27.70999
2019-06-23 10:19:47,28.25
2019-06-23 10:22:41,28.25
2019-06-23 10:23:14,27.50999
2019-06-23 10:23:28,28.62
2019-06-23 10:23:37,26.82999
2019-06-23 10:23:48,28.8
2019-06-23 10:24:23,27.93999
2019-06-23 10:24:47,28.94999
2019-06-23 10:25:02,27.69999
2019-06-23 10:25:13,29.09999
2019-06-23 10:25:27,27.74999
2019-06-23 10:25:39,28.76999
2019-06-23 10:26:06,27.76999
2019-06-23 10:26:16,28.93999
2019-06-23 10:26:30,28.2
2019-06-23 10:27:22,28.82
2019-06-23 10:27:49,27.9
2019-06-23 10:28:38,28.57999
2019-06-23 10:29:32,28.57999
2019-06-23 10:29:56,29.07999
2019-06-23 10:30:44,28.75999
2019-06-23 10:31:21,29.18999
2019-06-23 10:32:13,29.18999
2019-06-23 10:33:16,29.82
2019-06-23 10:33:34,29.06999
2019-06-23 10:33:56,29.57
2019-06-23 10:34:54,29.16
2019-06-23 10:35:11,29.77
2019-06-23 10:35:36,29.03999
2019-06-23 10:35:57,29.33999
2019-06-23 10:36:36,29.77
2019-06-23 10:38:30,29.77
2019-06-23 10:39:01,30.21
2019-06-23 10:39:25,29.98999
2019-06-23 10:40:13,30.55
2019-06-23 10:41:02,30.33999
2019-06-23 10:41:55,30.33999
2019-06-23 10:42:36,29.98999
2019-06-23 10:43:29,29.98999
2019-06-23 10:44:01,29.77
2019-06-23 10:44:54,29.77
2019-06-23 10:45:21,29.64999
2019-06-23 10:45:59,28.97999
2019-06-23 10:46:27,29.38999
2019-06-23 10:47:03,29.2
2019-06-23 10:47:56,28.86
2019-06-23 10:49:49,28.86
2019-06-23 10:50:10,29.26999
2019-06-23 10:50:35,28.97999
2019-06-23 10:53:28,28.97999
2019-06-23 10:54:31,29.06999
2019-06-23 10:55:24,29.06999
2019-06-23 10:55:43,29.49
2019-06-23 10:56:17,29.09999
2019-06-23 10:56:51,29.38999
2019-06-23 10:57:43,29.38999
2019-06-23 10:58:06,28.34999
2019-06-23 10:58:18,29.49
2019-06-23 10:58:49,28.76999
2019-06-23 10:59:43,28.38999
2019-06-23 10:59:52,29.48
2019-06-23 11:00:14,28.2
2019-06-23 11:00:36,29.15
2019-06-23 11:00:56,27.98999
2019-06-23 11:01:08,29.28999
2019-06-23 11:01:56,29.65999
2019-06-23 11:02:17,28.25
2019-06-23 11:02:33,29.81
2019-06-23 11:02:50,30.53999
2019-06-23 11:03:04,29.66999
2019-06-23 11:03:48,28.39999
2019-06-23 11:03:56,29.89999
2019-06-23 11:04:13,30.80999
2019-06-23 11:04:28,29.49
2019-06-23 11:04:39,30.73
2019-06-23 11:05:07,29.73999
2019-06-23 11:05:18,30.95999
2019-06-23 11:05:45,30.37999
2019-06-23 11:06:37,30.37999
2019-06-23 11:07:16,29.23999
2019-06-23 11:07:29,30.32999
2019-06-23 11:08:03,29.44
2019-06-23 11:08:15,30.59999
2019-06-23 11:09:05,30.8
2019-06-23 11:10:58,30.8
2019-06-23 11:11:41,30.67999
2019-06-23 11:14:35,30.67999
2019-06-23 11:14:50,30.84
2019-06-23 11:15:43,30.84
2019-06-23 11:16:25,31.07
2019-06-23 11:17:19,31.07
2019-06-23 11:18:18,31.55999
2019-06-23 11:18:40,30.94999
2019-06-23 11:19:03,31.4
2019-06-23 11:19:57,31.4
2019-06-23 11:20:25,30.48999
2019-06-23 11:21:17,30.48999
2019-06-23 11:22:18,30.16
2019-06-23 11:23:11,30.16
2019-06-23 11:23:22,29.86
2019-06-23 11:24:17,29.38999
2019-06-23 11:25:11,29.38999
2019-06-23 11:25:54,29.66999
2019-06-23 11:26:47,29.66999
2019-06-23 11:26:59,30.31999
2019-06-23 11:27:41,29.97999
2019-06-23 11:28:34,29.97999
2019-06-23 11:29:16,28.69999
2019-06-23 11:29:28,29.52
2019-06-23 11:30:17,30.13
2019-06-23 11:31:08,29.77
2019-06-23 11:33:01,29.77
2019-06-23 11:33:45,29.23999
2019-06-23 11:34:17,29.27999
2019-06-23 11:35:13,29.67999
2019-06-23 11:35:40,29.12
2019-06-23 11:36:33,29.12
2019-06-23 11:37:07,29.23999
2019-06-23 11:37:55,29.49
2019-06-23 11:38:49,28.97999
2019-06-23 11:39:43,28.97999
2019-06-23 11:39:55,28.28999
2019-06-23 11:40:11,29.01999
2019-06-23 11:40:25,27.67999
2019-06-23 11:40:41,28.52
2019-06-23 11:41:35,28.52
2019-06-23 11:41:49,27.35999
2019-06-23 11:42:06,28.42999
2019-06-23 11:42:34,27.91999
2019-06-23 11:43:26,27.91999
2019-06-23 11:43:49,28.44999
2019-06-23 11:44:06,27.62
2019-06-23 11:44:22,28.27999
2019-06-23 11:44:50,28.99999
2019-06-23 11:45:03,29.87
2019-06-23 11:45:34,28.67999
2019-06-23 11:45:44,29.98999
2019-06-23 11:46:07,28.78999
2019-06-23 11:46:24,29.77
2019-06-23 11:47:17,29.77
2019-06-23 11:48:00,30.38999
2019-06-23 11:48:28,29.26999
2019-06-23 11:48:56,28.44999
2019-06-23 11:49:19,29.89
2019-06-23 11:49:38,28.57
2019-06-23 11:50:03,29.33999
2019-06-23 11:50:22,28.57
2019-06-23 11:51:16,28.57
2019-06-23 11:51:40,28.08999
2019-06-23 11:52:25,28.25999
2019-06-23 11:53:06,27.76999
2019-06-23 11:53:33,28.3
2019-06-23 11:54:10,27.93999
2019-06-23 11:54:36,28.25
2019-06-23 11:54:56,29.08999
2019-06-23 11:55:33,28.40999
2019-06-23 11:56:19,28.65999
2019-06-23 11:57:16,28.22
2019-06-23 11:57:53,28.41999
2019-06-23 11:58:45,28.41999
2019-06-23 11:59:23,28.59
2019-06-23 12:00:16,28.59
2019-06-23 12:00:49,28.66999
2019-06-23 12:01:33,29.15
2019-06-23 12:02:09,29.60999
2019-06-23 12:03:01,29.60999
2019-06-23 12:03:35,29.94999
2019-06-23 12:04:28,29.94999
2019-06-23 12:05:15,28.08999
2019-06-23 12:05:23,29.35999
2019-06-23 12:06:16,29.35999
2019-06-23 12:06:56,29.70999
2019-06-23 12:07:17,28.74999
2019-06-23 12:07:39,29.57999
2019-06-23 12:08:23,29.06999
2019-06-23 12:08:44,28.59999
2019-06-23 12:09:20,27.91999
2019-06-23 12:09:57,27.45999
2019-06-23 12:10:50,27.45999
2019-06-23 12:10:59,27.12999
2019-06-23 12:11:52,27.12999
2019-06-23 12:12:44,27.39999
2019-06-23 12:14:37,27.39999
2019-06-23 12:14:46,28.07999
2019-06-23 12:15:14,28.36999
2019-06-23 12:16:10,28.81
2019-06-23 12:16:31,27.96999
2019-06-23 12:16:46,28.93999
2019-06-23 12:18:39,28.93999
2019-06-23 12:18:47,28.34999
2019-06-23 12:18:58,29.44
2019-06-23 12:19:16,28.35999
2019-06-23 12:19:32,29.23999
2019-06-23 12:19:54,27.77999
2019-06-23 12:20:05,29.69999
2019-06-23 12:20:29,28.54
2019-06-23 12:21:22,28.54
2019-06-23 12:22:05,28.96999
2019-06-23 12:22:38,28.59999
2019-06-23 12:24:30,28.59999
2019-06-23 12:25:21,28.11999
2019-06-23 12:25:43,28.65999
2019-06-23 12:26:36,28.65999
2019-06-23 12:27:07,29.21
2019-06-23 12:27:35,28.83
2019-06-23 12:28:15,29.06999
2019-06-23 12:29:07,29.06999
2019-06-23 12:30:01,29.23
2019-06-23 12:30:57,29.06999
2019-06-23 12:35:50,29.06999
2019-06-23 12:36:34,29.48
2019-06-23 12:37:27,29.48
2019-06-23 12:37:38,29.30999
2019-06-23 12:38:04,29.52999
2019-06-23 12:38:56,29.52999
2019-06-23 12:39:07,29.25999
2019-06-23 12:39:38,28.39999
2019-06-23 12:39:52,29.05999
2019-06-23 12:42:44,29.05999
2019-06-23 12:43:04,28.39999
2019-06-23 12:43:27,28.59999
2019-06-23 12:45:20,28.59999
2019-06-23 12:45:57,28.06999
2019-06-23 12:46:19,28.5
2019-06-23 12:47:12,28.5
2019-06-23 12:47:32,28.67999
2019-06-23 12:48:23,28.67999
2019-06-23 12:48:37,29.21999
2019-06-23 12:48:58,28.72999
2019-06-23 12:49:51,28.72999
2019-06-23 12:50:00,28.93999
2019-06-23 12:51:52,28.93999
2019-06-23 12:52:53,29.39999
2019-06-23 12:54:46,29.39999
2019-06-23 12:55:27,29.91999
2019-06-23 12:55:50,28.91999
2019-06-23 12:56:06,29.45
2019-06-23 12:56:59,29.45
2019-06-23 12:57:12,27.89
2019-06-23 12:57:33,29.23
2019-06-23 12:58:25,29.23
2019-06-23 12:58:48,28.84
2019-06-23 12:59:01,29.69999
2019-06-23 12:59:24,28.57
2019-06-23 12:59:44,29.41999
2019-06-23 13:00:44,28.82
2019-06-23 13:01:14,29.48
2019-06-23 13:01:44,28.82
2019-06-23 13:02:08,29.36999
2019-06-23 13:02:59,29.36999
2019-06-23 13:03:34,29.16
2019-06-23 13:06:27,29.16
2019-06-23 13:06:51,29.38999
2019-06-23 13:10:44,29.38999
2019-06-23 13:11:51,29.06999
2019-06-23 13:12:19,28.65999
2019-06-23 13:12:54,28.18
2019-06-23 13:13:40,27.76999
2019-06-23 13:14:33,27.32
2019-06-23 13:16:25,27.32
2019-06-23 13:17:12,28.12999
2019-06-23 13:18:03,28.12999
2019-06-23 13:18:48,28.52999
2019-06-23 13:19:27,28.92999
2019-06-23 13:20:04,29.48
2019-06-23 13:21:03,29.63999
2019-06-23 13:21:24,29.23999
2019-06-23 13:21:41,30.03999
2019-06-23 13:23:33,30.03999
2019-06-23 13:24:18,29.67999
2019-06-23 13:24:56,28.57999
2019-06-23 13:25:11,29.23
2019-06-23 13:25:34,28.39999
2019-06-23 13:25:54,29.47
2019-06-23 13:26:09,28.66999
2019-06-23 13:26:39,29.05999
2019-06-23 13:27:30,29.05999
2019-06-23 13:28:14,28.83
2019-06-23 13:29:06,28.83
2019-06-23 13:29:36,29.02999
2019-06-23 13:30:29,29.02999
2019-06-23 13:31:25,28.8
2019-06-23 13:32:22,29.08999
2019-06-23 13:33:15,29.08999
2019-06-23 13:33:49,29.59999
2019-06-23 13:34:42,29.59999
2019-06-23 13:35:36,30.12
2019-06-23 13:36:29,30.12
2019-06-23 13:37:20,29.18
2019-06-23 13:37:30,30.25999
2019-06-23 13:38:02,29.84999
2019-06-23 13:38:30,29.96999
2019-06-23 13:38:51,30.35999
2019-06-23 13:39:43,30.16
2019-06-23 13:40:35,30.16
2019-06-23 13:41:12,30.45
2019-06-23 13:41:58,30.01999
2019-06-23 13:42:31,30.35999
2019-06-23 13:43:22,29.30999
2019-06-23 13:43:30,30.8
2019-06-23 13:44:01,30.76
2019-06-23 13:44:41,30.52999
2019-06-23 13:45:26,30.18999
2019-06-23 13:46:17,30.18999
2019-06-23 13:47:03,29.8
2019-06-23 13:48:00,29.15
2019-06-23 13:48:53,29.15
2019-06-23 13:49:52,28.64999
2019-06-23 13:50:45,28.64999
2019-06-23 13:51:28,28.22
2019-06-23 13:52:21,28.22
2019-06-23 13:52:51,28.84
2019-06-23 13:54:43,28.84
2019-06-23 13:55:01,29.36999
2019-06-23 13:55:37,28.98999
2019-06-23 13:56:16,29.25999
2019-06-23 13:57:09,29.25999
2019-06-23 13:57:26,28.91999
2019-06-23 13:57:57,29.16999
2019-06-23 13:58:48,29.16999
2019-06-23 13:58:56,29.52
2019-06-23 13:59:27,29.16
2019-06-23 14:00:07,29.57999
2019-06-23 14:01:03,29.72999
2019-06-23 14:01:55,29.72999
2019-06-23 14:02:24,30.09
2019-06-23 14:04:17,30.09
2019-06-23 14:04:54,29.62999
2019-06-23 14:05:33,29.84
2019-06-23 14:09:26,29.84
2019-06-23 14:10:03,29.70999
2019-06-23 14:11:00,29.68999
2019-06-23 14:11:53,29.68999
2019-06-23 14:12:11,29.8
2019-06-23 14:12:52,29.97999
2019-06-23 14:15:44,29.97999
2019-06-23 14:15:57,30.13
2019-06-23 14:16:51,30.13
2019-06-23 14:17:50,29.89
2019-06-23 14:18:43,29.89
2019-06-23 14:18:51,30.12
2019-06-23 14:19:44,30.12
2019-06-23 14:20:09,29.91999
2019-06-23 14:22:01,29.91999
2019-06-23 14:22:26,30.18
2019-06-23 14:23:18,30.18
2019-06-23 14:23:42,29.82
2019-06-23 14:24:18,29.92999
2019-06-23 14:26:11,29.92999
2019-06-23 14:26:43,30.28999
2019-06-23 14:27:36,30.28999
2019-06-23 14:27:54,30.43
2019-06-23 14:28:46,30.43
2019-06-23 14:29:18,30.27999
2019-06-23 14:32:11,30.27999
2019-06-23 14:32:46,29.81
2019-06-23 14:33:38,29.81
2019-06-23 14:33:59,30.21
2019-06-23 14:34:21,29.66999
2019-06-23 14:35:13,29.66999
2019-06-23 14:35:31,30.09
2019-06-23 14:35:49,29.61999
2019-06-23 14:36:48,30.08
2019-06-23 14:37:40,30.08
2019-06-23 14:37:55,30.33999
2019-06-23 14:38:48,30.33999
2019-06-23 14:38:58,30.65999
2019-06-23 14:39:52,30.65999
2019-06-23 14:40:14,30.4
2019-06-23 14:41:07,30.4
2019-06-23 14:41:36,29.70999
2019-06-23 14:41:49,30.50999
2019-06-23 14:42:18,29.82
2019-06-23 14:42:40,30.16
2019-06-23 14:42:55,28.81
2019-06-23 14:43:07,29.92999
2019-06-23 14:43:48,29.18999
2019-06-23 14:44:06,30.04999
2019-06-23 14:44:20,29.21
2019-06-23 14:44:39,30.01999
2019-06-23 14:47:31,30.01999
2019-06-23 14:47:53,29.78
2019-06-23 14:48:45,29.78
2019-06-23 14:49:43,30.09
2019-06-23 14:50:35,30.09
2019-06-23 14:50:47,29.86
2019-06-23 14:51:40,29.86
2019-06-23 14:51:56,30.14
2019-06-23 14:52:48,30.14
2019-06-23 14:52:58,29.94999
2019-06-23 14:53:44,30.22999
2019-06-23 14:54:37,30.22999
2019-06-23 14:55:14,29.97999
2019-06-23 14:55:33,30.61999
2019-06-23 14:56:00,30.45
2019-06-23 14:57:53,30.45
2019-06-23 14:58:05,30.84
2019-06-23 14:58:57,30.84
2019-06-23 14:59:13,30.25999
2019-06-23 14:59:45,30.60999
2019-06-23 15:00:37,30.60999
2019-06-23 15:01:05,30.8
2019-06-23 15:01:29,30.37999
2019-06-23 15:02:22,30.37999
2019-06-23 15:02:46,29.93999
2019-06-23 15:03:39,29.93999
2019-06-23 15:04:16,29.55999
2019-06-23 15:05:08,29.55999
2019-06-23 15:05:39,29.02999
2019-06-23 15:06:31,29.02999
2019-06-23 15:07:08,28.30999
2019-06-23 15:09:00,28.30999
2019-06-23 15:10:01,28.64999
2019-06-23 15:10:44,29.23999
2019-06-23 15:11:36,29.23999
2019-06-23 15:12:22,29.55999
2019-06-23 15:12:58,29.87
2019-06-23 15:13:22,30.25999
2019-06-23 15:14:16,30.25999
2019-06-23 15:14:52,30.94999
2019-06-23 15:15:44,30.94999
2019-06-23 15:16:11,30.73
2019-06-23 15:18:03,30.73
2019-06-23 15:18:43,30.16999
2019-06-23 15:19:08,30.53999
2019-06-23 15:22:00,30.53999
2019-06-23 15:22:11,30.5
2019-06-23 15:24:04,30.5
2019-06-23 15:24:50,30.89999
2019-06-23 15:25:19,30.48
2019-06-23 15:28:11,30.48
2019-06-23 15:28:39,30.18999
2019-06-23 15:29:34,29.86
2019-06-23 15:30:27,29.86
2019-06-23 15:30:54,29.68999
2019-06-23 15:31:51,30.16
2019-06-23 15:32:18,29.65999
2019-06-23 15:33:10,29.65999
2019-06-23 15:33:32,29.48
2019-06-23 15:34:25,29.48
2019-06-23 15:35:11,29.63999
2019-06-23 15:35:45,29.98999
2019-06-23 15:36:16,30.29999
2019-06-23 15:38:09,30.29999
2019-06-23 15:38:40,30.82
2019-06-23 15:40:33,30.82
2019-06-23 15:41:23,30.19999
2019-06-23 15:41:40,31.05
2019-06-23 15:42:01,29.40999
2019-06-23 15:42:11,30.70999
2019-06-23 15:42:49,30.38999
2019-06-23 15:43:41,30.38999
2019-06-23 15:44:14,29.69999
2019-06-23 15:44:28,30.76
2019-06-23 15:44:51,29.69999
2019-06-23 15:45:10,30.61999
2019-06-23 15:45:30,29.04999
2019-06-23 15:45:44,29.93999
2019-06-23 15:46:03,30.75
2019-06-23 15:46:19,29.74999
2019-06-23 15:46:43,30.43
2019-06-23 15:47:00,29.98999
2019-06-23 15:48:53,29.98999
2019-06-23 15:49:57,30.50999
2019-06-23 15:50:29,28.99999
2019-06-23 15:50:39,30.26999
2019-06-23 15:51:31,30.26999
2019-06-23 15:51:40,30.66999
2019-06-23 15:51:57,30.25999
2019-06-23 15:52:49,30.25999
2019-06-23 15:53:18,29.01999
2019-06-23 15:53:28,30.16999
2019-06-23 15:54:20,30.16999
2019-06-23 15:55:18,29.99999
2019-06-23 15:56:11,29.99999
2019-06-23 15:57:07,30.05999
2019-06-23 16:04:00,30.05999
2019-06-23 16:04:42,29.93999
2019-06-23 16:05:10,30.16
2019-06-23 16:05:20,28.59999
2019-06-23 16:05:37,29.8
2019-06-23 16:06:29,29.8
2019-06-23 16:06:52,30.41
2019-06-23 16:07:22,29.66999
2019-06-23 16:07:50,30.16
2019-06-23 16:08:09,29.23999
2019-06-23 16:08:28,29.96999
2019-06-23 16:09:03,29.42999
2019-06-23 16:09:24,30.06999
2019-06-23 16:09:40,29.38999
2019-06-23 16:09:57,29.91999
2019-06-23 16:10:28,29.66999
2019-06-23 16:11:03,29.08999
2019-06-23 16:11:25,29.46
2019-06-23 16:13:17,29.46
2019-06-23 16:14:04,29.25999
2019-06-23 16:15:57,29.25999
2019-06-23 16:16:34,29.04999
2019-06-23 16:17:03,29.72999
2019-06-23 16:17:27,28.91999
2019-06-23 16:17:48,29.60999
2019-06-23 16:18:36,29.34999
2019-06-23 16:19:28,29.34999
2019-06-23 16:19:38,29.86
2019-06-23 16:22:30,29.86
2019-06-23 16:23:22,29.63999
2019-06-23 16:25:14,29.63999
2019-06-23 16:25:23,29.87
2019-06-23 16:26:19,30.14999
2019-06-23 16:27:13,30.14999
2019-06-23 16:27:29,30.43999
2019-06-23 16:28:21,30.43999
2019-06-23 16:28:31,29.96999
2019-06-23 16:28:56,30.28999
2019-06-23 16:29:44,30.05999
2019-06-23 16:30:36,30.05999
2019-06-23 16:30:51,29.76
2019-06-23 16:33:43,29.76
2019-06-23 16:34:12,30.23999
2019-06-23 16:34:32,29.77
2019-06-23 16:35:09,30.11
2019-06-23 16:36:02,30.11
2019-06-23 16:36:18,30.48999
2019-06-23 16:36:49,30.34999
2019-06-23 16:38:41,30.34999
2019-06-23 16:39:43,29.97999
2019-06-23 16:40:35,29.21999
2019-06-23 16:40:52,29.57999
2019-06-23 16:41:44,29.57999
2019-06-23 16:42:35,29.39999
2019-06-23 16:42:54,29.2
2019-06-23 16:43:47,29.2
2019-06-23 16:44:13,28.59
2019-06-23 16:44:55,29.07999
2019-06-23 16:45:48,29.07999
2019-06-23 16:46:08,29.50999
2019-06-23 16:46:33,29.18
2019-06-23 16:49:25,29.18
2019-06-23 16:49:48,28.70999
2019-06-23 16:52:40,28.70999
2019-06-23 16:53:13,27.11999
2019-06-23 16:53:35,27.50999
2019-06-23 16:53:58,28.59
2019-06-23 16:54:21,28.06999
2019-06-23 16:55:00,28.23999
2019-06-23 16:55:48,27.85
2019-06-23 16:56:23,28.2
2019-06-23 16:57:15,27.96
2019-06-23 16:58:08,27.96
2019-06-23 16:58:20,28.22
2019-06-23 16:59:13,28.22
2019-06-23 16:59:31,28.34999
2019-06-23 17:00:09,28.55
2019-06-23 17:02:02,28.55
2019-06-23 17:03:04,28.05999
2019-06-23 17:03:34,28.64999
2019-06-23 17:04:27,28.64999
2019-06-23 17:04:52,29.32999
2019-06-23 17:05:14,27.86
2019-06-23 17:05:24,29.32999
2019-06-23 17:05:52,27.86
2019-06-23 17:06:11,29.12
2019-06-23 17:06:40,28.57999
2019-06-23 17:07:03,29.46
2019-06-23 17:07:17,27.99999
2019-06-23 17:07:34,29.29999
2019-06-23 17:08:03,28.38999
2019-06-23 17:08:17,29.49
2019-06-23 17:08:54,28.77999
2019-06-23 17:09:05,29.57
2019-06-23 17:09:30,28.91
2019-06-23 17:09:44,29.27999
2019-06-23 17:10:28,30.19999
2019-06-23 17:10:47,28.59999
2019-06-23 17:11:02,29.87
2019-06-23 17:11:54,29.87
2019-06-23 17:12:38,29.59999
2019-06-23 17:13:31,29.59999
2019-06-23 17:14:14,29.01999
2019-06-23 17:15:07,29.01999
2019-06-23 17:15:38,28.55
2019-06-23 17:16:04,28.78999
2019-06-23 17:16:59,28.54
2019-06-23 17:19:52,28.54
2019-06-23 17:20:54,28.93999
2019-06-23 17:21:21,27.43999
2019-06-23 17:21:30,28.54
2019-06-23 17:22:22,28.54
2019-06-23 17:22:32,28.92999
2019-06-23 17:22:48,27.56
2019-06-23 17:23:02,28.40999
2019-06-23 17:23:43,27.96999
2019-06-23 17:23:58,28.44999
2019-06-23 17:24:12,26.88
2019-06-23 17:24:26,27.77999
2019-06-23 17:24:40,28.42999
2019-06-23 17:25:04,28.03999
2019-06-23 17:25:22,27.40999
2019-06-23 17:26:01,28.49
2019-06-23 17:26:24,27.62999
2019-06-23 17:26:39,29.23999
2019-06-23 17:27:01,27.49999
2019-06-23 17:27:15,28.96
2019-06-23 17:27:36,29.82999
2019-06-23 17:27:46,28.86
2019-06-23 17:28:09,29.59999
2019-06-23 17:28:27,28.12999
2019-06-23 17:28:43,29.47
2019-06-23 17:29:07,28.43999
2019-06-23 17:29:17,29.93999
2019-06-23 17:29:46,29.09999
2019-06-23 17:30:09,29.38999
2019-06-23 17:30:19,30.75
2019-06-23 17:30:33,29.70999
2019-06-23 17:30:53,30.73
2019-06-23 17:32:46,30.73
2019-06-23 17:33:02,31.16999
2019-06-23 17:34:01,30.42
2019-06-23 17:34:21,31.36
2019-06-23 17:34:52,30.89999
2019-06-23 17:35:42,31.12999
2019-06-23 17:36:32,30.63999
2019-06-23 17:37:01,30.97999
2019-06-23 17:37:54,30.97999
2019-06-23 17:38:05,30.58999
2019-06-23 17:39:56,30.58999
2019-06-23 17:40:06,30.36999
2019-06-23 17:40:59,30.36999
2019-06-23 17:41:41,30.03999
2019-06-23 17:42:37,29.8
2019-06-23 17:43:25,29.35999
2019-06-23 17:44:22,29.72999
2019-06-23 17:44:50,29.46
2019-06-23 17:45:26,29.24999
2019-06-23 17:46:20,28.70999
2019-06-23 17:47:07,28.46999
2019-06-23 17:47:57,28.40999
2019-06-23 17:50:49,28.40999
2019-06-23 17:51:24,28.59999
2019-06-23 17:52:01,28.87
2019-06-23 17:52:53,28.87
2019-06-23 17:53:21,27.96
2019-06-23 17:54:05,28.46999
2019-06-23 17:54:50,28.73999
2019-06-23 17:55:36,29.10999
2019-06-23 17:56:04,28.69999
2019-06-23 17:56:17,29.71999
2019-06-23 17:56:50,28.88
2019-06-23 17:57:02,30.02999
2019-06-23 17:57:54,30.02999
2019-06-23 17:58:11,29.34999
2019-06-23 17:58:26,30.4
2019-06-23 17:58:50,28.98999
2019-06-23 17:59:05,30.19999
2019-06-23 17:59:31,29.50999
2019-06-23 17:59:54,30.43
2019-06-23 18:00:08,28.87
2019-06-23 18:00:16,30.18999
2019-06-23 18:00:47,29.71999
2019-06-23 18:01:16,30.29999
2019-06-23 18:02:09,30.29999
2019-06-23 18:03:11,29.72999
2019-06-23 18:03:28,30.55
2019-06-23 18:03:39,29.2
2019-06-23 18:03:56,30.03999
2019-06-23 18:04:48,30.03999
2019-06-23 18:05:08,29.76
2019-06-23 18:07:00,29.76
2019-06-23 18:07:59,29.47
2019-06-23 18:08:43,29.73999
2019-06-23 18:09:15,30.25999
2019-06-23 18:09:51,30.16
2019-06-23 18:10:38,29.92999
2019-06-23 18:12:31,29.92999
2019-06-23 18:13:15,29.69999
2019-06-23 18:14:08,29.69999
2019-06-23 18:14:27,29.32999
2019-06-23 18:14:56,28.88
2019-06-23 18:15:48,28.88
2019-06-23 18:16:05,28.52
2019-06-23 18:16:36,27.96999
2019-06-23 18:17:17,27.55
2019-06-23 18:17:46,27.07999
2019-06-23 18:18:44,26.82999
2019-06-23 18:19:15,26.52999
2019-06-23 18:19:56,26.21999
2019-06-23 18:20:55,27.00999
2019-06-23 18:21:47,27.00999
2019-06-23 18:22:29,27.41999
2019-06-23 18:23:04,27.96
2019-06-23 18:23:19,27.32999
2019-06-23 18:23:46,27.98999
2019-06-23 18:24:32,28.48
2019-06-23 18:24:47,27.77999
2019-06-23 18:25:12,28.49
2019-06-23 18:25:31,27.46999
2019-06-23 18:25:56,27.98999
2019-06-23 18:26:13,27.42999
2019-06-23 18:26:36,27.73999
2019-06-23 18:29:29,27.73999
2019-06-23 18:29:53,28.09999
2019-06-23 18:30:10,28.22
2019-06-23 18:30:26,27.23
2019-06-23 18:30:35,28.60999
2019-06-23 18:31:04,27.40999
2019-06-23 18:31:26,28.28999
2019-06-23 18:31:45,27.10999
2019-06-23 18:32:04,27.84
2019-06-23 18:32:20,28.96999
2019-06-23 18:32:33,27.14999
2019-06-23 18:33:04,28.07999
2019-06-23 18:33:21,27.77999
2019-06-23 18:34:19,28.66999
2019-06-23 18:34:41,28.23
2019-06-23 18:35:11,28.84999
2019-06-23 18:35:59,29.2
2019-06-23 18:36:49,28.5
2019-06-23 18:37:00,29.69999
2019-06-23 18:37:11,29.40999
2019-06-23 18:37:26,27.91999
2019-06-23 18:37:38,29.23
2019-06-23 18:38:00,29.73999
2019-06-23 18:38:14,28.91999
2019-06-23 18:38:26,30.08
2019-06-23 18:38:48,29.00999
2019-06-23 18:39:08,30.64999
2019-06-23 18:39:25,29.32999
2019-06-23 18:39:56,30.05999
2019-06-23 18:40:52,30.61999
2019-06-23 18:42:44,30.61999
2019-06-23 18:43:30,30.31999
2019-06-23 18:44:25,30.02999
2019-06-23 18:45:18,30.02999
2019-06-23 18:45:36,29.71999
2019-06-23 18:46:25,29.40999
2019-06-23 18:48:18,29.40999
2019-06-23 18:48:32,29.29999
2019-06-23 18:49:24,29.29999
2019-06-23 18:49:40,29.09999
2019-06-23 18:51:33,29.09999
2019-06-23 18:52:23,28.81
2019-06-23 18:53:07,28.31999
2019-06-23 18:53:59,28.31999
2019-06-23 18:54:10,28.08999
2019-06-23 18:54:49,27.80999
2019-06-23 18:56:42,27.80999
2019-06-23 18:57:33,28.12999
2019-06-23 18:59:25,28.12999
2019-06-23 18:59:42,27.91
2019-06-23 19:00:06,27.25999
2019-06-23 19:00:21,27.91
2019-06-23 19:01:13,27.91
2019-06-23 19:01:32,28.75999
2019-06-23 19:02:25,28.75999
2019-06-23 19:02:41,29.14
2019-06-23 19:02:49,27.62
2019-06-23 19:03:01,28.43999
2019-06-23 19:03:50,27.93
2019-06-23 19:04:39,28.83
2019-06-23 19:04:55,27.93999
2019-06-23 19:05:28,28.43999
2019-06-23 19:06:20,28.43999
2019-06-23 19:06:33,29.64999
2019-06-23 19:06:59,30.42
2019-06-23 19:07:06,29.49
2019-06-23 19:07:15,30.50999
2019-06-23 19:07:42,29.14
2019-06-23 19:08:01,30.27999
2019-06-23 19:08:41,29.89
2019-06-23 19:09:02,30.67999
2019-06-23 19:09:09,28.71999
2019-06-23 19:09:24,30.29999
2019-06-23 19:10:08,30.05999
2019-06-23 19:10:25,30.60999
2019-06-23 19:10:36,29.52
2019-06-23 19:10:49,30.45
2019-06-23 19:11:45,30.8
2019-06-23 19:12:08,30.42
2019-06-23 19:13:01,30.42
2019-06-23 19:14:00,30.06999
2019-06-23 19:14:53,30.06999
2019-06-23 19:15:12,30.29999
2019-06-23 19:16:53,29.65999
2019-06-23 19:18:45,29.65999
2019-06-23 19:19:05,29.26999
2019-06-23 19:19:57,29.26999
2019-06-23 19:20:29,28.87
2019-06-23 19:21:08,28.40999
2019-06-23 19:21:51,27.94999
2019-06-23 19:22:40,27.46999
2019-06-23 19:23:32,27.33999
2019-06-23 19:24:24,27.33999
2019-06-23 19:25:26,27.04999
2019-06-23 19:26:19,27.04999
2019-06-23 19:26:43,27.35999
2019-06-23 19:27:03,27.70999
2019-06-23 19:27:58,28.17
2019-06-23 19:28:51,28.17
2019-06-23 19:29:38,27.23
2019-06-23 19:30:03,27.98
2019-06-23 19:30:55,27.98
2019-06-23 19:31:17,28.78999
2019-06-23 19:31:38,28.01999
2019-06-23 19:32:14,29.52
2019-06-23 19:32:31,29.06999
2019-06-23 19:32:57,28.57
2019-06-23 19:33:44,28.77999
2019-06-23 19:34:23,29.49
2019-06-23 19:35:16,29.49
2019-06-23 19:35:41,29.93999
2019-06-23 19:36:10,29.87
2019-06-23 19:36:47,30.06999
2019-06-23 19:37:39,30.06999
2019-06-23 19:37:50,30.48
2019-06-23 19:38:43,30.48
2019-06-23 19:39:34,29.84
2019-06-23 19:39:49,30.88999
2019-06-23 19:40:16,30.60999
2019-06-23 19:40:54,30.57999
2019-06-23 19:41:50,30.45
2019-06-23 19:42:42,30.45
2019-06-23 19:42:55,29.84
2019-06-23 19:43:31,30.24999
2019-06-23 19:44:11,29.99999
2019-06-23 19:45:03,29.99999
2019-06-23 19:45:35,30.30999
2019-06-23 19:46:28,30.30999
2019-06-23 19:47:06,29.91999
2019-06-23 19:49:59,29.91999
2019-06-23 19:50:50,29.78
2019-06-23 19:54:42,29.78
2019-06-23 19:55:31,29.92999
2019-06-23 19:55:57,29.66999
2019-06-23 19:56:50,29.66999
2019-06-23 19:57:06,29.78
2019-06-23 19:57:59,29.78
2019-06-23 19:58:34,29.21
2019-06-23 19:58:52,29.96999
2019-06-23 19:59:31,29.86
2019-06-23 20:01:23,29.86
2019-06-23 20:02:00,28.72999
2019-06-23 20:02:13,29.46
2019-06-23 20:02:43,28.08999
2019-06-23 20:03:12,28.60999
2019-06-23 20:04:05,28.60999
2019-06-23 20:04:58,27.68999
2019-06-23 20:05:17,28.92999
2019-06-23 20:05:34,28.41999
2019-06-23 20:06:00,29.65999
2019-06-23 20:06:11,28.38999
2019-06-23 20:06:25,29.91999
2019-06-23 20:10:17,29.91999
2019-06-23 20:10:43,30.14999
2019-06-23 20:11:36,30.14999
2019-06-23 20:11:45,29.99999
2019-06-23 20:12:20,30.38999
2019-06-23 20:13:11,30.38999
2019-06-23 20:14:05,30.14999
2019-06-23 20:18:57,30.14999
2019-06-23 20:19:36,30.36999
2019-06-23 20:21:29,30.36999
2019-06-23 20:21:42,29.49
2019-06-23 20:21:54,30.5
2019-06-23 20:23:45,30.5
2019-06-23 20:24:00,30.28999
2019-06-23 20:24:52,30.28999
2019-06-23 20:25:11,29.74999
2019-06-23 20:27:04,29.74999
2019-06-23 20:27:42,29.93999
2019-06-23 20:28:12,29.45
2019-06-23 20:29:04,29.45
2019-06-23 20:29:42,29.18999
2019-06-23 20:30:34,29.18999
2019-06-23 20:31:42,29.5
2019-06-23 20:34:33,29.5
2019-06-23 20:35:39,29.53999
2019-06-23 20:36:28,29.76
2019-06-23 20:37:20,29.76
2019-06-23 20:38:24,30.03999
2019-06-23 20:40:17,30.03999
2019-06-23 20:40:36,28.62999
2019-06-23 20:40:47,30.28999
2019-06-23 20:41:39,29.89999
2019-06-23 20:42:32,29.89999
2019-06-23 20:42:53,28.87
2019-06-23 20:43:16,29.81
2019-06-23 20:43:34,28.96999
2019-06-23 20:44:05,29.18999
2019-06-23 20:44:28,28.65999
2019-06-23 20:44:42,30.34999
2019-06-23 20:44:53,28.62999
2019-06-23 20:45:22,30.02999
2019-06-23 20:45:33,28.52999
2019-06-23 20:46:07,29.57
2019-06-23 20:46:27,28.48
2019-06-23 20:46:37,29.62999
2019-06-23 20:47:11,28.76999
2019-06-23 20:47:23,29.77
2019-06-23 20:48:00,29.90999
2019-06-23 20:49:00,30.66999
2019-06-23 20:49:12,28.86
2019-06-23 20:49:29,30.03999
2019-06-23 20:50:24,30.77999
2019-06-23 20:50:36,29.95999
2019-06-23 20:50:56,30.82999
2019-06-23 20:51:19,29.52999
2019-06-23 20:51:32,30.36999
2019-06-23 20:51:49,30.97999
2019-06-23 20:52:05,30.55
2019-06-23 20:52:47,29.10999
2019-06-23 20:53:05,29.84999
2019-06-23 20:53:50,30.24999
2019-06-23 20:54:14,29.41999
2019-06-23 20:54:26,30.59999
2019-06-23 20:55:19,30.59999
2019-06-23 20:56:24,30.25999
2019-06-23 20:56:50,29.66999
2019-06-23 20:57:34,29.25999
2019-06-23 20:58:15,28.40999
2019-06-23 20:58:58,27.73999
2019-06-23 20:59:50,27.73999
2019-06-23 21:01:10,27.10999
2019-06-23 21:02:02,27.10999
2019-06-23 21:02:11,26.56
2019-06-23 21:02:58,27.06999
2019-06-23 21:03:41,26.69999
2019-06-23 21:04:13,27.21
2019-06-23 21:04:54,27.39999
2019-06-23 21:05:40,27.79999
2019-06-23 21:06:32,27.79999
2019-06-23 21:06:54,26.66
2019-06-23 21:07:13,27.98999
2019-06-23 21:07:24,26.62
2019-06-23 21:08:16,26.62
2019-06-23 21:08:39,27.59999
2019-06-23 21:08:53,26.71
2019-06-23 21:09:45,26.71
2019-06-23 21:10:50,27.52
2019-06-23 21:11:02,26.59
2019-06-23 21:11:25,28.06999
2019-06-23 21:11:57,27.03999
2019-06-23 21:12:05,28.35999
2019-06-23 21:12:36,27.50999
2019-06-23 21:12:48,28.74999
2019-06-23 21:13:12,29.29999
2019-06-23 21:13:50,28.00999
2019-06-23 21:14:01,29.05999
2019-06-23 21:14:24,30.12
2019-06-23 21:14:35,28.57
2019-06-23 21:14:48,29.84999
2019-06-23 21:15:04,28.87
2019-06-23 21:15:43,30.11
2019-06-23 21:15:53,29.21999
2019-06-23 21:17:45,29.21999
2019-06-23 21:18:02,29.52999
2019-06-23 21:18:19,30.41
2019-06-23 21:18:47,29.82999
2019-06-23 21:19:13,30.55999
2019-06-23 21:19:37,29.99999
2019-06-23 21:19:56,30.47
2019-06-23 21:20:52,29.29999
2019-06-23 21:21:10,30.03999
2019-06-23 21:23:02,30.03999
2019-06-23 21:23:33,29.65999
2019-06-23 21:24:26,29.65999
2019-06-23 21:25:31,29.52
2019-06-23 21:26:23,29.52
2019-06-23 21:26:44,29.23
2019-06-23 21:28:36,29.23
2019-06-23 21:29:29,28.68999
2019-06-23 21:31:21,28.68999
2019-06-23 21:31:47,27.02999
2019-06-23 21:32:00,28.12999
2019-06-23 21:32:15,29.00999
2019-06-23 21:32:46,28.62999
2019-06-23 21:33:39,28.62999
2019-06-23 21:33:47,29.38999
2019-06-23 21:34:13,28.63999
2019-06-23 21:34:39,29.37999
2019-06-23 21:34:57,28.06999
2019-06-23 21:35:06,29.27999
2019-06-23 21:35:57,28.37999
2019-06-23 21:36:09,29.68999
2019-06-23 21:36:22,28.31999
2019-06-23 21:36:36,28.77999
2019-06-23 21:37:14,29.30999
2019-06-23 21:37:44,28.57
2019-06-23 21:38:11,29.36999
2019-06-23 21:38:29,27.89
2019-06-23 21:38:42,29.41999
2019-06-23 21:39:03,28.12999
2019-06-23 21:39:21,28.98999
2019-06-23 21:39:50,28.25999
2019-06-23 21:40:09,29.37999
2019-06-23 21:40:29,27.98
2019-06-23 21:40:58,28.64999
2019-06-23 21:41:37,28.01999
2019-06-23 21:41:49,29.58999
2019-06-23 21:42:02,28.25
2019-06-23 21:42:22,29.16999
2019-06-23 21:43:01,29.84999
2019-06-23 21:43:31,29.62999
2019-06-23 21:43:54,30.28999
2019-06-23 21:44:07,29.15
2019-06-23 21:44:31,29.46
2019-06-23 21:44:55,28.89999
2019-06-23 21:45:09,29.92999
2019-06-23 21:45:28,28.3
2019-06-23 21:46:00,29.67999
2019-06-23 21:46:15,28.64999
2019-06-23 21:46:29,29.84999
2019-06-23 21:46:53,28.2
2019-06-23 21:47:03,29.64999
2019-06-23 21:47:55,29.64999
2019-06-23 21:48:13,29.84999
2019-06-23 21:51:05,29.84999
2019-06-23 21:51:27,29.40999
2019-06-23 21:52:22,29.60999
2019-06-23 21:52:56,29.29999
2019-06-23 21:53:48,29.29999
2019-06-23 21:54:24,28.74999
2019-06-23 21:55:16,28.74999
2019-06-23 21:55:43,28.34999
2019-06-23 21:56:17,28.96999
2019-06-23 21:58:09,28.96999
2019-06-23 21:58:31,29.34999
2019-06-23 21:58:54,28.68999
2019-06-23 21:59:13,28.59
2019-06-23 21:59:24,28.93999
2019-06-23 21:59:33,27.81999
2019-06-23 21:59:52,28.28999
2019-06-23 22:00:45,29.16
2019-06-23 22:01:03,27.91999
2019-06-23 22:01:28,29.30999
2019-06-23 22:01:41,28.11999
2019-06-23 22:02:05,29.69999
2019-06-23 22:02:25,28.14999
2019-06-23 22:02:40,29.45
2019-06-23 22:03:04,28.03999
2019-06-23 22:03:17,28.59999
2019-06-23 22:03:27,30.1
2019-06-23 22:03:45,28.83
2019-06-23 22:03:58,30.16999
2019-06-23 22:04:24,28.91999
2019-06-23 22:04:44,30.00999
2019-06-23 22:05:11,28.84
2019-06-23 22:05:35,30.18999
2019-06-23 22:05:56,29.63999
2019-06-23 22:06:42,28.97999
2019-06-23 22:07:09,29.69999
2019-06-23 22:07:19,28.54
2019-06-23 22:07:38,29.72999
2019-06-23 22:08:00,28.12999
2019-06-23 22:08:14,29.2
2019-06-23 22:08:29,29.96999
2019-06-23 22:08:41,28.54
2019-06-23 22:08:58,29.73999
2019-06-23 22:09:28,30.19999
2019-06-23 22:10:20,30.19999
2019-06-23 22:11:00,30.68999
2019-06-23 22:11:42,30.09
2019-06-23 22:11:59,30.76
2019-06-23 22:12:36,30.45
2019-06-23 22:13:28,30.45
2019-06-23 22:13:48,30.03999
2019-06-23 22:14:41,30.03999
2019-06-23 22:15:43,29.70999
2019-06-23 22:16:35,29.70999
2019-06-23 22:16:44,29.36999
2019-06-23 22:19:36,29.36999
2019-06-23 22:20:18,28.89
2019-06-23 22:22:10,28.89
2019-06-23 22:22:39,28.69999
2019-06-23 22:23:31,28.23999
2019-06-23 22:24:01,28.63999
2019-06-23 22:25:53,28.63999
2019-06-23 22:26:14,29.2
2019-06-23 22:26:49,29.09999
2019-06-23 22:27:41,29.09999
2019-06-23 22:28:09,29.49
2019-06-23 22:28:33,29.23
2019-06-23 22:29:03,29.64999
2019-06-23 22:29:55,29.64999
2019-06-23 22:30:52,28.76999
2019-06-23 22:31:02,29.96999
2019-06-23 22:31:21,29.57999
2019-06-23 22:31:38,29.15
2019-06-23 22:31:47,30.43999
2019-06-23 22:31:56,28.64999
2019-06-23 22:32:26,29.66999
2019-06-23 22:32:38,28.39999
2019-06-23 22:32:59,28.75999
2019-06-23 22:33:35,29.64999
2019-06-23 22:34:00,28.87
2019-06-23 22:34:31,29.87
2019-06-23 22:34:50,28.84999
2019-06-23 22:35:03,30.32999
2019-06-23 22:35:12,29.25999
2019-06-23 22:35:23,30.16999
2019-06-23 22:35:35,29.16
2019-06-23 22:35:54,30.12
2019-06-23 22:36:47,30.12
2019-06-23 22:37:29,31.28999
2019-06-23 22:37:42,30.27999
2019-06-23 22:38:01,31.08
2019-06-23 22:38:19,29.40999
2019-06-23 22:38:31,30.75
2019-06-23 22:39:24,31.23999
2019-06-23 22:40:16,31.23999
2019-06-23 22:41:12,30.89999
2019-06-23 22:41:50,30.16
2019-06-23 22:42:07,30.87999
2019-06-23 22:42:51,30.65999
2019-06-23 22:44:43,30.65999
2019-06-23 22:45:37,30.55999
2019-06-23 22:46:29,30.55999
2019-06-23 22:46:45,29.98999
2019-06-23 22:48:37,29.98999
2019-06-23 22:49:00,29.41999
2019-06-23 22:49:34,29.72999
2019-06-23 22:50:32,29.30999
2019-06-23 22:53:25,29.30999
2019-06-23 22:53:42,29.67999
2019-06-23 22:54:06,29.13
2019-06-23 22:55:04,28.75999
2019-06-23 22:56:56,28.75999
2019-06-23 22:57:15,29.07999
2019-06-23 22:58:07,29.07999
2019-06-23 22:58:28,29.40999
2019-06-23 23:00:20,29.40999
2019-06-23 23:00:37,30.01999
2019-06-23 23:01:11,28.66999
2019-06-23 23:01:19,30.05999
2019-06-23 23:01:37,29.18999
2019-06-23 23:02:29,29.18999
2019-06-23 23:03:08,28.05999
2019-06-23 23:03:23,29.03999
2019-06-23 23:04:16,29.03999
2019-06-23 23:04:56,29.34999
2019-06-23 23:05:23,29.08999
2019-06-23 23:06:15,29.08999
2019-06-23 23:07:06,29.42999
2019-06-23 23:07:37,29.25999
2019-06-23 23:08:06,28.73999
2019-06-23 23:08:18,29.95999
2019-06-23 23:08:37,28.76999
2019-06-23 23:08:48,29.82
2019-06-23 23:09:16,28.81
2019-06-23 23:09:32,29.78
2019-06-23 23:10:24,29.78
2019-06-23 23:10:38,29.2
2019-06-23 23:10:58,30.14999
2019-06-23 23:11:50,29.60999
2019-06-23 23:12:36,30.21
2019-06-23 23:15:29,30.21
2019-06-23 23:16:22,29.84999
2019-06-23 23:17:14,29.84999
2019-06-23 23:17:24,29.47
2019-06-23 23:18:17,29.47
2019-06-23 23:19:12,27.46999
2019-06-23 23:19:21,28.94999
2019-06-23 23:19:48,29.41999
2019-06-23 23:20:41,29.41999
2019-06-23 23:21:11,29.09999
2019-06-23 23:22:04,29.09999
2019-06-23 23:22:38,28.81
2019-06-23 23:23:30,28.81
2019-06-23 23:23:53,28.45999
2019-06-23 23:24:45,28.45999
2019-06-23 23:25:27,28.13999
2019-06-23 23:26:19,28.13999
2019-06-23 23:27:12,27.91
2019-06-23 23:28:05,27.91
2019-06-23 23:28:14,28.23
2019-06-23 23:28:32,27.61
2019-06-23 23:28:57,26.52999
2019-06-23 23:29:26,27.49999
2019-06-23 23:29:41,26.61
2019-06-23 23:30:06,26.22999
2019-06-23 23:31:01,26.72999
2019-06-23 23:31:13,25.79999
2019-06-23 23:31:34,27.16999
2019-06-23 23:31:49,25.78999
2019-06-23 23:32:10,26.49999
2019-06-23 23:33:03,26.49999
2019-06-23 23:33:20,25.73999
2019-06-23 23:33:40,26.40999
2019-06-23 23:34:05,25.68
2019-06-23 23:34:19,26.9
2019-06-23 23:34:45,26.53999
2019-06-23 23:34:55,27.93
2019-06-23 23:35:27,27.37
2019-06-23 23:35:50,28.39999
2019-06-23 23:36:00,26.77999
2019-06-23 23:36:18,27.57
2019-06-23 23:37:10,27.57
2019-06-23 23:37:20,26.52999
2019-06-23 23:37:41,27.45999
2019-06-23 23:37:54,28.76999
2019-06-23 23:38:04,27.55
2019-06-23 23:38:19,28.60999
2019-06-23 23:38:41,29.29999
2019-06-23 23:38:53,27.89
2019-06-23 23:39:08,29.25999
2019-06-23 23:40:00,29.25999
2019-06-23 23:40:16,28.72999
2019-06-23 23:40:46,29.91999
2019-06-23 23:40:58,28.74999
2019-06-23 23:41:16,30.01999
2019-06-23 23:41:35,28.93999
2019-06-23 23:42:06,30.04999
2019-06-23 23:42:22,28.41999
2019-06-23 23:42:33,29.77
2019-06-23 23:42:52,30.77999
2019-06-23 23:43:05,28.96
2019-06-23 23:43:17,30.22999
2019-06-23 23:44:09,30.22999
2019-06-23 23:44:27,29.47
2019-06-23 23:44:42,30.21999
2019-06-23 23:45:06,30.48999
2019-06-23 23:45:24,30.21999
2019-06-23 23:46:07,29.82
2019-06-23 23:46:52,30.32999
2019-06-23 23:47:17,29.05999
2019-06-23 23:47:32,29.77
2019-06-23 23:48:24,29.77
2019-06-23 23:49:24,29.07999
2019-06-23 23:49:47,29.60999
2019-06-23 23:50:39,29.13
2019-06-23 23:52:31,29.13
2019-06-23 23:53:28,28.60999
2019-06-23 23:54:13,28.78999
2019-06-23 23:56:05,28.78999
2019-06-23 23:57:09,28.31999
2019-06-24 00:00:01,28.31999
2019-06-24 00:00:38,29.00999
2019-06-24 00:01:04,28.23
2019-06-24 00:01:17,28.57
2019-06-24 00:01:33,28.25999
2019-06-24 00:02:33,28.72999
2019-06-24 00:02:49,27.35999
2019-06-24 00:03:07,28.01999
2019-06-24 00:03:43,27.56
2019-06-24 00:04:03,28.11999
2019-06-24 00:04:24,27.91
2019-06-24 00:04:35,28.75999
2019-06-24 00:04:51,27.76999
2019-06-24 00:05:20,28.45999
2019-06-24 00:05:47,27.91999
2019-06-24 00:06:11,29.31999
2019-06-24 00:06:19,27.75999
2019-06-24 00:06:36,29.45
2019-06-24 00:06:47,28.73999
2019-06-24 00:07:37,29.53999
2019-06-24 00:07:51,28.17
2019-06-24 00:08:01,29.52999
2019-06-24 00:08:52,29.52999
2019-06-24 00:09:06,28.94999
2019-06-24 00:09:24,29.37999
2019-06-24 00:10:16,29.37999
2019-06-24 00:10:37,28.96
2019-06-24 00:10:57,29.57
2019-06-24 00:11:23,29.18999
2019-06-24 00:12:15,29.18999
2019-06-24 00:12:52,29.69999
2019-06-24 00:13:44,29.69999
2019-06-24 00:14:05,29.07999
2019-06-24 00:14:29,29.84999
2019-06-24 00:14:56,29.04999
2019-06-24 00:15:17,29.89
2019-06-24 00:15:34,29.16
2019-06-24 00:15:55,29.64999
2019-06-24 00:16:48,29.64999
2019-06-24 00:17:05,29.28999
2019-06-24 00:18:58,29.28999
2019-06-24 00:19:11,28.94999
2019-06-24 00:20:03,28.94999
2019-06-24 00:20:37,28.77999
2019-06-24 00:22:29,28.77999
2019-06-24 00:22:51,28.41999
2019-06-24 00:23:44,28.41999
2019-06-24 00:24:26,28.11999
2019-06-24 00:25:22,28.02999
2019-06-24 00:26:14,28.02999
2019-06-24 00:26:41,27.35999
2019-06-24 00:26:54,26.44999
2019-06-24 00:27:09,27.52
2019-06-24 00:27:27,26.32999
2019-06-24 00:27:54,27.05999
2019-06-24 00:28:25,26.27
2019-06-24 00:28:39,27.55
2019-06-24 00:28:55,28.37999
2019-06-24 00:31:47,28.37999
2019-06-24 00:32:07,27.99999
2019-06-24 00:32:57,28.23
2019-06-24 00:33:49,28.23
2019-06-24 00:34:48,28.54
2019-06-24 00:35:39,28.76999
2019-06-24 00:36:19,29.44
2019-06-24 00:36:39,28.31999
2019-06-24 00:36:52,29.23
2019-06-24 00:37:43,29.23
2019-06-24 00:38:08,28.84
2019-06-24 00:38:35,29.91999
2019-06-24 00:38:49,29.67999
2019-06-24 00:39:07,28.3
2019-06-24 00:39:17,29.70999
2019-06-24 00:39:30,29.01999
2019-06-24 00:40:02,29.87999
2019-06-24 00:40:12,28.25999
2019-06-24 00:40:21,29.70999
2019-06-24 00:40:52,28.16
2019-06-24 00:41:00,29.53999
2019-06-24 00:41:33,28.57999
2019-06-24 00:41:42,29.94999
2019-06-24 00:41:56,29.28999
2019-06-24 00:42:10,29.64999
2019-06-24 00:42:31,28.72999
2019-06-24 00:42:46,29.89999
2019-06-24 00:42:59,29.08999
2019-06-24 00:43:16,29.60999
2019-06-24 00:44:09,29.60999
2019-06-24 00:45:07,29.81
2019-06-24 00:45:57,29.61999
2019-06-24 00:46:42,29.98999
2019-06-24 00:47:12,28.92999
2019-06-24 00:47:27,29.57999
2019-06-24 00:48:19,29.42999
2019-06-24 00:49:02,29.04999
2019-06-24 00:52:55,29.04999
2019-06-24 00:53:36,29.41999
2019-06-24 00:55:29,29.41999
2019-06-24 00:55:46,29.53999
2019-06-24 00:56:40,29.81
2019-06-24 00:57:32,29.81
2019-06-24 00:58:08,29.64999
2019-06-24 00:59:00,30.16999
2019-06-24 00:59:57,30.05999
2019-06-24 01:00:49,30.05999
2019-06-24 01:01:20,30.41
2019-06-24 01:01:50,30.01999
2019-06-24 01:02:51,30.01999
2019-06-24 01:03:06,30.29999
2019-06-24 01:03:19,29.2
2019-06-24 01:03:31,30.24999
2019-06-24 01:04:05,29.50999
2019-06-24 01:04:21,30.25999
2019-06-24 01:04:43,29.61999
2019-06-24 01:05:03,30.31999
2019-06-24 01:05:22,29.33999
2019-06-24 01:05:35,30.06999
2019-06-24 01:06:19,29.81
2019-06-24 01:07:20,29.81
2019-06-24 01:08:03,29.99999
2019-06-24 01:10:04,29.99999
2019-06-24 01:10:09,30.19999
2019-06-24 01:11:09,30.19999
2019-06-24 01:11:44,29.91999
2019-06-24 01:12:45,29.91999
2019-06-24 01:13:38,30.1
2019-06-24 01:14:09,29.8
2019-06-24 01:15:02,30.30999
2019-06-24 01:15:30,29.84999
2019-06-24 01:16:09,30.21999
2019-06-24 01:17:10,30.21999
2019-06-24 01:17:11,29.79
2019-06-24 01:18:12,29.79
2019-06-24 01:18:18,30.43
2019-06-24 01:18:42,29.86
2019-06-24 01:20:41,30.05999
2019-06-24 01:20:42,29.86
2019-06-24 01:20:53,28.59
2019-06-24 01:21:02,30.03999
2019-06-24 01:21:33,29.36999
2019-06-24 01:21:50,30.11
2019-06-24 01:22:21,29.74999
2019-06-24 01:24:21,29.74999
2019-06-24 01:25:02,29.46
2019-06-24 01:26:03,29.46
2019-06-24 01:26:45,29.71999
2019-06-24 01:27:30,29.95999
2019-06-24 01:28:30,29.95999
2019-06-24 01:29:04,30.35999
2019-06-24 01:30:04,30.35999
2019-06-24 01:30:04,29.57999
2019-06-24 01:30:19,30.37999
2019-06-24 01:30:58,30.18
2019-06-24 01:31:58,30.18
2019-06-24 01:32:55,29.74999
2019-06-24 01:33:20,30.50999
2019-06-24 01:33:39,28.84
2019-06-24 01:33:56,29.87999
2019-06-24 01:34:57,29.87999
2019-06-24 01:35:07,28.40999
2019-06-24 01:35:16,29.87999
2019-06-24 01:35:32,30.09
2019-06-24 01:35:44,29.30999
2019-06-24 01:36:39,30.14999
2019-06-24 01:37:22,29.31999
2019-06-24 01:37:37,30.24999
2019-06-24 01:37:47,28.69999
2019-06-24 01:38:05,29.61999
2019-06-24 01:38:43,30.31999
2019-06-24 01:39:07,29.03999
2019-06-24 01:39:20,29.82
2019-06-24 01:39:43,30.52999
2019-06-24 01:39:54,28.96999
2019-06-24 01:40:06,30.36999
2019-06-24 01:40:32,29.86
2019-06-24 01:41:33,29.86
2019-06-24 01:41:51,29.55
2019-06-24 01:42:51,29.55
2019-06-24 01:42:56,30.01999
2019-06-24 01:43:41,29.70999
2019-06-24 01:44:38,29.84
2019-06-24 01:45:39,29.84
2019-06-24 01:46:28,29.47
2019-06-24 01:47:28,29.47
2019-06-24 01:47:46,29.8
2019-06-24 01:48:47,29.8
2019-06-24 01:48:50,29.42999
2019-06-24 01:49:50,29.42999
2019-06-24 01:50:13,29.24999
2019-06-24 01:51:07,29.48
2019-06-24 01:52:08,29.48
2019-06-24 01:52:21,29.60999
2019-06-24 01:54:21,29.60999
2019-06-24 01:54:26,29.94999
2019-06-24 01:55:27,29.94999
2019-06-24 01:56:16,29.47
2019-06-24 01:56:45,29.89
2019-06-24 01:58:45,29.89
2019-06-24 01:59:05,30.28999
2019-06-24 01:59:41,30.05999
2019-06-24 02:02:41,30.05999
2019-06-24 02:02:55,30.27999
2019-06-24 02:03:22,29.96999
2019-06-24 02:05:22,29.96999
2019-06-24 02:06:15,29.76
2019-06-24 02:09:15,29.76
2019-06-24 02:09:45,29.00999
2019-06-24 02:09:58,30.01999
2019-06-24 02:10:20,29.69999
2019-06-24 02:11:20,29.69999
2019-06-24 02:11:35,28.74999
2019-06-24 02:11:47,29.74999
2019-06-24 02:12:17,28.41999
2019-06-24 02:12:30,29.47
2019-06-24 02:13:08,28.91999
2019-06-24 02:13:29,29.49
2019-06-24 02:14:02,29.03999
2019-06-24 02:15:02,29.03999
2019-06-24 02:15:48,29.34999
2019-06-24 02:16:48,29.34999
2019-06-24 02:17:11,28.23999
2019-06-24 02:17:26,29.59999
2019-06-24 02:18:14,29.29999
2019-06-24 02:18:51,29.60999
2019-06-24 02:19:51,29.60999
2019-06-24 02:20:22,28.17
2019-06-24 02:21:17,28.87
2019-06-24 02:21:29,27.67999
2019-06-24 02:21:41,28.45999
2019-06-24 02:22:10,26.93999
2019-06-24 02:22:23,27.75999
2019-06-24 02:24:24,27.75999
2019-06-24 02:24:24,27.96
2019-06-24 02:24:40,27.35999
2019-06-24 02:24:50,26.62
2019-06-24 02:25:26,27.35999
2019-06-24 02:25:45,26.93
2019-06-24 02:26:02,27.23
2019-06-24 02:26:21,28.09999
2019-06-24 02:26:52,28.69999
2019-06-24 02:27:26,28.35999
2019-06-24 02:28:01,28.62
2019-06-24 02:29:01,28.62
2019-06-24 02:29:43,29.00999
2019-06-24 02:30:30,28.68999
2019-06-24 02:32:30,28.68999
2019-06-24 02:32:41,29.21
2019-06-24 02:32:52,28.70999
2019-06-24 02:33:14,29.36999
2019-06-24 02:33:23,27.52
2019-06-24 02:33:35,28.42999
2019-06-24 02:33:50,29.18999
2019-06-24 02:34:11,28.27999
2019-06-24 02:34:24,28.84999
2019-06-24 02:34:59,29.07999
2019-06-24 02:35:15,30.03999
2019-06-24 02:35:34,28.62999
2019-06-24 02:35:45,29.66999
2019-06-24 02:36:21,29.00999
2019-06-24 02:36:33,30.05999
2019-06-24 02:37:00,29.53999
2019-06-24 02:37:29,29.82
2019-06-24 02:38:29,29.82
2019-06-24 02:39:02,28.32999
2019-06-24 02:39:13,28.98999
2019-06-24 02:39:26,29.96999
2019-06-24 02:40:05,29.69999
2019-06-24 02:41:02,30.09
2019-06-24 02:41:19,29.66999
2019-06-24 02:42:19,29.86
2019-06-24 02:43:19,29.86
2019-06-24 02:43:33,29.62999
2019-06-24 02:44:34,29.62999
2019-06-24 02:44:50,29.35999
2019-06-24 02:45:11,28.28999
2019-06-24 02:45:31,28.60999
2019-06-24 02:46:32,28.60999
2019-06-24 02:47:00,28.31999
2019-06-24 02:47:36,28.03999
2019-06-24 02:48:36,28.03999
2019-06-24 02:48:47,27.18999
2019-06-24 02:49:01,27.70999
2019-06-24 02:50:01,27.70999
2019-06-24 02:50:32,28.34999
2019-06-24 02:50:59,27.67999
2019-06-24 02:51:26,28.21
2019-06-24 02:51:44,26.79999
2019-06-24 02:51:52,28.33999
2019-06-24 02:52:53,28.33999
2019-06-24 02:53:06,27.54
2019-06-24 02:53:27,28.34999
2019-06-24 02:56:27,28.34999
2019-06-24 02:57:07,29.09999
2019-06-24 02:57:23,27.14999
2019-06-24 02:57:35,29.06999
2019-06-24 02:58:05,27.76999
2019-06-24 02:58:16,29.14
2019-06-24 02:58:43,28.49
2019-06-24 02:59:43,28.49
2019-06-24 03:00:01,29.53999
2019-06-24 03:00:09,27.80999
2019-06-24 03:00:37,28.99999
2019-06-24 03:00:58,27.62999
2019-06-24 03:01:13,28.62999
2019-06-24 03:01:42,28.05999
2019-06-24 03:02:02,29.60999
2019-06-24 03:02:21,28.32999
2019-06-24 03:02:31,29.06999
2019-06-24 03:02:47,29.68999
2019-06-24 03:03:04,28.21
2019-06-24 03:03:14,29.62999
2019-06-24 03:03:50,28.54
2019-06-24 03:04:03,29.87
2019-06-24 03:04:31,29.06999
2019-06-24 03:04:43,30.30999
2019-06-24 03:05:10,28.74999
2019-06-24 03:05:22,29.99999
2019-06-24 03:07:21,29.99999
2019-06-24 03:07:34,30.26999
2019-06-24 03:08:21,30.73
2019-06-24 03:08:45,29.98999
2019-06-24 03:09:00,30.64999
2019-06-24 03:09:31,30.14999
2019-06-24 03:09:58,30.36999
2019-06-24 03:10:39,30.60999
2019-06-24 03:13:40,30.60999
2019-06-24 03:14:13,30.48999
2019-06-24 03:15:00,29.76
2019-06-24 03:15:22,30.18999
2019-06-24 03:16:22,30.18999
2019-06-24 03:16:41,30.56999
2019-06-24 03:17:41,30.56999
2019-06-24 03:17:45,30.04999
2019-06-24 03:18:45,30.04999
2019-06-24 03:19:00,30.32999
2019-06-24 03:19:56,30.13
2019-06-24 03:20:56,29.95999
2019-06-24 03:23:56,29.95999
2019-06-24 03:23:58,30.25999
2019-06-24 03:24:53,29.98999
2019-06-24 03:26:53,29.98999
2019-06-24 03:27:07,30.47
2019-06-24 03:30:07,30.47
2019-06-24 03:30:13,30.72
2019-06-24 03:31:14,30.72
2019-06-24 03:31:42,30.85999
2019-06-24 03:32:42,30.85999
2019-06-24 03:33:06,30.79
2019-06-24 03:35:06,30.79
2019-06-24 03:35:36,30.53999
2019-06-24 03:37:36,30.53999
2019-06-24 03:38:12,30.97999
2019-06-24 03:38:48,30.69999
2019-06-24 03:39:49,30.69999
2019-06-24 03:39:56,30.80999
2019-06-24 03:41:55,30.80999
2019-06-24 03:41:58,31.17999
2019-06-24 03:42:49,30.72
2019-06-24 03:43:46,31.02999
2019-06-24 03:44:20,30.87
2019-06-24 03:44:47,30.37999
2019-06-24 03:45:48,30.37999
2019-06-24 03:45:50,30.62999
2019-06-24 03:46:14,30.52999
2019-06-24 03:46:47,30.24999
2019-06-24 03:47:48,30.24999
2019-06-24 03:47:56,30.57999
2019-06-24 03:48:52,29.21999
2019-06-24 03:49:01,30.18
2019-06-24 03:49:19,30.99999
2019-06-24 03:49:32,29.53999
2019-06-24 03:49:44,30.73
2019-06-24 03:50:40,31.55999
2019-06-24 03:51:29,31.88999
2019-06-24 03:54:29,31.88999
2019-06-24 03:54:35,32.17999
2019-06-24 03:55:36,32.17999
2019-06-24 03:56:03,32.05
2019-06-24 03:57:03,32.05
2019-06-24 03:57:44,32.39999
2019-06-24 03:58:43,32.39999
2019-06-24 03:59:17,32.05
2019-06-24 03:59:53,32.62999
2019-06-24 04:00:12,32.22999
2019-06-24 04:00:47,31.80999
2019-06-24 04:01:37,31.05
2019-06-24 04:01:51,31.86999
2019-06-24 04:02:21,31.77
2019-06-24 04:02:54,30.98999
2019-06-24 04:03:18,31.33999
2019-06-24 04:03:40,30.55
2019-06-24 04:03:54,31.19999
2019-06-24 04:04:34,30.4
2019-06-24 04:06:34,30.4
2019-06-24 04:07:03,31.16999
2019-06-24 04:07:20,30.75
2019-06-24 04:08:07,31.26999
2019-06-24 04:08:34,30.16
2019-06-24 04:08:46,31.12999
2019-06-24 04:09:17,30.62999
2019-06-24 04:09:50,31.09999
2019-06-24 04:10:23,30.55999
2019-06-24 04:11:06,30.94999
2019-06-24 04:12:05,30.94999
2019-06-24 04:12:12,30.27999
2019-06-24 04:12:26,30.93999
2019-06-24 04:12:54,30.66999
2019-06-24 04:13:21,30.24999
2019-06-24 04:13:50,30.87
2019-06-24 04:14:30,31.22999
2019-06-24 04:15:01,30.63999
2019-06-24 04:15:24,31.00999
2019-06-24 04:16:12,30.72
2019-06-24 04:17:12,30.72
2019-06-24 04:17:40,30.18999
2019-06-24 04:18:06,30.61999
2019-06-24 04:19:06,30.61999
2019-06-24 04:19:37,30.70999
2019-06-24 04:20:37,30.70999
2019-06-24 04:21:28,30.46
2019-06-24 04:25:28,30.46
2019-06-24 04:26:27,29.89
2019-06-24 04:26:51,29.45
2019-06-24 04:27:19,29.03999
2019-06-24 04:28:05,29.57
2019-06-24 04:28:43,30.22999
2019-06-24 04:29:27,30.02999
2019-06-24 04:29:54,29.48
2019-06-24 04:30:18,29.66999
2019-06-24 04:31:06,28.33999
2019-06-24 04:31:27,28.89999
2019-06-24 04:31:38,29.63999
2019-06-24 04:31:46,28.18
2019-06-24 04:32:06,28.92999
2019-06-24 04:32:24,29.81
2019-06-24 04:32:33,28.33999
2019-06-24 04:32:47,29.94999
2019-06-24 04:33:09,28.55
2019-06-24 04:33:30,29.77
2019-06-24 04:34:03,29.25999
2019-06-24 04:34:29,29.64999
2019-06-24 04:34:41,29.14
2019-06-24 04:35:03,30.18
2019-06-24 04:35:18,28.23
2019-06-24 04:35:36,29.58999
2019-06-24 04:36:28,30.38999
2019-06-24 04:36:47,29.23999
2019-06-24 04:37:02,29.97999
2019-06-24 04:37:44,30.56999
2019-06-24 04:38:17,30.35999
2019-06-24 04:39:16,30.35999
2019-06-24 04:39:36,29.86
2019-06-24 04:39:48,30.85999
2019-06-24 04:40:15,29.60999
2019-06-24 04:40:26,30.70999
2019-06-24 04:42:25,30.70999
2019-06-24 04:42:43,29.68999
2019-06-24 04:42:53,30.87
2019-06-24 04:43:10,30.51999
2019-06-24 04:43:36,31.18999
2019-06-24 04:43:53,30.79
2019-06-24 04:44:52,30.79
2019-06-24 04:45:13,30.55
2019-06-24 04:49:13,30.55
2019-06-24 04:49:21,30.70999
2019-06-24 04:51:20,30.70999
2019-06-24 04:51:32,30.18999
2019-06-24 04:51:47,30.92999
2019-06-24 04:52:34,30.70999
2019-06-24 04:53:34,30.70999
2019-06-24 04:53:57,30.45
2019-06-24 04:55:58,30.45
2019-06-24 04:55:59,30.85999
2019-06-24 04:56:37,30.45
2019-06-24 04:57:38,30.45
2019-06-24 04:57:39,30.96999
2019-06-24 04:58:19,30.65999
2019-06-24 04:59:18,30.65999
2019-06-24 04:59:39,30.45
2019-06-24 05:00:39,30.45
2019-06-24 05:00:46,30.06999
2019-06-24 05:01:38,30.27999
2019-06-24 05:02:38,30.27999
2019-06-24 05:02:52,30.41
2019-06-24 05:03:45,30.55999
2019-06-24 05:04:45,30.55999
2019-06-24 05:04:46,30.89999
2019-06-24 05:05:47,30.89999
2019-06-24 05:05:48,30.72
2019-06-24 05:06:47,30.72
2019-06-24 05:07:41,30.87999
2019-06-24 05:11:42,30.87999
2019-06-24 05:12:15,30.55
2019-06-24 05:19:16,30.55
2019-06-24 05:19:37,30.73
2019-06-24 05:21:37,30.73
2019-06-24 05:22:03,30.4
2019-06-24 05:22:53,30.06999
2019-06-24 05:23:54,30.06999
2019-06-24 05:24:04,30.36999
2019-06-24 05:24:51,30.66999
2019-06-24 05:25:51,30.66999
2019-06-24 05:26:29,30.76
2019-06-24 05:28:29,30.76
2019-06-24 05:28:43,30.52999
2019-06-24 05:29:43,30.52999
2019-06-24 05:29:57,30.74
2019-06-24 05:30:57,30.74
2019-06-24 05:31:42,30.25999
2019-06-24 05:32:11,31.04
2019-06-24 05:32:23,29.72999
2019-06-24 05:32:40,30.85999
2019-06-24 05:33:04,29.58999
2019-06-24 05:33:17,30.93999
2019-06-24 05:33:34,30.14
2019-06-24 05:34:33,30.14
2019-06-24 05:34:53,30.67999
2019-06-24 05:35:16,29.96999
2019-06-24 05:35:35,30.33999
2019-06-24 05:35:57,29.35999
2019-06-24 05:36:08,30.31999
2019-06-24 05:36:37,29.24999
2019-06-24 05:36:47,30.37999
2019-06-24 05:37:21,29.86
2019-06-24 05:37:40,30.43999
2019-06-24 05:38:40,30.43999
2019-06-24 05:39:09,30.21999
2019-06-24 05:40:10,30.21999
2019-06-24 05:40:35,30.4
2019-06-24 05:41:36,30.4
2019-06-24 05:41:49,30.84999
2019-06-24 05:42:49,30.84999
2019-06-24 05:43:35,30.05999
2019-06-24 05:43:49,30.8
2019-06-24 05:44:48,30.8
2019-06-24 05:44:55,31.08
2019-06-24 05:45:56,31.08
2019-06-24 05:46:11,30.73
2019-06-24 05:48:12,30.73
2019-06-24 05:48:25,30.64999
2019-06-24 05:50:26,30.64999
2019-06-24 05:50:33,30.4
2019-06-24 05:51:34,30.4
2019-06-24 05:51:57,30.62999
2019-06-24 05:52:28,30.36999
2019-06-24 05:53:17,30.69999
2019-06-24 05:54:17,30.69999
2019-06-24 05:54:19,30.48999
2019-06-24 05:55:18,30.48999
2019-06-24 05:55:44,30.73
2019-06-24 05:57:45,30.73
2019-06-24 05:57:57,31.26999
2019-06-24 05:58:22,30.65999
2019-06-24 05:58:59,30.82999
2019-06-24 06:00:00,30.82999
2019-06-24 06:00:02,31.14999
2019-06-24 06:02:02,31.14999
2019-06-24 06:02:34,31.61999
2019-06-24 06:02:46,31.18999
2019-06-24 06:05:45,31.18999
2019-06-24 06:06:14,29.89
2019-06-24 06:06:23,31.09999
2019-06-24 06:07:11,30.75
2019-06-24 06:07:34,31.02999
2019-06-24 06:08:15,31.54999
2019-06-24 06:08:33,31.05
2019-06-24 06:10:33,31.05
2019-06-24 06:11:23,30.80999
2019-06-24 06:12:24,30.80999
2019-06-24 06:13:15,30.48999
2019-06-24 06:13:48,30.84
2019-06-24 06:14:39,30.34999
2019-06-24 06:15:11,30.70999
2019-06-24 06:15:55,30.36999
2019-06-24 06:17:55,30.36999
2019-06-24 06:18:52,29.02999
2019-06-24 06:19:09,30.13
2019-06-24 06:20:09,30.13
2019-06-24 06:20:35,29.84
2019-06-24 06:21:35,29.84
2019-06-24 06:22:18,29.48
2019-06-24 06:22:40,28.84
2019-06-24 06:23:40,28.84
2019-06-24 06:23:41,28.52999
2019-06-24 06:25:41,28.52999
2019-06-24 06:25:53,28.96999
2019-06-24 06:26:48,29.45
2019-06-24 06:27:48,29.45
2019-06-24 06:27:52,30.04999
2019-06-24 06:28:52,30.04999
2019-06-24 06:28:58,30.43999
2019-06-24 06:29:59,30.43999
2019-06-24 06:30:01,30.73
2019-06-24 06:30:44,31.26999
2019-06-24 06:31:36,31.07
2019-06-24 06:32:37,31.07
2019-06-24 06:32:38,30.48
2019-06-24 06:33:15,29.95999
2019-06-24 06:34:16,29.95999
2019-06-24 06:34:17,30.06999
2019-06-24 06:36:16,30.06999
2019-06-24 06:36:48,30.16
2019-06-24 06:37:28,29.89999
2019-06-24 06:38:27,29.89999
2019-06-24 06:38:38,29.68999
2019-06-24 06:39:32,29.38999
2019-06-24 06:40:27,29.04999
2019-06-24 06:41:06,28.69999
2019-06-24 06:41:39,28.37999
2019-06-24 06:42:34,28.06999
2019-06-24 06:43:20,27.62
2019-06-24 06:44:18,27.98
2019-06-24 06:44:55,27.73999
2019-06-24 06:45:45,27.39999
2019-06-24 06:46:45,27.39999
2019-06-24 06:47:02,27.86
2019-06-24 06:48:02,27.86
2019-06-24 06:48:07,28.48
2019-06-24 06:48:28,27.49999
2019-06-24 06:48:58,28.32999
2019-06-24 06:49:10,26.96999
2019-06-24 06:49:33,27.46999
2019-06-24 06:50:19,26.54999
2019-06-24 06:52:19,26.54999
2019-06-24 06:52:30,27.37999
2019-06-24 06:52:43,26.09999
2019-06-24 06:52:58,26.61
2019-06-24 06:53:15,27.43999
2019-06-24 06:53:34,26.66999
2019-06-24 06:53:53,27.30999
2019-06-24 06:54:13,27.07999
2019-06-24 06:54:52,26.37999
2019-06-24 06:55:22,26.91
2019-06-24 06:56:01,26.58
2019-06-24 06:56:27,26.17999
2019-06-24 06:57:27,26.17999
2019-06-24 06:57:33,25.6
2019-06-24 06:58:02,25.02
2019-06-24 06:59:01,25.02
2019-06-24 06:59:46,24.73
2019-06-24 07:00:47,24.73
2019-06-24 07:01:04,24.87999
2019-06-24 07:01:44,24.82999
2019-06-24 07:02:05,24.27999
2019-06-24 07:04:05,24.27999
2019-06-24 07:04:18,23.77
2019-06-24 07:04:48,22.65999
2019-06-24 07:05:36,23.08
2019-06-24 07:06:35,23.08
2019-06-24 07:06:57,23.41999
2019-06-24 07:07:22,24.09999
2019-06-24 07:07:33,23.28999
2019-06-24 07:07:48,24.41
2019-06-24 07:08:10,23.06
2019-06-24 07:08:24,24.68999
2019-06-24 07:08:57,24.41
2019-06-24 07:09:52,24.61999
2019-06-24 07:10:52,24.61999
2019-06-24 07:10:56,24.85999
2019-06-24 07:11:57,24.85999
2019-06-24 07:12:44,24.12999
2019-06-24 07:14:44,24.12999
2019-06-24 07:15:19,24.73999
2019-06-24 07:16:19,24.73999
2019-06-24 07:17:19,25.10999
2019-06-24 07:18:03,24.28999
2019-06-24 07:18:33,25.3
2019-06-24 07:18:48,24.04
2019-06-24 07:19:01,25.05999
2019-06-24 07:19:50,24.43999
2019-06-24 07:20:01,25.61
2019-06-24 07:20:15,24.61999
2019-06-24 07:20:37,25.37
2019-06-24 07:20:52,24.58999
2019-06-24 07:21:20,25.26999
2019-06-24 07:21:36,24.21999
2019-06-24 07:21:54,25.20999
2019-06-24 07:22:13,24.21999
2019-06-24 07:22:42,24.64
2019-06-24 07:23:43,24.64
2019-06-24 07:23:44,24.41
2019-06-24 07:24:45,24.41
2019-06-24 07:25:11,22.95999
2019-06-24 07:25:33,23.46999
2019-06-24 07:25:59,24.06
2019-06-24 07:26:30,23.74
2019-06-24 07:27:30,23.74
2019-06-24 07:27:46,23.69
2019-06-24 07:28:24,22.93999
2019-06-24 07:30:24,22.93999
2019-06-24 07:30:50,22.48
2019-06-24 07:31:50,22.48
2019-06-24 07:31:57,22.1
2019-06-24 07:33:58,22.1
2019-06-24 07:34:48,23.05
2019-06-24 07:35:48,23.05
2019-06-24 07:35:53,22.65999
2019-06-24 07:36:10,23.05
2019-06-24 07:37:10,23.05
2019-06-24 07:37:30,23.32999
2019-06-24 07:39:30,23.32999
2019-06-24 07:39:43,23.83999
2019-06-24 07:40:03,23.09
2019-06-24 07:40:18,23.88999
2019-06-24 07:40:34,23.12
2019-06-24 07:40:58,23.66999
2019-06-24 07:41:26,23.28999
2019-06-24 07:42:18,23.8
2019-06-24 07:42:50,23.37
2019-06-24 07:43:35,23.48999
2019-06-24 07:44:34,23.48999
2019-06-24 07:44:46,23.31999
2019-06-24 07:45:45,23.31999
2019-06-24 07:46:23,22.70999
2019-06-24 07:46:40,23.46999
2019-06-24 07:46:57,22.23
2019-06-24 07:47:14,23.32999
2019-06-24 07:47:38,21.71999
2019-06-24 07:47:49,22.89999
2019-06-24 07:48:27,22.42
2019-06-24 07:48:51,22.85999
2019-06-24 07:49:48,22.41
2019-06-24 07:50:19,22.63999
2019-06-24 07:57:19,22.63999
2019-06-24 07:57:23,23.14
2019-06-24 07:58:22,23.14
2019-06-24 07:59:19,23.48999
2019-06-24 08:00:20,23.48999
2019-06-24 08:00:34,23.29999
2019-06-24 08:01:18,22.74
2019-06-24 08:01:32,23.68
2019-06-24 08:01:45,22.21999
2019-06-24 08:01:59,22.64999
2019-06-24 08:02:46,22.18999
2019-06-24 08:03:36,23.02999
2019-06-24 08:03:51,22.00999
2019-06-24 08:04:09,23.39
2019-06-24 08:04:28,22.58999
2019-06-24 08:05:05,23.36
2019-06-24 08:05:18,22.69999
2019-06-24 08:05:50,23.65999
2019-06-24 08:06:20,23.56999
2019-06-24 08:08:20,23.56999
2019-06-24 08:08:25,24.09999
2019-06-24 08:08:48,23.51999
2019-06-24 08:09:25,23.83999
2019-06-24 08:10:14,23.60999
2019-06-24 08:11:14,23.60999
2019-06-24 08:12:08,23.69
2019-06-24 08:17:08,23.69
2019-06-24 08:17:29,22.94999
2019-06-24 08:17:43,23.92999
2019-06-24 08:17:59,23.17999
2019-06-24 08:18:59,23.17999
2019-06-24 08:19:13,23.38
2019-06-24 08:20:13,23.38
2019-06-24 08:21:13,23.8
2019-06-24 08:23:13,23.8
2019-06-24 08:23:21,24.38
2019-06-24 08:23:44,23.96999
2019-06-24 08:24:26,24.47999
2019-06-24 08:25:00,23.82999
2019-06-24 08:25:23,24.28999
2019-06-24 08:26:05,24.7
2019-06-24 08:26:27,24.06
2019-06-24 08:26:43,24.59999
2019-06-24 08:27:43,24.59999
2019-06-24 08:27:50,24.06
2019-06-24 08:28:16,24.29999
2019-06-24 08:28:43,24.71
2019-06-24 08:29:35,24.49999
2019-06-24 08:30:07,24.84999
2019-06-24 08:31:07,24.84999
2019-06-24 08:31:09,24.60999
2019-06-24 08:31:43,24.97
2019-06-24 08:33:43,24.97
2019-06-24 08:34:29,25.05
2019-06-24 08:35:29,25.05
2019-06-24 08:36:22,24.87999
2019-06-24 08:38:22,24.87999
2019-06-24 08:39:01,24.35
2019-06-24 08:41:01,24.35
2019-06-24 08:41:24,24.29999
2019-06-24 08:41:55,23.77
2019-06-24 08:42:55,23.77
2019-06-24 08:43:36,23.43999
2019-06-24 08:44:31,22.88999
2019-06-24 08:45:03,23.14999
2019-06-24 08:47:03,23.14999
2019-06-24 08:47:47,23.26999
2019-06-24 08:52:47,23.26999
2019-06-24 08:52:51,23.50999
2019-06-24 08:53:31,23.27999
2019-06-24 08:54:31,23.27999
2019-06-24 08:55:07,22.92999
2019-06-24 08:55:33,23.46
2019-06-24 08:56:33,23.46
2019-06-24 08:56:42,22.85999
2019-06-24 08:56:59,23.36
2019-06-24 08:58:59,23.36
2019-06-24 08:59:21,22.43999
2019-06-24 08:59:37,23.33999
2019-06-24 09:00:37,23.33999
2019-06-24 09:01:18,24.21999
2019-06-24 09:01:33,22.88999
2019-06-24 09:01:46,24.39999
2019-06-24 09:02:08,23.86999
2019-06-24 09:02:22,23.28999
2019-06-24 09:02:36,24.51999
2019-06-24 09:02:49,23.93999
2019-06-24 09:03:01,22.72
2019-06-24 09:03:18,23.55999
2019-06-24 09:03:38,22.64999
2019-06-24 09:03:58,23.89999
2019-06-24 09:04:50,24.29999
2019-06-24 09:05:50,24.29999
2019-06-24 09:06:16,24.86999
2019-06-24 09:08:16,24.86999
2019-06-24 09:08:19,25.58999
2019-06-24 09:08:36,24.37
2019-06-24 09:08:48,25.34
2019-06-24 09:09:36,25.02
2019-06-24 09:09:51,25.44999
2019-06-24 09:10:52,25.44999
2019-06-24 09:11:07,25.83999
2019-06-24 09:12:07,25.83999
2019-06-24 09:12:09,25.39999
2019-06-24 09:12:29,26.06999
2019-06-24 09:12:56,25.73
2019-06-24 09:13:55,26.12999
2019-06-24 09:14:30,25.82999
2019-06-24 09:15:08,25.08999
2019-06-24 09:15:23,25.82999
2019-06-24 09:16:14,25.49999
2019-06-24 09:17:15,25.49999
2019-06-24 09:18:12,25.21999
2019-06-24 09:18:31,24.07
2019-06-24 09:18:46,24.71
2019-06-24 09:19:18,24.25999
2019-06-24 09:20:18,24.25999
2019-06-24 09:20:35,23.86999
2019-06-24 09:21:00,23.4
2019-06-24 09:21:53,23.08
2019-06-24 09:22:53,23.08
2019-06-24 09:23:49,22.73
2019-06-24 09:24:49,22.73
2019-06-24 09:25:01,23.22999
2019-06-24 09:26:01,23.22999
2019-06-24 09:26:35,23.63999
2019-06-24 09:27:24,24.04
2019-06-24 09:28:24,24.04
2019-06-24 09:28:26,24.64
2019-06-24 09:29:16,24.28999
2019-06-24 09:29:40,24.84999
2019-06-24 09:30:32,24.17999
2019-06-24 09:30:49,24.75999
2019-06-24 09:31:49,24.75999
2019-06-24 09:31:55,23.61999
2019-06-24 09:32:10,25.04
2019-06-24 09:32:38,23.43999
2019-06-24 09:32:55,24.59999
2019-06-24 09:33:19,22.94999
2019-06-24 09:33:30,24.16999
2019-06-24 09:35:30,24.16999
2019-06-24 09:35:53,25.48999
2019-06-24 09:36:04,23.80999
2019-06-24 09:36:28,24.64
2019-06-24 09:37:09,25.16999
2019-06-24 09:37:38,24.05
2019-06-24 09:37:50,25.39999
2019-06-24 09:38:28,25.16999
2019-06-24 09:38:55,25.50999
2019-06-24 09:39:46,25.66999
2019-06-24 09:40:44,26.11999
2019-06-24 09:41:16,25.86999
2019-06-24 09:42:16,25.86999
2019-06-24 09:42:39,26.27
2019-06-24 09:43:08,25.93
2019-06-24 09:44:09,25.93
2019-06-24 09:44:31,25.13999
2019-06-24 09:44:59,25.42999
2019-06-24 09:45:24,24.88999
2019-06-24 09:45:52,25.16999
2019-06-24 09:46:12,24.97
2019-06-24 09:47:05,24.71
2019-06-24 09:48:05,24.71
2019-06-24 09:48:38,24.33
2019-06-24 09:49:38,24.33
2019-06-24 09:49:59,24.75
2019-06-24 09:50:21,24.22999
2019-06-24 09:50:44,25.05
2019-06-24 09:51:13,24.87999
2019-06-24 09:55:12,24.87999
2019-06-24 09:55:21,24.60999
2019-06-24 09:55:52,24.29999
2019-06-24 09:58:53,24.29999
2019-06-24 09:59:43,24.04
2019-06-24 10:00:24,24.34
2019-06-24 10:01:17,24.68
2019-06-24 10:03:17,24.68
2019-06-24 10:03:28,25.07999
2019-06-24 10:04:02,24.97
2019-06-24 10:04:39,24.01
2019-06-24 10:05:07,24.46999
2019-06-24 10:05:52,24.06
2019-06-24 10:06:08,24.78999
2019-06-24 10:11:08,24.78999
2019-06-24 10:11:13,25.12999
2019-06-24 10:12:14,25.12999
2019-06-24 10:12:40,24.82999
2019-06-24 10:14:40,24.82999
2019-06-24 10:15:08,24.46999
2019-06-24 10:15:46,24.73
2019-06-24 10:16:34,24.43999
2019-06-24 10:18:34,24.43999
2019-06-24 10:19:10,24.23999
2019-06-24 10:21:10,24.23999
2019-06-24 10:21:20,24.60999
2019-06-24 10:22:02,23.48
2019-06-24 10:22:18,24.39999
2019-06-24 10:22:57,24.80999
2019-06-24 10:23:56,24.80999
2019-06-24 10:24:02,24.67
2019-06-24 10:24:42,23.89999
2019-06-24 10:25:07,24.57999
2019-06-24 10:25:29,24.01
2019-06-24 10:25:52,24.47999
2019-06-24 10:26:52,24.47999
2019-06-24 10:26:58,23.84999
2019-06-24 10:27:18,24.51999
2019-06-24 10:28:11,23.74
2019-06-24 10:28:39,24.29999
2019-06-24 10:29:05,23.72
2019-06-24 10:31:05,23.72
2019-06-24 10:31:05,24.46999
2019-06-24 10:31:55,23.97999
2019-06-24 10:32:54,23.97999
2019-06-24 10:33:02,23.21
2019-06-24 10:33:32,23.74
2019-06-24 10:33:55,22.80999
2019-06-24 10:34:11,23.39
2019-06-24 10:36:12,23.39
2019-06-24 10:36:25,23.85999
2019-06-24 10:36:40,22.82999
2019-06-24 10:36:50,23.87999
2019-06-24 10:37:50,23.87999
2019-06-24 10:38:49,22.87999
2019-06-24 10:39:01,24.04
2019-06-24 10:40:01,24.04
2019-06-24 10:40:11,23.38
2019-06-24 10:40:22,24.46
2019-06-24 10:41:21,24.73999
2019-06-24 10:41:55,24.38
2019-06-24 10:42:48,24.49999
2019-06-24 10:44:47,24.49999
2019-06-24 10:45:20,24.75
2019-06-24 10:46:20,24.75
2019-06-24 10:46:42,25.49999
2019-06-24 10:47:42,25.49999
2019-06-24 10:47:56,24.37
2019-06-24 10:48:10,25.19999
2019-06-24 10:48:34,24.16999
2019-06-24 10:48:56,25.08999
2019-06-24 10:49:44,26.08999
2019-06-24 10:50:01,24.35
2019-06-24 10:50:18,25.44999
2019-06-24 10:51:17,25.44999
2019-06-24 10:51:58,25.82999
2019-06-24 10:52:57,25.82999
2019-06-24 10:52:59,25.25999
2019-06-24 10:53:13,26.0
2019-06-24 10:53:48,25.83999
2019-06-24 10:54:48,26.48999
2019-06-24 10:54:59,25.56999
2019-06-24 10:55:14,26.21999
2019-06-24 10:56:15,26.21999
2019-06-24 10:56:33,26.12999
2019-06-24 10:57:32,26.12999
2019-06-24 10:57:34,26.00999
2019-06-24 10:58:23,25.79999
2019-06-24 10:59:00,25.6
2019-06-24 10:59:51,24.99
2019-06-24 11:00:18,25.45999
2019-06-24 11:01:18,25.45999
2019-06-24 11:01:22,25.12
2019-06-24 11:01:57,25.43999
2019-06-24 11:02:57,25.43999
2019-06-24 11:03:02,25.73999
2019-06-24 11:04:02,25.73999
2019-06-24 11:04:09,25.33
2019-06-24 11:04:59,25.73999
2019-06-24 11:05:30,25.36
2019-06-24 11:06:30,25.36
2019-06-24 11:06:32,25.16999
2019-06-24 11:06:58,25.41
2019-06-24 11:07:42,25.66
2019-06-24 11:08:25,25.37
2019-06-24 11:11:25,25.37
2019-06-24 11:12:22,25.79999
2019-06-24 11:12:45,25.31
2019-06-24 11:13:15,25.33
2019-06-24 11:14:07,25.44999
2019-06-24 11:15:01,25.28
2019-06-24 11:16:00,25.28
2019-06-24 11:16:11,25.77999
2019-06-24 11:16:50,25.42999
2019-06-24 11:17:49,25.42999
2019-06-24 11:17:53,26.11999
2019-06-24 11:18:23,25.7
2019-06-24 11:19:23,25.7
2019-06-24 11:20:06,25.93
2019-06-24 11:21:06,25.93
2019-06-24 11:21:52,25.89999
2019-06-24 11:23:52,25.89999
2019-06-24 11:24:31,24.96
2019-06-24 11:24:53,25.82999
2019-06-24 11:25:20,25.00999
2019-06-24 11:25:43,25.55999
2019-06-24 11:26:03,24.91999
2019-06-24 11:27:04,24.91999
2019-06-24 11:27:38,24.47999
2019-06-24 11:28:03,24.67
2019-06-24 11:29:03,24.67
2019-06-24 11:29:11,24.10999
2019-06-24 11:29:43,24.43
2019-06-24 11:30:15,24.81999
2019-06-24 11:32:16,24.81999
2019-06-24 11:32:23,25.07999
2019-06-24 11:33:23,25.07999
2019-06-24 11:34:16,25.19999
2019-06-24 11:34:59,25.49999
2019-06-24 11:35:57,25.32
2019-06-24 11:36:57,25.32
2019-06-24 11:37:28,24.99
2019-06-24 11:38:00,24.48999
2019-06-24 11:38:37,23.7
2019-06-24 11:38:55,24.23999
2019-06-24 11:39:33,23.87999
2019-06-24 11:41:33,23.87999
2019-06-24 11:41:44,23.53999
2019-06-24 11:42:44,23.53999
2019-06-24 11:42:44,23.16
2019-06-24 11:43:44,23.41
2019-06-24 11:43:45,23.16
2019-06-24 11:44:15,23.85999
2019-06-24 11:45:03,23.91999
2019-06-24 11:45:32,24.09999
2019-06-24 11:46:33,24.09999
2019-06-24 11:47:11,24.52999
2019-06-24 11:48:10,24.52999
2019-06-24 11:48:56,24.73
2019-06-24 11:49:56,24.73
2019-06-24 11:50:33,24.19999
2019-06-24 11:51:15,22.87999
2019-06-24 11:51:28,24.46999
2019-06-24 11:53:28,24.46999
2019-06-24 11:53:56,24.92999
2019-06-24 11:54:07,22.96999
2019-06-24 11:54:19,24.73999
2019-06-24 11:54:41,23.05
2019-06-24 11:55:03,24.25999
2019-06-24 11:55:32,23.34999
2019-06-24 11:55:47,24.07999
2019-06-24 11:56:24,24.73999
2019-06-24 11:56:46,25.12
2019-06-24 11:57:46,25.12
2019-06-24 11:58:46,25.42999
2019-06-24 11:59:13,25.21999
2019-06-24 12:03:12,25.21999
2019-06-24 12:03:18,24.92999
2019-06-24 12:04:18,24.92999
2019-06-24 12:04:56,24.80999
2019-06-24 12:05:56,24.80999
2019-06-24 12:06:10,24.30999
2019-06-24 12:06:26,24.7
2019-06-24 12:06:53,23.95999
2019-06-24 12:07:03,25.07999
2019-06-24 12:07:54,24.83999
2019-06-24 12:08:54,24.83999
2019-06-24 12:09:35,24.10999
2019-06-24 12:09:52,24.68999
2019-06-24 12:10:53,24.68999
2019-06-24 12:10:55,24.96
2019-06-24 12:11:55,24.96
2019-06-24 12:12:52,25.17999
2019-06-24 12:14:52,25.17999
2019-06-24 12:14:54,25.51999
2019-06-24 12:15:48,25.13999
2019-06-24 12:16:40,25.34999
2019-06-24 12:17:40,25.34999
2019-06-24 12:18:17,25.02999
2019-06-24 12:19:16,25.02999
2019-06-24 12:19:42,25.33
2019-06-24 12:20:21,25.0
2019-06-24 12:21:09,23.92999
2019-06-24 12:21:20,24.97
2019-06-24 12:21:39,23.43999
2019-06-24 12:21:48,24.78999
2019-06-24 12:22:20,24.39999
2019-06-24 12:23:20,24.39999
2019-06-24 12:23:39,24.0
2019-06-24 12:24:40,23.50999
2019-06-24 12:25:39,23.50999
2019-06-24 12:26:12,23.21
2019-06-24 12:27:13,23.21
2019-06-24 12:27:20,22.67999
2019-06-24 12:28:19,22.67999
2019-06-24 12:28:52,22.80999
2019-06-24 12:29:51,22.80999
2019-06-24 12:30:22,22.91999
2019-06-24 12:31:00,23.46
2019-06-24 12:31:38,23.63999
2019-06-24 12:32:21,24.0
2019-06-24 12:33:21,24.0
2019-06-24 12:34:18,22.74
2019-06-24 12:34:32,23.66999
2019-06-24 12:35:11,22.95999
2019-06-24 12:35:28,24.55999
2019-06-24 12:35:39,22.90999
2019-06-24 12:36:02,23.46999
2019-06-24 12:36:28,22.45
2019-06-24 12:36:36,24.32
2019-06-24 12:37:01,23.19999
2019-06-24 12:37:33,24.19999
2019-06-24 12:37:59,23.93999
2019-06-24 12:38:18,24.87999
2019-06-24 12:38:35,23.74
2019-06-24 12:38:47,24.66
2019-06-24 12:40:47,24.66
2019-06-24 12:41:05,25.10999
2019-06-24 12:42:04,25.10999
2019-06-24 12:42:52,24.82999
2019-06-24 12:43:43,25.15999
2019-06-24 12:44:38,25.0
2019-06-24 12:46:38,25.0
2019-06-24 12:47:04,24.67
2019-06-24 12:47:31,24.28999
2019-06-24 12:49:31,24.28999
2019-06-24 12:49:33,24.04
2019-06-24 12:50:33,24.04
2019-06-24 12:51:17,23.93999
2019-06-24 12:52:17,24.30999
2019-06-24 12:54:16,24.30999
2019-06-24 12:54:20,24.56999
2019-06-24 12:55:20,24.56999
2019-06-24 12:56:04,24.46
2019-06-24 12:57:03,24.46
2019-06-24 12:57:05,24.56999
2019-06-24 12:59:06,24.56999
2019-06-24 12:59:58,24.38
2019-06-24 13:00:27,23.93999
2019-06-24 13:01:27,23.48999
2019-06-24 13:02:26,23.48999
2019-06-24 13:03:13,23.26999
2019-06-24 13:04:14,23.26999
2019-06-24 13:04:21,22.82999
2019-06-24 13:06:20,22.82999
2019-06-24 13:06:46,22.48999
2019-06-24 13:07:47,22.48999
2019-06-24 13:08:33,22.92999
2019-06-24 13:09:30,22.11
2019-06-24 13:09:44,22.91999
2019-06-24 13:10:43,22.91999
2019-06-24 13:11:15,21.93999
2019-06-24 13:11:27,23.02999
2019-06-24 13:11:36,21.47
2019-06-24 13:11:46,22.48
2019-06-24 13:12:00,23.24999
2019-06-24 13:12:14,22.53999
2019-06-24 13:12:35,21.47
2019-06-24 13:12:48,22.97999
2019-06-24 13:13:10,22.38999
2019-06-24 13:13:37,22.51999
2019-06-24 13:14:15,23.53999
2019-06-24 13:14:25,21.94999
2019-06-24 13:14:45,22.45
2019-06-24 13:15:00,23.54999
2019-06-24 13:15:16,23.02999
2019-06-24 13:16:16,23.02999
2019-06-24 13:16:17,23.71
2019-06-24 13:16:47,24.30999
2019-06-24 13:17:33,24.55999
2019-06-24 13:18:17,24.88999
2019-06-24 13:18:25,23.75999
2019-06-24 13:18:35,24.44999
2019-06-24 13:18:58,25.41999
2019-06-24 13:19:23,24.50999
2019-06-24 13:19:35,25.18999
2019-06-24 13:22:35,25.18999
2019-06-24 13:23:19,29.05999
2019-06-24 13:23:20,50.56
2019-06-24 13:23:21,56.87998
2019-06-24 13:23:22,58.95999
2019-06-24 13:23:23,54.48
2019-06-24 13:23:24,45.92999
2019-06-24 13:23:25,41.49998
2019-06-24 13:23:26,39.12999
2019-06-24 13:23:27,34.70999
2019-06-24 13:23:28,32.45999
2019-06-24 13:23:29,29.93999
2019-06-24 13:23:33,27.86
2019-06-24 13:23:34,30.16999
2019-06-24 13:23:36,28.14999
2019-06-24 13:23:36,25.75999
2019-06-24 13:23:39,23.63999
2019-06-24 13:23:42,21.32999
2019-06-24 13:23:46,19.25
2019-06-24 13:23:51,21.35999
2019-06-24 13:23:53,19.22
2019-06-24 13:24:03,17.09
2019-06-24 13:24:12,15.06
2019-06-24 13:24:16,13.06
2019-06-24 13:24:19,10.99
2019-06-24 13:24:23,12.99
2019-06-24 13:24:30,10.61
2019-06-24 13:24:52,12.66
2019-06-24 13:24:57,10.65
2019-06-24 13:25:02,13.09
2019-06-24 13:25:09,15.17999
2019-06-24 13:25:10,17.68
2019-06-24 13:25:23,15.57
2019-06-24 13:25:29,13.57
2019-06-24 13:25:34,11.55
2019-06-24 13:25:39,13.51
2019-06-24 13:25:46,12.33
2019-06-24 13:25:56,13.51
2019-06-24 13:26:01,15.6
2019-06-24 13:26:04,18.21999
2019-06-24 13:26:10,20.81
2019-06-24 13:26:12,18.53999
2019-06-24 13:26:13,13.66
2019-06-24 13:26:14,8.439999
2019-06-24 13:26:15,6.369998
2019-06-24 13:26:16,3.849999
2019-06-24 13:26:18,1.8
2019-06-24 13:26:24,-0.21
2019-06-24 13:27:24,-0.21
2019-06-24 13:27:51,-0.28
2019-06-24 13:28:51,-0.28
2019-06-24 13:29:39,1.09
2019-06-24 13:29:49,3.149999
2019-06-24 13:30:15,4.989999
2019-06-24 13:30:22,6.889999
2019-06-24 13:30:31,5.819998
2019-06-24 13:30:35,7.859999
2019-06-24 13:31:26,11.56
2019-06-24 13:31:33,12.9
2019-06-24 13:31:53,14.56
2019-06-24 13:32:02,16.49
2019-06-24 13:32:11,18.72
2019-06-24 13:32:19,20.05
2019-06-24 13:32:30,21.31999
2019-06-24 13:32:40,23.32999
2019-06-24 13:32:51,25.26999
2019-06-24 13:33:11,26.64
2019-06-24 13:33:20,28.68999
2019-06-24 13:33:30,30.31999
2019-06-24 13:33:40,32.00999
2019-06-24 13:33:48,34.02
2019-06-24 13:34:00,35.02999
2019-06-24 13:34:13,36.59
2019-06-24 13:34:30,38.51999
2019-06-24 13:34:50,40.71999
2019-06-24 13:35:13,41.86999
2019-06-24 13:35:22,43.81998
2019-06-24 13:35:52,44.87999
2019-06-24 13:36:07,46.69998
2019-06-24 13:36:20,48.71999
2019-06-24 13:36:33,48.13999
2019-06-24 13:36:44,50.16999
2019-06-24 13:37:16,51.71999
2019-06-24 13:37:35,53.52998
2019-06-24 13:37:49,55.14999
2019-06-24 13:38:12,56.83998
2019-06-24 13:38:34,58.18998
2019-06-24 13:39:02,56.25998
2019-06-24 13:39:05,58.28999
2019-06-24 13:39:36,59.79999
2019-06-24 13:39:43,58.41999
2019-06-24 13:39:58,59.64999
2019-06-24 13:40:36,60.56998
2019-06-24 13:40:47,59.84998
2019-06-24 13:41:06,58.81998
2019-06-24 13:41:13,59.72999
2019-06-24 13:41:37,60.13998
2019-06-24 13:42:09,60.94999
2019-06-24 13:42:21,62.43999
2019-06-24 13:42:41,62.02998
2019-06-24 13:43:15,62.70998
2019-06-24 13:43:23,60.91999
2019-06-24 13:43:31,60.10998
2019-06-24 13:44:14,60.89999
2019-06-24 13:44:26,62.16999
2019-06-24 13:44:44,61.91998
2019-06-24 13:44:55,61.29998
2019-06-24 13:45:46,59.46998
2019-06-24 13:46:24,60.58998
2019-06-24 13:47:08,59.85999
2019-06-24 13:47:45,59.20998
2019-06-24 13:48:12,58.66998
2019-06-24 13:48:54,59.93999
2019-06-24 13:49:00,57.92999
2019-06-24 13:49:23,59.12999
2019-06-24 13:49:38,58.01998
2019-06-24 13:50:19,56.79998
2019-06-24 13:50:48,57.05999
2019-06-24 13:51:05,58.05998
2019-06-24 13:51:15,56.74998
2019-06-24 13:51:32,57.22999
2019-06-24 13:51:58,59.20998
2019-06-24 13:52:07,57.37998
2019-06-24 13:52:30,55.67999
2019-06-24 13:53:00,54.09998
2019-06-24 13:53:05,56.09998
2019-06-24 13:53:22,54.89999
2019-06-24 13:53:30,55.71999
2019-06-24 13:54:30,55.71999
2019-06-24 13:54:37,56.73998
2019-06-24 13:54:50,55.06999
2019-06-24 13:55:49,55.06999
2019-06-24 13:56:08,53.31999
2019-06-24 13:56:23,55.36999
2019-06-24 13:56:33,53.33999
2019-06-24 13:57:08,51.28999
2019-06-24 13:57:14,53.41999
2019-06-24 13:57:45,50.95998
2019-06-24 13:58:02,52.96999
2019-06-24 13:58:09,51.32999
2019-06-24 13:58:39,49.85998
2019-06-24 13:59:07,51.91
2019-06-24 13:59:30,50.81999
2019-06-24 13:59:37,49.37999
2019-06-24 13:59:45,51.37999
2019-06-24 13:59:55,48.90999
2019-06-24 14:00:30,46.85999
2019-06-24 14:00:45,49.24998
2019-06-24 14:00:49,47.14999
2019-06-24 14:01:04,48.76999
2019-06-24 14:01:10,47.31998
2019-06-24 14:01:22,45.24998
2019-06-24 14:01:43,43.44998
2019-06-24 14:01:52,45.28999
2019-06-24 14:01:56,43.21999
2019-06-24 14:02:18,43.96999
2019-06-24 14:02:24,44.84999
2019-06-24 14:02:27,42.84998
2019-06-24 14:02:46,44.89999
2019-06-24 14:03:00,42.50999
2019-06-24 14:03:07,40.02
2019-06-24 14:03:13,42.34
2019-06-24 14:03:17,44.46999
2019-06-24 14:03:25,42.09998
2019-06-24 14:03:26,39.90999
2019-06-24 14:03:28,37.84
2019-06-24 14:03:38,39.31999
2019-06-24 14:03:43,41.34998
2019-06-24 14:03:49,38.87999
2019-06-24 14:03:56,39.80999
2019-06-24 14:03:58,37.73999
2019-06-24 14:04:05,39.82999
2019-06-24 14:04:42,38.35999
2019-06-24 14:04:57,40.41
2019-06-24 14:05:04,42.49999
2019-06-24 14:05:13,44.60999
2019-06-24 14:05:16,46.60999
2019-06-24 14:05:19,44.39999
2019-06-24 14:05:20,41.91999
2019-06-24 14:05:21,39.45999
2019-06-24 14:05:22,37.45
2019-06-24 14:05:24,35.44999
2019-06-24 14:05:27,37.61999
2019-06-24 14:05:36,38.91999
2019-06-24 14:05:41,36.87
2019-06-24 14:05:44,34.86999
2019-06-24 14:05:49,36.89999
2019-06-24 14:05:51,38.96999
2019-06-24 14:05:57,36.88999
2019-06-24 14:06:00,34.88999
2019-06-24 14:06:11,36.74999
2019-06-24 14:06:15,34.74999
2019-06-24 14:06:22,32.96999
2019-06-24 14:06:36,33.45999
2019-06-24 14:06:48,34.10999
2019-06-24 14:07:22,34.67999
2019-06-24 14:07:35,34.12999
2019-06-24 14:07:46,36.31999
2019-06-24 14:07:47,38.81999
2019-06-24 14:07:49,43.69999
2019-06-24 14:07:50,46.21999
2019-06-24 14:07:51,48.67
2019-06-24 14:07:51,51.09998
2019-06-24 14:07:54,46.14999
2019-06-24 14:07:55,43.22999
2019-06-24 14:07:56,41.19999
2019-06-24 14:07:57,38.57999
2019-06-24 14:07:58,36.2
2019-06-24 14:08:01,34.16999
2019-06-24 14:08:06,32.12
2019-06-24 14:08:13,34.14999
2019-06-24 14:08:15,36.23
2019-06-24 14:08:18,33.70999
2019-06-24 14:08:21,31.65999
2019-06-24 14:08:28,33.70999
2019-06-24 14:08:39,31.69
2019-06-24 14:08:43,36.81
2019-06-24 14:08:44,39.81999
2019-06-24 14:08:46,47.33998
2019-06-24 14:08:47,49.86998
2019-06-24 14:08:50,44.06998
2019-06-24 14:08:51,41.67999
2019-06-24 14:08:52,38.46999
2019-06-24 14:08:53,36.00999
2019-06-24 14:08:58,38.61999
2019-06-24 14:09:01,40.64999
2019-06-24 14:09:04,38.61999
2019-06-24 14:09:05,36.52999
2019-06-24 14:09:08,34.50999
2019-06-24 14:09:15,36.81999
2019-06-24 14:09:16,41.24998
2019-06-24 14:09:19,36.60999
2019-06-24 14:09:20,34.59999
2019-06-24 14:09:23,32.55999
2019-06-24 14:09:32,34.56999
2019-06-24 14:09:36,32.48999
2019-06-24 14:09:38,30.21
2019-06-24 14:09:42,28.16
2019-06-24 14:09:43,30.58999
2019-06-24 14:09:45,33.12999
2019-06-24 14:09:49,35.63999
2019-06-24 14:09:51,37.64999
2019-06-24 14:09:58,39.43999
2019-06-24 14:10:06,41.94999
2019-06-24 14:10:07,44.38999
2019-06-24 14:10:08,46.40999
2019-06-24 14:10:09,48.44998
2019-06-24 14:10:14,50.51998
2019-06-24 14:10:19,46.18999
2019-06-24 14:10:20,40.81999
2019-06-24 14:10:24,36.23999
2019-06-24 14:10:37,38.25999
2019-06-24 14:10:39,40.35999
2019-06-24 14:10:41,37.87999
2019-06-24 14:10:44,35.36999
2019-06-24 14:10:51,37.59999
2019-06-24 14:10:54,39.64999
2019-06-24 14:10:55,41.71999
2019-06-24 14:11:03,43.97998
2019-06-24 14:11:09,45.97998
2019-06-24 14:11:21,48.27999
2019-06-24 14:11:25,44.17999
2019-06-24 14:11:26,39.83999
2019-06-24 14:11:36,41.92999
2019-06-24 14:11:41,43.98998
2019-06-24 14:11:44,46.02998
2019-06-24 14:11:49,44.02998
2019-06-24 14:11:53,46.40999
2019-06-24 14:11:58,44.08998
2019-06-24 14:12:00,41.45998
2019-06-24 14:12:09,43.45998
2019-06-24 14:12:17,45.52
2019-06-24 14:12:24,46.95999
2019-06-24 14:12:26,44.91999
2019-06-24 14:12:48,45.95998
2019-06-24 14:12:51,48.03999
2019-06-24 14:13:06,49.57999
2019-06-24 14:13:13,47.81998
2019-06-24 14:13:30,48.85999
2019-06-24 14:13:38,50.46998
2019-06-24 14:13:58,50.13999
2019-06-24 14:14:12,48.76999
2019-06-24 14:14:22,46.74999
2019-06-24 14:14:27,48.74999
2019-06-24 14:14:32,46.69998
2019-06-24 14:14:36,48.73
2019-06-24 14:14:59,47.99999
2019-06-24 14:15:14,48.59998
2019-06-24 14:15:30,47.57999
2019-06-24 14:15:50,45.55999
2019-06-24 14:15:58,42.91
2019-06-24 14:15:59,40.59999
2019-06-24 14:16:04,42.85998
2019-06-24 14:16:10,44.93999
2019-06-24 14:16:12,47.02999
2019-06-24 14:16:15,49.06998
2019-06-24 14:16:32,47.01999
2019-06-24 14:16:33,45.00999
2019-06-24 14:16:51,47.06998
2019-06-24 14:16:59,48.60998
2019-06-24 14:17:14,47.83998
2019-06-24 14:17:54,45.79999
2019-06-24 14:18:06,47.49999
2019-06-24 14:18:40,49.50999
2019-06-24 14:18:43,51.50999
2019-06-24 14:19:01,49.48999
2019-06-24 14:19:06,47.43999
2019-06-24 14:19:13,49.85998
2019-06-24 14:19:20,51.23
2019-06-24 14:19:35,49.70998
2019-06-24 14:19:37,47.37
2019-06-24 14:19:39,45.19998
2019-06-24 14:19:39,42.65999
2019-06-24 14:19:44,40.50999
2019-06-24 14:19:45,38.03999
2019-06-24 14:19:49,33.32999
2019-06-24 14:19:49,31.04
2019-06-24 14:19:51,33.06999
2019-06-24 14:19:53,30.08
2019-06-24 14:19:55,32.12
2019-06-24 14:19:56,34.12999
2019-06-24 14:20:00,36.62
2019-06-24 14:20:01,39.05
2019-06-24 14:20:03,41.40998
2019-06-24 14:20:06,43.52
2019-06-24 14:20:10,45.61999
2019-06-24 14:20:12,47.67999
2019-06-24 14:20:34,45.53999
2019-06-24 14:20:48,47.61999
2019-06-24 14:21:03,46.88999
2019-06-24 14:21:45,45.79999
2019-06-24 14:22:10,44.81
2019-06-24 14:22:49,44.17
2019-06-24 14:23:06,43.16999
2019-06-24 14:23:57,42.01998
2019-06-24 14:24:57,42.01998
2019-06-24 14:25:06,41.44998
2019-06-24 14:25:23,40.45999
2019-06-24 14:25:59,39.44999
2019-06-24 14:26:33,38.82999
2019-06-24 14:27:21,38.10999
2019-06-24 14:28:20,38.10999
2019-06-24 14:28:23,37.56999
2019-06-24 14:28:47,36.82999
2019-06-24 14:29:46,36.82999
2019-06-24 14:29:56,35.60999
2019-06-24 14:30:15,36.04999
2019-06-24 14:30:43,35.27
2019-06-24 14:31:44,35.27
2019-06-24 14:32:11,34.53999
2019-06-24 14:32:23,33.68999
2019-06-24 14:32:36,32.12999
2019-06-24 14:32:58,32.85999
2019-06-24 14:33:23,32.02
2019-06-24 14:33:47,29.55999
2019-06-24 14:33:48,24.12999
2019-06-24 14:33:51,18.47
2019-06-24 14:33:52,15.96
2019-06-24 14:33:55,13.42999
2019-06-24 14:33:57,18.05999
2019-06-24 14:33:58,20.07999
2019-06-24 14:33:59,22.41
2019-06-24 14:34:00,24.89999
2019-06-24 14:34:02,27.00999
2019-06-24 14:34:12,28.11999
2019-06-24 14:34:27,25.10999
2019-06-24 14:34:27,21.87
2019-06-24 14:34:28,17.64
2019-06-24 14:34:29,12.06
2019-06-24 14:34:30,7.309999
2019-06-24 14:34:31,4.819999
2019-06-24 14:34:33,2.73
2019-06-24 14:34:34,5.099998
2019-06-24 14:34:37,13.67
2019-06-24 14:34:39,18.58
2019-06-24 14:34:39,20.96999
2019-06-24 14:34:40,23.50999
2019-06-24 14:34:42,25.51999
2019-06-24 14:34:48,27.37999
2019-06-24 14:35:35,22.03999
2019-06-24 14:35:37,12.17
2019-06-24 14:35:38,7.229999
2019-06-24 14:35:39,4.669999
2019-06-24 14:35:41,2.64
2019-06-24 14:35:45,4.659999
2019-06-24 14:35:47,12.2
2019-06-24 14:35:47,14.52
2019-06-24 14:35:48,17.13
2019-06-24 14:35:51,19.62
2019-06-24 14:35:52,22.03999
2019-06-24 14:35:54,24.09999
2019-06-24 14:35:58,26.12999
2019-06-24 14:36:15,25.79999
2019-06-24 14:36:16,23.41
2019-06-24 14:36:17,15.16
2019-06-24 14:36:18,10.25
2019-06-24 14:36:19,8.079998
2019-06-24 14:36:20,5.679999
2019-06-24 14:36:21,3.6
2019-06-24 14:36:23,1.5
2019-06-24 14:36:29,8.969999
2019-06-24 14:36:29,11.96
2019-06-24 14:36:30,16.88
2019-06-24 14:36:31,19.32
2019-06-24 14:36:32,21.79
2019-06-24 14:36:36,19.58
2019-06-24 14:36:39,21.86
2019-06-24 14:36:41,23.88999
2019-06-24 14:36:45,15.84
2019-06-24 14:36:45,10.67
2019-06-24 14:36:46,7.659998
2019-06-24 14:36:47,5.129999
2019-06-24 14:36:48,3.109999
2019-06-24 14:36:50,1.07
2019-06-24 14:37:00,3.509999
2019-06-24 14:37:02,7.579998
2019-06-24 14:37:03,10.02
2019-06-24 14:37:04,12.02
2019-06-24 14:37:06,9.729998
2019-06-24 14:37:07,7.28
2019-06-24 14:37:08,5.28
2019-06-24 14:37:09,3.229999
2019-06-24 14:37:12,1.13
2019-06-24 14:37:17,3.219999
2019-06-24 14:37:27,5.259998
2019-06-24 14:37:30,2.829999
2019-06-24 14:37:33,0.79
2019-06-24 14:37:40,2.849999
2019-06-24 14:37:43,4.869999
2019-06-24 14:37:55,7.269998
2019-06-24 14:37:56,11.72
2019-06-24 14:37:57,13.8
2019-06-24 14:37:58,16.2
2019-06-24 14:37:59,18.25
2019-06-24 14:38:13,20.30999
2019-06-24 14:38:17,18.29
2019-06-24 14:38:21,20.34
2019-06-24 14:38:30,18.16999
2019-06-24 14:38:41,20.23999
2019-06-24 14:38:48,17.97
2019-06-24 14:38:53,20.03
2019-06-24 14:38:59,17.92
2019-06-24 14:39:09,19.93999
2019-06-24 14:39:20,20.99999
2019-06-24 14:39:48,19.75999
2019-06-24 14:40:17,18.85999
2019-06-24 14:41:03,18.18
2019-06-24 14:41:12,17.50999
2019-06-24 14:41:43,16.77999
2019-06-24 14:42:03,16.14999
2019-06-24 14:42:26,15.65
2019-06-24 14:43:23,14.42
2019-06-24 14:43:41,16.51
2019-06-24 14:43:43,13.90999
2019-06-24 14:43:44,8.229998
2019-06-24 14:43:45,6.199999
2019-06-24 14:43:46,3.77
2019-06-24 14:43:48,1.7
2019-06-24 14:43:54,-0.19
2019-06-24 14:43:59,2.0
2019-06-24 14:44:07,0.17
2019-06-24 14:44:12,2.349999
2019-06-24 14:44:14,4.4
2019-06-24 14:44:16,6.669998
2019-06-24 14:44:17,9.169998
2019-06-24 14:44:24,11.17999
2019-06-24 14:44:32,13.09999
2019-06-24 14:45:04,12.21
2019-06-24 14:45:25,11.93
2019-06-24 14:45:46,11.50999
2019-06-24 14:46:06,10.82
2019-06-24 14:46:50,9.979998
2019-06-24 14:47:02,7.869999
2019-06-24 14:47:17,8.419998
2019-06-24 14:48:08,7.019998
2019-06-24 14:48:57,4.829999
2019-06-24 14:49:00,2.429999
2019-06-24 14:49:07,4.459999
2019-06-24 14:49:21,5.69
2019-06-24 14:49:36,5.179998
2019-06-24 14:50:16,4.209999
2019-06-24 14:50:42,4.809999
2019-06-24 14:51:18,4.599999
2019-06-24 14:51:53,4.309999
2019-06-24 14:52:52,4.309999
2019-06-24 14:52:58,3.699999
2019-06-24 14:53:54,5.979998
2019-06-24 14:54:01,3.969999
2019-06-24 14:54:11,3.419999
2019-06-24 14:54:26,2.579999
2019-06-24 14:55:26,2.579999
2019-06-24 14:56:01,1.99
2019-06-24 14:56:43,1.45
2019-06-24 14:57:43,1.45
2019-06-24 14:57:57,1.04
2019-06-24 14:58:49,0.36
2019-06-24 14:59:37,0.4899999
2019-06-24 15:00:25,0.02
2019-06-24 15:01:19,-0.22
2019-06-24 15:11:17,-0.22
2019-06-24 15:12:17,-0.32
2019-06-24 15:13:17,-0.32
2019-06-24 15:13:50,-0.2600001
2019-06-24 15:17:50,-0.2600001
2019-06-24 15:18:08,4.409999
2019-06-24 15:18:09,6.449998
2019-06-24 15:18:11,8.48
2019-06-24 15:18:18,9.999998
2019-06-24 15:18:56,10.46
2019-06-24 15:19:19,9.489998
2019-06-24 15:19:48,9.709997
2019-06-24 15:20:35,9.039999
2019-06-24 15:21:03,9.419998
2019-06-24 15:22:02,9.419998
2019-06-24 15:22:36,9.839998
2019-06-24 15:22:53,10.3
2019-06-24 15:23:20,10.66
2019-06-24 15:24:20,10.66
2019-06-24 15:24:24,10.12
2019-06-24 15:25:04,9.519999
2019-06-24 15:25:29,8.539997
2019-06-24 15:25:39,9.589996
2019-06-24 15:26:38,9.589996
2019-06-24 15:26:40,8.379997
2019-06-24 15:27:21,9.229998
2019-06-24 15:27:34,10.58
2019-06-24 15:27:44,8.959999
2019-06-24 15:28:20,9.759998
2019-06-24 15:28:32,10.81
2019-06-24 15:28:45,8.769999
2019-06-24 15:28:59,6.759998
2019-06-24 15:29:11,7.289999
2019-06-24 15:29:19,5.849999
2019-06-24 15:29:31,6.569999
2019-06-24 15:29:44,8.089998
2019-06-24 15:30:03,6.779998
2019-06-24 15:30:15,6.069998
2019-06-24 15:30:37,4.969999
2019-06-24 15:31:10,5.849999
2019-06-24 15:31:20,4.149999
2019-06-24 15:31:33,6.249999
2019-06-24 15:31:36,8.339998
2019-06-24 15:32:23,9.439999
2019-06-24 15:32:56,9.009998
2019-06-24 15:33:11,9.789999
2019-06-24 15:33:38,11.52
2019-06-24 15:33:46,10.06
2019-06-24 15:34:27,8.889999
2019-06-24 15:34:41,6.819999
2019-06-24 15:34:55,5.089999
2019-06-24 15:35:29,4.73
2019-06-24 15:36:12,4.059999
2019-06-24 15:36:29,2.4
2019-06-24 15:36:55,2.579999
2019-06-24 15:37:34,1.51
2019-06-24 15:38:33,1.51
2019-06-24 15:39:07,0.92
2019-06-24 15:40:07,0.92
2019-06-24 15:40:59,0.4
2019-06-24 15:41:59,0.4
2019-06-24 15:42:54,0.21
2019-06-24 15:43:54,0.21
2019-06-24 15:44:32,0.02
2019-06-24 15:46:32,0.02
2019-06-24 15:47:10,2.049999
2019-06-24 15:47:19,0.5699999
2019-06-24 15:47:37,-0.05
2019-06-24 15:48:36,-0.05
2019-06-24 15:48:49,-0.22
2019-06-24 15:59:48,-0.22
2019-06-24 16:00:17,-0.32
2019-06-24 16:02:17,-0.32
2019-06-24 16:02:33,-0.22
2019-06-24 16:07:33,-0.22
2019-06-24 16:08:05,-0.2600001
2019-06-24 16:13:04,-0.2600001
2019-06-24 16:13:10,-0.17
2019-06-24 16:14:10,-0.17
2019-06-24 16:14:19,-0.3
2019-06-24 16:15:20,-0.3
2019-06-24 16:15:50,-0.14
2019-06-24 16:16:49,-0.14
2019-06-24 16:17:21,-0.29
2019-06-24 16:19:22,-0.29
2019-06-24 16:20:07,-0.15
2019-06-24 16:21:06,-0.15
2019-06-24 16:21:48,-0.3
2019-06-24 16:23:47,-0.3
2019-06-24 16:23:50,-0.16
2019-06-24 16:24:49,-0.16
2019-06-24 16:25:24,-0.32
2019-06-24 16:26:23,-0.32
2019-06-24 16:26:54,-0.29
2019-06-24 16:28:54,-0.29
2019-06-24 16:29:03,-0.24
2019-06-24 16:36:03,-0.24
2019-06-24 16:36:40,-0.18
2019-06-24 16:40:39,-0.18
2019-06-24 16:40:50,-0.34
2019-06-24 16:41:49,-0.34
2019-06-24 16:42:05,-0.19
2019-06-24 16:57:04,-0.19
2019-06-24 16:57:16,-0.29
2019-06-24 16:58:15,-0.29
2019-06-24 16:59:09,-0.16
2019-06-24 17:01:09,-0.16
2019-06-24 17:02:02,-0.25
2019-06-24 17:04:02,-0.25
2019-06-24 17:04:41,0.47
2019-06-24 17:04:54,-0.21
2019-06-24 17:22:54,-0.21
2019-06-24 17:23:10,-0.19
2019-06-24 17:34:09,-0.19
2019-06-24 17:34:13,-0.09
2019-06-24 17:35:13,-0.09
2019-06-24 17:35:58,-0.24
2019-06-24 17:38:58,-0.24
2019-06-24 17:38:59,-0.13
2019-06-24 17:40:59,-0.13
2019-06-24 17:41:26,-0.25
2019-06-24 17:43:26,-0.25
2019-06-24 17:43:39,-0.1
2019-06-24 17:45:39,-0.1
2019-06-24 17:46:01,-0.28
2019-06-24 17:47:01,-0.28
2019-06-24 17:47:16,-0.15
2019-06-24 17:49:15,-0.15
2019-06-24 17:50:09,-0.29
2019-06-24 17:52:10,-0.29
2019-06-24 17:52:45,-0.12
2019-06-24 17:53:44,-0.12
2019-06-24 17:54:15,-0.2600001
2019-06-24 17:55:15,-0.2600001
2019-06-24 17:55:49,-0.19
2019-06-24 18:00:50,-0.19
2019-06-24 18:01:14,5.699999
2019-06-24 18:01:16,3.669999
2019-06-24 18:01:17,1.65
2019-06-24 18:01:24,-0.02
2019-06-24 18:02:20,-0.24
2019-06-24 18:03:20,-0.24
2019-06-24 18:04:09,-0.08
2019-06-24 18:05:09,-0.08
2019-06-24 18:05:27,-0.27
2019-06-24 18:06:26,-0.27
2019-06-24 18:06:27,-0.12
2019-06-24 18:07:27,-0.12
2019-06-24 18:08:12,-0.19
2019-06-24 18:12:11,-0.19
2019-06-24 18:13:07,-0.1
2019-06-24 18:14:07,-0.1
2019-06-24 18:14:41,-0.18
2019-06-24 18:36:41,-0.18
2019-06-24 18:36:58,-0.11
2019-06-24 18:37:57,-0.11
2019-06-24 18:38:50,-0.25
2019-06-24 18:39:49,-0.25
2019-06-24 18:40:33,-0.06
2019-06-24 18:41:33,-0.06
2019-06-24 18:41:48,-0.23
2019-06-24 18:42:47,-0.23
2019-06-24 18:43:42,-0.15
2019-06-24 18:49:41,-0.15
2019-06-24 18:49:41,-0.28
2019-06-24 18:50:41,-0.28
2019-06-24 18:51:23,-0.07000001
2019-06-24 18:52:23,-0.07000001
2019-06-24 18:52:57,-0.29
2019-06-24 18:53:57,-0.29
2019-06-24 18:54:16,-0.09
2019-06-24 18:55:15,-0.09
2019-06-24 18:56:13,-0.16
2019-06-24 19:37:12,-0.16
2019-06-24 19:37:19,-0.07000001
2019-06-24 19:38:18,-0.07000001
2019-06-24 19:39:16,-0.18
2019-06-24 19:47:15,-0.18
2019-06-24 19:47:21,-0.06
2019-06-24 19:48:19,-0.06
2019-06-24 19:48:30,-0.17
2019-06-24 19:55:30,-0.17
2019-06-24 19:56:00,-0.05
2019-06-24 19:56:59,-0.05
2019-06-24 19:57:23,-0.21
2019-06-24 19:59:22,-0.21
2019-06-24 19:59:30,-0.12
2019-06-24 20:02:30,-0.12
2019-06-24 20:03:27,-0.23
2019-06-24 20:05:27,-0.23
2019-06-24 20:05:41,-0.13
2019-06-24 21:13:40,-0.13
2019-06-24 21:14:31,-0.21
2019-06-24 21:15:31,-0.21
2019-06-24 21:16:14,-0.09
2019-06-24 21:19:13,-0.09
2019-06-24 21:19:50,-0.18
2019-06-24 21:21:49,-0.18
2019-06-24 21:22:23,-0.04
2019-06-24 21:23:22,-0.04
2019-06-24 21:24:14,-0.09
2019-06-24 21:32:14,-0.09
2019-06-24 21:32:52,-0.16
2019-06-24 21:33:52,-0.16
2019-06-24 21:34:31,-0.01
2019-06-24 21:36:31,-0.01
2019-06-24 21:36:34,-0.2
2019-06-24 21:37:33,-0.2
2019-06-24 21:38:24,0.01
2019-06-24 21:39:23,0.01
2019-06-24 21:39:48,-0.18
2019-06-24 21:41:47,-0.18
2019-06-24 21:41:51,-0.03
2019-06-24 21:42:51,-0.03
2019-06-24 21:43:23,-0.21
2019-06-24 21:44:22,-0.21
2019-06-24 21:44:30,-0.04
2019-06-24 21:45:29,-0.04
2019-06-24 21:46:15,-0.19
2019-06-24 21:47:14,-0.19
2019-06-24 21:48:01,-0.05
2019-06-24 21:51:01,-0.05
2019-06-24 21:51:25,-0.23
2019-06-24 21:52:24,-0.23
2019-06-24 21:52:44,-0.19
2019-06-24 21:53:43,-0.19
2019-06-24 21:54:00,-0.08
2019-06-24 21:56:00,-0.08
2019-06-24 21:56:40,-0.23
2019-06-24 21:57:39,-0.23
2019-06-24 21:57:48,-0.01
2019-06-24 21:58:47,-0.01
2019-06-24 21:59:27,-0.21
2019-06-24 22:00:26,-0.21
2019-06-24 22:00:46,-0.05
2019-06-24 22:02:46,-0.05
2019-06-24 22:03:18,-0.16
2019-06-24 22:04:17,-0.16
2019-06-24 22:04:37,-0.01
2019-06-24 22:05:36,-0.01
2019-06-24 22:06:08,-0.11
2019-06-24 22:10:07,-0.11
2019-06-24 22:11:02,-0.06
2019-06-24 22:13:02,-0.06
2019-06-24 22:13:52,-0.17
2019-06-24 22:15:51,-0.17
2019-06-24 22:15:56,-0.03
2019-06-24 22:17:57,-0.03
2019-06-24 22:18:40,-0.17
2019-06-24 22:20:40,-0.17
2019-06-24 22:21:09,-0.01
2019-06-24 22:22:09,-0.01
2019-06-24 22:23:01,-0.15
2019-06-24 22:25:00,-0.15
2019-06-24 22:25:12,-0.11
2019-06-24 22:37:11,-0.11
2019-06-24 22:37:58,-0.02
2019-06-24 22:39:58,-0.02
2019-06-24 22:40:21,-0.16
2019-06-24 22:41:20,-0.16
2019-06-24 22:41:39,-0.13
2019-06-24 22:43:40,-0.13
2019-06-24 22:44:08,-0.02
2019-06-24 22:46:07,-0.02
2019-06-24 22:46:08,-0.14
2019-06-24 22:47:07,-0.14
2019-06-24 22:47:48,-0.03
2019-06-24 22:50:47,-0.03
2019-06-24 22:51:39,-0.18
2019-06-24 22:52:38,-0.18
2019-06-24 22:53:30,-0.03
2019-06-24 22:55:29,-0.03
2019-06-24 22:56:12,-0.2
2019-06-24 22:57:11,-0.2
2019-06-24 22:57:21,-0.01
2019-06-24 22:58:20,-0.01
2019-06-24 22:58:54,-0.19
2019-06-24 22:59:54,-0.19
2019-06-24 23:00:14,-0.04
2019-06-24 23:02:13,-0.04
2019-06-24 23:03:11,-0.14
2019-06-24 23:05:10,-0.14
2019-06-24 23:06:05,-0.01
2019-06-24 23:08:04,-0.01
2019-06-24 23:08:13,-0.19
2019-06-24 23:09:14,-0.19
2019-06-24 23:09:52,-0.12
2019-06-24 23:13:52,-0.12
2019-06-24 23:14:13,0.0
2019-06-24 23:15:12,0.0
2019-06-24 23:15:35,-0.19
2019-06-24 23:16:34,-0.19
2019-06-24 23:16:52,-0.03
2019-06-24 23:18:52,-0.03
2019-06-24 23:19:13,-0.17
2019-06-24 23:20:12,-0.17
2019-06-24 23:20:50,-0.08
2019-06-24 23:43:49,-0.08
2019-06-24 23:43:50,-0.2
2019-06-24 23:44:49,-0.2
2019-06-24 23:45:21,-0.01
2019-06-24 23:48:20,-0.01
2019-06-24 23:48:29,-0.19
2019-06-24 23:49:28,-0.19
2019-06-24 23:50:25,-0.04
2019-06-24 23:52:24,-0.04
2019-06-24 23:52:42,-0.18
2019-06-24 23:53:37,0.03
2019-06-24 23:54:36,0.03
2019-06-24 23:54:45,-0.19
2019-06-24 23:55:40,0.03
2019-06-24 23:56:39,0.03
2019-06-24 23:57:21,-0.14
2019-06-24 23:59:21,-0.14
2019-06-24 23:59:22,-0.1
2019-06-25 00:02:22,-0.1
2019-06-25 00:02:55,0.03
2019-06-25 00:03:54,0.03
2019-06-25 00:04:31,-0.1
2019-06-25 00:08:30,-0.1
2019-06-25 00:09:08,0.01
2019-06-25 00:10:07,0.01
2019-06-25 00:10:58,-0.13
2019-06-25 00:12:58,-0.13
2019-06-25 00:13:54,0.01
2019-06-25 00:14:52,0.01
2019-06-25 00:15:34,-0.12
2019-06-25 00:17:32,-0.12
2019-06-25 00:18:26,0.02
2019-06-25 00:19:26,0.02
2019-06-25 00:19:50,-0.18
2019-06-25 00:20:49,-0.18
2019-06-25 00:20:55,0.01
2019-06-25 00:22:55,0.01
2019-06-25 00:23:06,-0.11
2019-06-25 00:26:05,-0.11
2019-06-25 00:26:07,-0.01
2019-06-25 00:27:06,-0.01
2019-06-25 00:27:56,-0.15
2019-06-25 00:29:55,-0.15
2019-06-25 00:30:49,0.04
2019-06-25 00:31:49,0.04
2019-06-25 00:32:04,-0.16
2019-06-25 00:33:04,-0.16
2019-06-25 00:33:31,-0.04
2019-06-25 00:37:30,-0.04
2019-06-25 00:37:41,-0.17
2019-06-25 00:38:40,-0.17
2019-06-25 00:39:04,-0.01
2019-06-25 00:41:02,-0.01
2019-06-25 00:41:15,-0.1
2019-06-25 00:45:14,-0.1
2019-06-25 00:45:23,0.05999999
2019-06-25 00:46:23,0.05999999
2019-06-25 00:46:47,0.02
2019-06-25 00:47:47,0.02
2019-06-25 00:48:27,-0.19
2019-06-25 00:49:26,-0.19
2019-06-25 00:49:30,-0.15
2019-06-25 00:50:30,-0.15
2019-06-25 00:50:55,0.02
2019-06-25 00:51:55,0.02
2019-06-25 00:52:35,-0.09
2019-06-25 00:58:34,-0.09
2019-06-25 00:58:42,0.02
2019-06-25 00:59:42,0.02
2019-06-25 01:00:21,-0.01
2019-06-25 01:02:21,-0.01
2019-06-25 01:03:13,-0.15
2019-06-25 01:04:13,-0.15
2019-06-25 01:04:40,0.04
2019-06-25 01:05:40,0.04
2019-06-25 01:06:10,-0.14
2019-06-25 01:07:09,-0.14
2019-06-25 01:07:36,0.02
2019-06-25 01:08:34,0.02
2019-06-25 01:08:56,-0.03
2019-06-25 01:09:54,-0.03
2019-06-25 01:10:31,-0.19
2019-06-25 01:11:30,-0.19
2019-06-25 01:11:39,0.03
2019-06-25 01:12:39,0.03
2019-06-25 01:12:56,-0.1
2019-06-25 01:15:55,-0.1
2019-06-25 01:16:28,0.0
2019-06-25 01:18:27,0.0
2019-06-25 01:19:18,-0.15
2019-06-25 01:20:18,-0.15
2019-06-25 01:20:42,0.0
2019-06-25 01:21:41,0.0
2019-06-25 01:21:50,-0.08
2019-06-25 01:31:49,-0.08
2019-06-25 01:32:00,0.03
2019-06-25 01:32:58,0.03
2019-06-25 01:33:01,-0.09
2019-06-25 01:38:00,-0.09
2019-06-25 01:38:11,0.0
2019-06-25 01:39:11,0.0
2019-06-25 01:40:11,-0.19
2019-06-25 01:41:11,-0.19
2019-06-25 01:41:30,-0.04
2019-06-25 01:58:30,-0.04
2019-06-25 01:59:21,-0.19
2019-06-25 02:00:21,-0.05
2019-06-25 02:07:20,-0.05
2019-06-25 02:08:06,-0.13
2019-06-25 02:09:06,-0.13
2019-06-25 02:09:28,0.03
2019-06-25 02:10:28,0.03
2019-06-25 02:11:00,-0.18
2019-06-25 02:11:59,-0.18
2019-06-25 02:12:41,0.05
2019-06-25 02:13:29,-0.14
2019-06-25 02:15:29,-0.14
2019-06-25 02:16:25,0.03
2019-06-25 02:17:24,0.03
2019-06-25 02:18:14,-0.12
2019-06-25 02:20:13,-0.12
2019-06-25 02:20:22,0.06999999
2019-06-25 02:21:21,0.06999999
2019-06-25 02:21:24,-0.05
2019-06-25 02:53:23,-0.05
2019-06-25 02:54:06,0.05
2019-06-25 02:54:50,-0.18
2019-06-25 02:55:49,-0.18
2019-06-25 02:56:00,-0.01
2019-06-25 02:57:59,-0.01
2019-06-25 02:58:56,-0.17
2019-06-25 02:59:55,-0.17
2019-06-25 03:00:36,0.05
2019-06-25 03:01:34,0.05
2019-06-25 03:02:07,-0.09
2019-06-25 03:04:06,-0.09
2019-06-25 03:04:58,0.05999999
2019-06-25 03:05:58,0.05999999
2019-06-25 03:06:22,0.04
2019-06-25 03:07:22,0.04
2019-06-25 03:08:03,-0.11
2019-06-25 03:11:02,-0.11
2019-06-25 03:11:26,0.06999999
2019-06-25 03:12:25,0.06999999
2019-06-25 03:12:39,-0.04
2019-06-25 03:25:39,-0.04
2019-06-25 03:26:36,0.08
2019-06-25 03:27:36,0.08
2019-06-25 03:27:47,-0.13
2019-06-25 03:28:46,-0.13
2019-06-25 03:29:08,0.11
2019-06-25 03:30:08,0.11
2019-06-25 03:30:09,-0.14
2019-06-25 03:31:08,-0.14
2019-06-25 03:31:28,0.08
2019-06-25 03:32:26,0.08
2019-06-25 03:32:47,-0.1
2019-06-25 03:35:46,-0.1
2019-06-25 03:36:02,0.05
2019-06-25 03:37:01,0.05
2019-06-25 03:37:27,-0.08
2019-06-25 03:38:25,-0.08
2019-06-25 03:39:06,0.0
2019-06-25 03:41:06,0.0
2019-06-25 03:41:49,-0.15
2019-06-25 03:42:48,-0.15
2019-06-25 03:43:04,0.0
2019-06-25 03:45:03,0.0
2019-06-25 03:45:22,-0.16
2019-06-25 03:46:04,0.05
2019-06-25 03:47:03,0.05
2019-06-25 03:47:37,-0.1
2019-06-25 03:48:37,-0.1
2019-06-25 03:48:52,0.06999999
2019-06-25 03:49:52,0.06999999
2019-06-25 03:50:19,-0.11
2019-06-25 03:51:18,-0.11
2019-06-25 03:52:11,0.01
2019-06-25 03:54:09,0.01
2019-06-25 03:54:16,-0.16
2019-06-25 03:55:15,-0.16
2019-06-25 03:55:20,0.05
2019-06-25 03:56:19,0.05
2019-06-25 03:56:54,-0.1
2019-06-25 03:59:53,-0.1
2019-06-25 04:00:01,0.05999999
2019-06-25 04:01:00,0.05999999
2019-06-25 04:01:22,-0.03
2019-06-25 04:10:21,-0.03
2019-06-25 04:10:53,-0.16
2019-06-25 04:11:52,-0.16
2019-06-25 04:12:04,0.04
2019-06-25 04:13:03,0.04
2019-06-25 04:13:50,-0.12
2019-06-25 04:15:49,-0.12
2019-06-25 04:16:22,0.04
2019-06-25 04:18:21,0.04
2019-06-25 04:18:24,-0.09
2019-06-25 04:19:23,-0.09
2019-06-25 04:20:09,0.08
2019-06-25 04:21:02,-0.03
2019-06-25 04:25:01,-0.03
2019-06-25 04:25:07,0.09999999
2019-06-25 04:26:06,0.09999999
2019-06-25 04:26:13,-0.02
2019-06-25 04:41:12,-0.02
2019-06-25 04:41:51,-0.14
2019-06-25 04:42:49,-0.14
2019-06-25 04:43:24,0.05
2019-06-25 04:44:23,0.05
2019-06-25 04:45:00,-0.11
2019-06-25 04:45:59,-0.11
2019-06-25 04:46:31,-0.08
2019-06-25 04:49:29,-0.08
2019-06-25 04:49:33,0.01
2019-06-25 04:53:32,0.01
2019-06-25 04:54:03,-0.11
2019-06-25 04:55:02,-0.11
2019-06-25 04:55:20,0.09999999
2019-06-25 04:56:19,0.09999999
2019-06-25 04:56:24,-0.17
2019-06-25 04:57:23,-0.17
2019-06-25 04:57:53,0.05999999
2019-06-25 04:59:53,0.05999999
2019-06-25 05:00:04,0.0
2019-06-25 05:04:03,0.0
2019-06-25 05:04:23,-0.15
2019-06-25 05:05:22,-0.15
2019-06-25 05:06:13,0.05
2019-06-25 05:07:11,0.05
2019-06-25 05:07:49,-0.02
2019-06-25 05:31:49,-0.02
2019-06-25 05:32:18,-0.15
2019-06-25 05:33:17,-0.15
2019-06-25 05:34:08,0.05999999
2019-06-25 05:35:06,0.05999999
2019-06-25 05:35:18,-0.14
2019-06-25 05:36:16,-0.14
2019-06-25 05:36:35,-0.03
2019-06-25 05:41:33,-0.03
2019-06-25 05:42:13,0.09999999
2019-06-25 05:43:12,0.09999999
2019-06-25 05:44:13,-0.14
2019-06-25 05:45:06,0.11
2019-06-25 05:45:59,-0.09
2019-06-25 05:47:58,-0.09
2019-06-25 05:48:45,0.06999999
2019-06-25 05:49:44,0.06999999
2019-06-25 05:50:29,-0.12
2019-06-25 05:52:28,-0.12
2019-06-25 05:52:35,-0.06
2019-06-25 05:55:34,-0.06
2019-06-25 05:55:50,0.05
2019-06-25 05:56:50,0.05
2019-06-25 05:57:47,-0.08
2019-06-25 05:58:46,-0.08
2019-06-25 05:59:08,0.03
2019-06-25 06:01:07,0.03
2019-06-25 06:02:04,-0.08
2019-06-25 06:04:03,-0.08
2019-06-25 06:04:07,0.05
2019-06-25 06:05:06,0.05
2019-06-25 06:06:07,-0.08
2019-06-25 06:07:06,-0.08
2019-06-25 06:07:41,0.09999999
2019-06-25 06:08:40,0.09999999
2019-06-25 06:08:58,-0.09
2019-06-25 06:10:57,-0.09
2019-06-25 06:11:02,0.01
2019-06-25 06:17:00,0.01
2019-06-25 06:17:02,-0.11
2019-06-25 06:18:01,-0.11
2019-06-25 06:18:20,0.04
2019-06-25 06:20:19,0.04
2019-06-25 06:20:51,-0.09
2019-06-25 06:21:50,-0.09
2019-06-25 06:22:33,0.06999999
2019-06-25 06:24:32,0.06999999
2019-06-25 06:24:53,-0.1
2019-06-25 06:25:52,-0.1
2019-06-25 06:26:19,0.12
2019-06-25 06:27:18,-0.11
2019-06-25 06:28:17,-0.11
2019-06-25 06:28:42,0.06999999
2019-06-25 06:29:41,0.06999999
2019-06-25 06:30:23,-0.14
2019-06-25 06:31:22,-0.14
2019-06-25 06:31:41,0.04
2019-06-25 06:32:39,0.04
2019-06-25 06:33:29,-0.04
2019-06-25 06:35:28,-0.04
2019-06-25 06:36:16,0.03
2019-06-25 06:38:15,0.03
2019-06-25 06:38:51,-0.13
2019-06-25 06:39:50,-0.13
2019-06-25 06:40:02,0.09999999
2019-06-25 06:41:00,0.09999999
2019-06-25 06:41:04,-0.07000001
2019-06-25 06:43:02,-0.07000001
2019-06-25 06:43:37,0.05999999
2019-06-25 06:45:35,0.05999999
2019-06-25 06:45:49,-0.09
2019-06-25 06:46:48,-0.09
2019-06-25 06:47:22,0.08999999
2019-06-25 06:48:21,0.08999999
2019-06-25 06:48:51,-0.1
2019-06-25 06:49:49,-0.1
2019-06-25 06:49:59,0.09999999
2019-06-25 06:50:57,0.09999999
2019-06-25 06:51:03,-0.13
2019-06-25 06:53:01,-0.13
2019-06-25 06:53:37,0.06999999
2019-06-25 06:54:36,0.06999999
2019-06-25 06:55:20,-0.03
2019-06-25 06:59:20,-0.03
2019-06-25 07:00:18,0.09999999
2019-06-25 07:01:17,0.09999999
2019-06-25 07:01:28,-0.09
2019-06-25 07:02:26,-0.09
2019-06-25 07:03:06,0.05
2019-06-25 07:04:05,0.05
2019-06-25 07:04:14,-0.13
2019-06-25 07:05:08,0.13
2019-06-25 07:06:01,-0.11
2019-06-25 07:06:59,-0.11
2019-06-25 07:07:25,-0.07000001
2019-06-25 07:11:23,-0.07000001
2019-06-25 07:11:31,0.09999999
2019-06-25 07:12:30,0.09999999
2019-06-25 07:12:51,-0.11
2019-06-25 07:13:49,-0.11
2019-06-25 07:14:20,-0.02
2019-06-25 07:21:19,-0.02
2019-06-25 07:21:53,0.05999999
2019-06-25 07:22:52,0.05999999
2019-06-25 07:23:35,0.0
2019-06-25 07:27:33,0.0
2019-06-25 07:28:34,-0.15
2019-06-25 07:29:33,-0.15
2019-06-25 07:29:37,0.08999999
2019-06-25 07:30:25,-0.11
2019-06-25 07:31:24,-0.11
2019-06-25 07:31:26,0.08999999
2019-06-25 07:32:25,0.08999999
2019-06-25 07:32:42,-0.1
2019-06-25 07:33:40,-0.1
2019-06-25 07:34:20,0.11
2019-06-25 07:35:19,0.11
2019-06-25 07:35:27,-0.02
2019-06-25 07:53:26,-0.02
2019-06-25 07:54:18,0.05999999
2019-06-25 07:56:17,0.05999999
2019-06-25 07:56:23,-0.13
2019-06-25 07:57:21,-0.13
2019-06-25 07:57:49,0.09999999
2019-06-25 07:58:33,-0.05
2019-06-25 08:01:31,-0.05
2019-06-25 08:02:19,0.08
2019-06-25 08:03:18,0.08
2019-06-25 08:04:01,-0.14
2019-06-25 08:04:59,-0.14
2019-06-25 08:05:15,0.03
2019-06-25 08:07:14,0.03
2019-06-25 08:07:54,-0.13
2019-06-25 08:08:53,-0.13
2019-06-25 08:08:58,0.05
2019-06-25 08:09:57,0.05
2019-06-25 08:10:48,-0.06
2019-06-25 08:13:46,-0.06
2019-06-25 08:14:04,0.09999999
2019-06-25 08:15:03,0.09999999
2019-06-25 08:15:14,-0.11
2019-06-25 08:16:14,-0.11
2019-06-25 08:16:27,0.09999999
2019-06-25 08:17:26,0.09999999
2019-06-25 08:17:41,0.05
2019-06-25 08:18:41,0.05
2019-06-25 08:19:01,-0.1
2019-06-25 08:19:59,-0.1
2019-06-25 08:20:25,0.05999999
2019-06-25 08:21:25,0.05999999
2019-06-25 08:21:50,-0.15
2019-06-25 08:22:48,-0.15
2019-06-25 08:23:00,-0.1
2019-06-25 08:23:58,-0.1
2019-06-25 08:24:38,0.05
2019-06-25 08:25:37,0.05
2019-06-25 08:26:34,-0.1
2019-06-25 08:27:32,-0.1
2019-06-25 08:28:10,0.05999999
2019-06-25 08:29:08,0.05999999
2019-06-25 08:29:57,-0.05
2019-06-25 08:32:55,-0.05
2019-06-25 08:33:18,0.05
2019-06-25 08:34:16,0.05
2019-06-25 08:34:53,-0.02
2019-06-25 09:05:52,-0.02
2019-06-25 09:06:27,-0.06
2019-06-25 09:07:26,-0.06
2019-06-25 09:08:19,0.09999999
2019-06-25 09:09:18,0.09999999
2019-06-25 09:09:20,-0.11
2019-06-25 09:11:19,-0.11
2019-06-25 09:11:22,0.05999999
2019-06-25 09:12:20,0.05999999
2019-06-25 09:13:15,-0.14
2019-06-25 09:14:14,-0.14
2019-06-25 09:14:39,-0.04
2019-06-25 09:18:38,-0.04
2019-06-25 09:18:46,0.06999999
2019-06-25 09:19:44,0.06999999
2019-06-25 09:20:12,-0.14
2019-06-25 09:21:05,0.09999999
2019-06-25 09:22:03,0.09999999
2019-06-25 09:22:11,0.03
2019-06-25 09:24:10,0.03
2019-06-25 09:24:46,-0.14
2019-06-25 09:25:46,-0.14
2019-06-25 09:25:57,-0.09
2019-06-25 09:27:55,-0.09
2019-06-25 09:28:06,0.04
2019-06-25 09:29:06,0.04
2019-06-25 09:30:05,-0.11
2019-06-25 09:31:04,-0.11
2019-06-25 09:31:20,0.08
2019-06-25 09:32:18,0.08
2019-06-25 09:32:36,-0.15
2019-06-25 09:33:26,0.04
2019-06-25 09:35:25,0.04
2019-06-25 09:35:45,-0.15
2019-06-25 09:36:43,-0.15
2019-06-25 09:36:52,-0.07000001
2019-06-25 09:38:51,-0.07000001
2019-06-25 09:39:34,0.06999999
2019-06-25 09:40:32,0.06999999
2019-06-25 09:40:58,-0.1
2019-06-25 09:41:56,-0.1
2019-06-25 09:42:51,0.04
2019-06-25 09:44:50,0.04
2019-06-25 09:45:15,-0.11
2019-06-25 09:46:14,-0.11
2019-06-25 09:46:39,0.05999999
2019-06-25 09:48:38,0.05999999
2019-06-25 09:48:42,-0.15
2019-06-25 09:49:39,0.08
2019-06-25 09:50:38,0.08
2019-06-25 09:51:13,-0.09
2019-06-25 09:53:12,-0.09
2019-06-25 09:53:19,0.05
2019-06-25 09:54:18,0.05
2019-06-25 09:54:47,-0.07000001
2019-06-25 09:56:45,-0.07000001
2019-06-25 09:57:44,0.0
2019-06-25 10:01:43,0.0
2019-06-25 10:02:19,-0.11
2019-06-25 10:03:18,-0.11
2019-06-25 10:03:29,0.06999999
2019-06-25 10:04:27,0.06999999
2019-06-25 10:04:36,-0.09
2019-06-25 10:06:34,-0.09
2019-06-25 10:07:01,0.03
2019-06-25 10:08:00,0.03
2019-06-25 10:08:49,-0.15
2019-06-25 10:09:48,-0.15
2019-06-25 10:09:58,0.05
2019-06-25 10:10:56,0.05
2019-06-25 10:11:04,-0.15
2019-06-25 10:12:03,-0.15
2019-06-25 10:12:14,0.05999999
2019-06-25 10:13:13,0.05999999
2019-06-25 10:13:58,-0.02
2019-06-25 10:21:56,-0.02
2019-06-25 10:22:07,-0.13
2019-06-25 10:23:06,-0.13
2019-06-25 10:23:38,0.0
2019-06-25 10:24:37,0.0
2019-06-25 10:25:21,-0.17
2019-06-25 10:26:18,-0.17
2019-06-25 10:26:25,0.04
2019-06-25 10:27:24,0.04
2019-06-25 10:27:34,-0.12
2019-06-25 10:29:32,-0.12
2019-06-25 10:29:38,0.04
2019-06-25 10:30:37,0.04
2019-06-25 10:30:52,-0.09
2019-06-25 10:35:51,-0.09
2019-06-25 10:36:26,-0.03
2019-06-25 10:41:25,-0.03
2019-06-25 10:41:59,-0.15
2019-06-25 10:42:56,-0.15
2019-06-25 10:43:14,0.01
2019-06-25 10:45:13,0.01
2019-06-25 10:45:28,-0.11
2019-06-25 10:47:27,-0.11
2019-06-25 10:47:56,0.02
2019-06-25 10:48:55,0.02
2019-06-25 10:49:24,-0.14
2019-06-25 10:51:23,-0.14
2019-06-25 10:51:43,0.0
2019-06-25 10:54:42,0.0
2019-06-25 10:55:15,-0.12
2019-06-25 10:56:13,-0.12
2019-06-25 10:56:46,-0.08
2019-06-25 11:00:45,-0.08
2019-06-25 11:00:54,0.04
2019-06-25 11:02:52,0.04
2019-06-25 11:03:05,-0.15
2019-06-25 11:04:04,-0.15
2019-06-25 11:04:51,0.02
2019-06-25 11:05:49,0.02
2019-06-25 11:06:07,-0.15
2019-06-25 11:06:55,0.02
2019-06-25 11:08:54,0.02
2019-06-25 11:08:57,-0.02
2019-06-25 11:10:55,-0.02
2019-06-25 11:11:51,-0.09
2019-06-25 11:15:50,-0.09
2019-06-25 11:16:01,0.01
2019-06-25 11:17:00,0.01
2019-06-25 11:17:42,-0.02
2019-06-25 11:20:40,-0.02
2019-06-25 11:21:21,-0.13
2019-06-25 11:23:20,-0.13
2019-06-25 11:23:46,0.01
2019-06-25 11:24:45,0.01
2019-06-25 11:25:22,-0.18
2019-06-25 11:26:21,-0.18
2019-06-25 11:27:08,-0.12
2019-06-25 11:30:06,-0.12
2019-06-25 11:30:15,-0.08
2019-06-25 11:59:14,-0.08
2019-06-25 11:59:56,-0.1
2019-06-25 12:10:55,-0.1
2019-06-25 12:11:27,-0.02
2019-06-25 12:12:26,-0.02
2019-06-25 12:13:07,-0.19
2019-06-25 12:15:06,-0.19
2019-06-25 12:15:08,-0.15
2019-06-25 12:18:07,-0.15
2019-06-25 12:18:42,0.0
2019-06-25 12:19:40,0.0
2019-06-25 12:20:25,-0.15
2019-06-25 12:22:23,-0.15
2019-06-25 12:23:00,-0.02
2019-06-25 12:23:59,-0.02
2019-06-25 12:24:23,-0.22
2019-06-25 12:25:21,-0.22
2019-06-25 12:25:28,-0.02
2019-06-25 12:27:28,-0.02
2019-06-25 12:28:00,-0.15
2019-06-25 12:28:58,-0.15
2019-06-25 12:29:40,0.0
2019-06-25 12:30:38,0.0
2019-06-25 12:31:15,-0.2
2019-06-25 12:32:13,-0.2
2019-06-25 12:32:26,-0.12
2019-06-25 12:39:25,-0.12
2019-06-25 12:40:15,-0.03
2019-06-25 12:41:13,-0.03
2019-06-25 12:41:58,-0.22
2019-06-25 12:42:57,-0.22
2019-06-25 12:43:14,-0.08
2019-06-25 12:51:12,-0.08
2019-06-25 12:51:47,-0.19
2019-06-25 12:52:46,-0.19
2019-06-25 12:52:56,-0.06
2019-06-25 12:55:54,-0.06
2019-06-25 12:56:03,-0.19
2019-06-25 12:57:03,-0.19
2019-06-25 12:57:53,-0.01
2019-06-25 12:58:52,-0.01
2019-06-25 12:59:23,-0.09
2019-06-25 13:07:22,-0.09
2019-06-25 13:08:08,-0.16
2019-06-25 13:10:06,-0.16
2019-06-25 13:10:44,0.01
2019-06-25 13:11:42,0.01
2019-06-25 13:12:11,-0.2
2019-06-25 13:13:11,-0.2
2019-06-25 13:13:37,-0.03
2019-06-25 13:14:36,-0.03
2019-06-25 13:15:16,-0.2
2019-06-25 13:16:14,-0.2
2019-06-25 13:16:53,-0.04
2019-06-25 13:17:52,-0.04
2019-06-25 13:18:26,-0.15
2019-06-25 13:21:26,-0.15
2019-06-25 13:21:36,-0.03
2019-06-25 13:22:36,-0.03
2019-06-25 13:23:33,-0.23
2019-06-25 13:24:19,-0.04
2019-06-25 13:26:17,-0.04
2019-06-25 13:26:26,-0.13
2019-06-25 13:29:25,-0.13
2019-06-25 13:30:17,0.01
2019-06-25 13:31:15,0.01
2019-06-25 13:31:35,-0.19
2019-06-25 13:32:33,-0.19
2019-06-25 13:33:08,-0.06
2019-06-25 13:36:07,-0.06
2019-06-25 13:36:39,-0.11
2019-06-25 13:40:37,-0.11
2019-06-25 13:41:29,0.0
2019-06-25 13:42:27,0.0
2019-06-25 13:42:31,-0.04
2019-06-25 13:44:29,-0.04
2019-06-25 13:45:29,-0.18
2019-06-25 13:46:27,-0.18
2019-06-25 13:47:22,-0.04
2019-06-25 13:48:22,-0.04
2019-06-25 13:48:59,-0.19
2019-06-25 13:49:58,-0.19
2019-06-25 13:50:56,-0.07000001
2019-06-25 13:53:54,-0.07000001
2019-06-25 13:54:09,-0.2
2019-06-25 13:55:07,-0.2
2019-06-25 13:55:35,-0.16
2019-06-25 13:59:34,-0.16
2019-06-25 13:59:43,-0.05
2019-06-25 14:01:42,-0.05
2019-06-25 14:01:49,-0.19
2019-06-25 14:02:47,-0.19
2019-06-25 14:03:22,-0.07000001
2019-06-25 14:05:20,-0.07000001
2019-06-25 14:05:40,-0.2
2019-06-25 14:06:38,-0.2
2019-06-25 14:06:59,-0.13
2019-06-25 14:13:58,-0.13
2019-06-25 14:14:56,-0.02
2019-06-25 14:15:54,-0.02
2019-06-25 14:16:19,-0.09
2019-06-25 14:18:17,-0.09
2019-06-25 14:18:29,-0.25
2019-06-25 14:19:27,-0.25
2019-06-25 14:19:45,-0.03
2019-06-25 14:21:45,-0.03
2019-06-25 14:21:54,-0.13
2019-06-25 14:26:52,-0.13
2019-06-25 14:27:22,0.0
2019-06-25 14:28:20,-0.25
2019-06-25 14:29:18,-0.25
2019-06-25 14:29:22,-0.03
2019-06-25 14:30:20,-0.03
2019-06-25 14:30:52,-0.19
2019-06-25 14:31:51,-0.19
2019-06-25 14:32:48,-0.04
2019-06-25 14:33:46,-0.04
2019-06-25 14:34:42,-0.05
2019-06-25 14:36:41,-0.05
2019-06-25 14:37:03,-0.16
2019-06-25 14:40:02,-0.16
2019-06-25 14:40:08,-0.05
2019-06-25 14:43:06,-0.05
2019-06-25 14:43:11,-0.14
2019-06-25 14:50:09,-0.14
2019-06-25 14:50:39,-0.05
2019-06-25 14:51:38,-0.05
2019-06-25 14:52:24,-0.15
2019-06-25 14:55:22,-0.15
2019-06-25 14:55:48,-0.03
2019-06-25 14:56:46,-0.03
2019-06-25 14:57:15,-0.13
2019-06-25 15:31:13,-0.13
2019-06-25 15:32:12,-0.09
2019-06-25 15:36:11,-0.09
2019-06-25 15:36:42,-0.13
2019-06-25 15:50:40,-0.13
2019-06-25 15:50:46,-0.07000001
2019-06-25 15:55:44,-0.07000001
2019-06-25 15:56:01,-0.21
2019-06-25 15:56:59,-0.01
2019-06-25 15:57:58,-0.01
2019-06-25 15:58:25,-0.2
2019-06-25 15:59:24,-0.2
2019-06-25 15:59:46,-0.16
2019-06-25 16:01:44,-0.16
2019-06-25 16:02:34,-0.05
2019-06-25 16:04:32,-0.05
2019-06-25 16:05:06,-0.14
2019-06-25 16:10:05,-0.14
2019-06-25 16:10:42,-0.03
2019-06-25 16:11:40,-0.03
2019-06-25 16:12:24,-0.21
2019-06-25 16:14:22,-0.21
2019-06-25 16:14:38,-0.04
2019-06-25 16:15:37,-0.04
2019-06-25 16:16:27,-0.19
2019-06-25 16:17:25,-0.19
2019-06-25 16:17:35,-0.04
2019-06-25 16:18:34,-0.04
2019-06-25 16:19:33,-0.2
2019-06-25 16:20:32,-0.2
2019-06-25 16:21:26,-0.04
2019-06-25 16:22:24,-0.04
2019-06-25 16:23:09,-0.19
2019-06-25 16:24:08,-0.19
2019-06-25 16:24:23,-0.02
2019-06-25 16:25:22,-0.02
2019-06-25 16:25:47,-0.19
2019-06-25 16:26:46,-0.19
2019-06-25 16:27:14,-0.02
2019-06-25 16:28:13,-0.02
2019-06-25 16:28:52,-0.14
2019-06-25 16:33:50,-0.14
2019-06-25 16:34:18,0.01
2019-06-25 16:35:15,0.01
2019-06-25 16:35:41,-0.19
2019-06-25 16:36:39,-0.19
2019-06-25 16:37:09,0.01
2019-06-25 16:38:07,0.01
2019-06-25 16:38:44,-0.1
2019-06-25 16:47:41,-0.1
2019-06-25 16:48:10,0.01
2019-06-25 16:49:09,0.01
2019-06-25 16:50:04,-0.03
2019-06-25 16:52:03,-0.03
2019-06-25 16:52:41,-0.16
2019-06-25 16:54:39,-0.16
2019-06-25 16:54:57,-0.03
2019-06-25 16:58:55,-0.03
2019-06-25 16:59:12,-0.15
2019-06-25 17:00:09,-0.15
2019-06-25 17:01:07,-0.02
2019-06-25 17:02:05,-0.02
2019-06-25 17:02:48,-0.13
2019-06-25 17:05:46,-0.13
2019-06-25 17:05:50,-0.02
2019-06-25 17:06:49,-0.02
2019-06-25 17:07:07,-0.23
2019-06-25 17:08:06,-0.23
2019-06-25 17:08:24,-0.04
2019-06-25 17:10:23,-0.04
2019-06-25 17:10:53,-0.14
2019-06-25 17:14:52,-0.14
2019-06-25 17:14:54,-0.03
2019-06-25 17:17:52,-0.03
2019-06-25 17:18:00,-0.18
2019-06-25 17:18:59,-0.18
2019-06-25 17:19:42,-0.01
2019-06-25 17:20:41,-0.01
2019-06-25 17:21:18,-0.05
2019-06-25 17:23:15,-0.05
2019-06-25 17:23:46,-0.18
2019-06-25 17:24:44,-0.18
2019-06-25 17:24:58,0.0
2019-06-25 17:25:56,0.0
2019-06-25 17:26:27,-0.16
2019-06-25 17:28:25,-0.16
2019-06-25 17:28:31,-0.03
2019-06-25 17:29:30,-0.03
2019-06-25 17:30:31,-0.13
2019-06-25 17:33:29,-0.13
2019-06-25 17:34:15,0.01
2019-06-25 17:35:13,0.01
2019-06-25 17:35:43,-0.12
2019-06-25 17:38:42,-0.12
2019-06-25 17:39:22,-0.02
2019-06-25 17:40:21,-0.02
2019-06-25 17:41:21,-0.18
2019-06-25 17:42:20,-0.18
2019-06-25 17:42:57,-0.07000001
2019-06-25 17:47:56,-0.07000001
2019-06-25 17:48:38,-0.18
2019-06-25 17:49:36,-0.18
2019-06-25 17:50:10,-0.12
2019-06-25 17:54:08,-0.12
2019-06-25 17:54:24,0.01
2019-06-25 17:55:21,0.01
2019-06-25 17:55:23,-0.2
2019-06-25 17:56:22,-0.2
2019-06-25 17:56:52,-0.01
2019-06-25 17:57:51,-0.01
2019-06-25 17:58:37,-0.17
2019-06-25 17:59:36,-0.17
2019-06-25 18:00:24,-0.04
2019-06-25 18:02:23,-0.04
2019-06-25 18:03:10,-0.13
2019-06-25 18:05:08,-0.13
2019-06-25 18:06:06,-0.06
2019-06-25 18:10:05,-0.06
2019-06-25 18:10:10,-0.15
2019-06-25 18:11:07,-0.15
2019-06-25 18:11:36,0.01
2019-06-25 18:12:34,0.01
2019-06-25 18:12:53,-0.15
2019-06-25 18:14:52,-0.15
2019-06-25 18:15:08,-0.02
2019-06-25 18:16:06,-0.02
2019-06-25 18:16:54,-0.03
2019-06-25 18:18:52,-0.03
2019-06-25 18:19:00,-0.23
2019-06-25 18:19:58,-0.23
2019-06-25 18:20:21,-0.06
2019-06-25 18:24:20,-0.06
2019-06-25 18:25:01,-0.09
2019-06-25 19:16:59,-0.09
2019-06-25 19:17:01,0.02
2019-06-25 19:18:00,0.02
2019-06-25 19:18:29,-0.18
2019-06-25 19:19:27,-0.18
2019-06-25 19:19:50,-0.04
2019-06-25 19:25:48,-0.04
2019-06-25 19:26:36,-0.12
2019-06-25 19:28:34,-0.12
2019-06-25 19:28:51,-0.06
2019-06-25 19:33:50,-0.06
2019-06-25 19:34:43,-0.13
2019-06-25 19:36:41,-0.13
2019-06-25 19:36:54,0.01
2019-06-25 19:37:52,0.01
2019-06-25 19:38:32,-0.17
2019-06-25 19:39:30,-0.17
2019-06-25 19:39:41,0.01
2019-06-25 19:40:40,0.01
2019-06-25 19:41:22,-0.11
2019-06-25 19:45:20,-0.11
2019-06-25 19:45:29,-0.02
2019-06-25 19:47:26,-0.02
2019-06-25 19:48:03,-0.17
2019-06-25 19:49:01,-0.17
2019-06-25 19:49:40,0.03
2019-06-25 19:50:38,0.03
2019-06-25 19:50:58,-0.14
2019-06-25 19:52:56,-0.14
2019-06-25 19:53:51,-0.07000001
2019-06-25 20:05:48,-0.07000001
2019-06-25 20:06:19,0.03
2019-06-25 20:07:18,0.03
2019-06-25 20:07:59,-0.09
2019-06-25 20:14:57,-0.09
2019-06-25 20:15:19,0.02
2019-06-25 20:16:17,0.02
2019-06-25 20:16:51,-0.13
2019-06-25 20:18:49,-0.13
2019-06-25 20:18:56,-0.05
2019-06-25 20:22:54,-0.05
2019-06-25 20:23:15,-0.1
2019-06-25 20:24:14,-0.1
2019-06-25 20:24:43,0.05
2019-06-25 20:25:41,0.05
2019-06-25 20:26:00,-0.19
2019-06-25 20:26:58,-0.19
2019-06-25 20:27:20,0.02
2019-06-25 20:28:18,0.02
2019-06-25 20:28:45,-0.13
2019-06-25 20:30:43,-0.13
2019-06-25 20:30:53,0.01
2019-06-25 20:31:52,0.01
2019-06-25 20:32:24,-0.15
2019-06-25 20:33:22,-0.15
2019-06-25 20:34:17,-0.02
2019-06-25 20:37:15,-0.02
2019-06-25 20:37:57,-0.17
2019-06-25 20:38:56,-0.17
2019-06-25 20:39:18,0.01
2019-06-25 20:40:16,0.01
2019-06-25 20:41:18,-0.12
2019-06-25 20:43:16,-0.12
2019-06-25 20:43:56,0.04
2019-06-25 20:44:54,0.04
2019-06-25 20:45:29,-0.14
2019-06-25 20:46:27,-0.14
2019-06-25 20:47:20,0.0
2019-06-25 20:49:18,0.0
2019-06-25 20:49:41,-0.14
2019-06-25 20:50:39,-0.14
2019-06-25 20:51:31,0.01
2019-06-25 20:53:29,0.01
2019-06-25 20:53:57,-0.14
2019-06-25 20:54:54,-0.14
2019-06-25 20:55:37,-0.01
2019-06-25 20:57:36,-0.01
2019-06-25 20:58:28,-0.16
2019-06-25 21:00:25,-0.16
2019-06-25 21:00:52,-0.06
2019-06-25 21:07:51,-0.06
2019-06-25 21:08:44,-0.14
2019-06-25 21:10:43,-0.14
2019-06-25 21:11:22,0.01
2019-06-25 21:12:20,0.01
2019-06-25 21:12:57,-0.16
2019-06-25 21:13:55,-0.16
2019-06-25 21:14:28,-0.03
2019-06-25 21:19:25,-0.03
2019-06-25 21:19:41,-0.16
2019-06-25 21:20:39,-0.16
2019-06-25 21:21:07,-0.06
2019-06-25 21:33:05,-0.06
2019-06-25 21:33:14,-0.16
2019-06-25 21:34:12,-0.16
2019-06-25 21:34:50,0.0
2019-06-25 21:35:48,0.0
2019-06-25 21:36:32,-0.11
2019-06-25 21:38:30,-0.11
2019-06-25 21:39:19,0.0
2019-06-25 21:41:18,0.0
2019-06-25 21:42:12,-0.1
2019-06-25 21:45:10,-0.1
2019-06-25 21:45:14,0.0
2019-06-25 21:47:11,0.0
2019-06-25 21:47:26,-0.05
2019-06-25 21:57:25,-0.05
2019-06-25 21:58:06,-0.17
2019-06-25 21:59:04,-0.17
2019-06-25 21:59:20,0.05
2019-06-25 22:00:18,0.05
2019-06-25 22:00:43,-0.03
2019-06-25 22:02:41,-0.03
2019-06-25 22:02:44,-0.15
2019-06-25 22:03:43,-0.15
2019-06-25 22:03:45,-0.02
2019-06-25 22:07:43,-0.02
2019-06-25 22:08:31,-0.17
2019-06-25 22:09:29,-0.17
2019-06-25 22:09:56,-0.03
2019-06-25 22:14:55,-0.03
2019-06-25 22:15:44,-0.14
2019-06-25 22:16:41,-0.14
2019-06-25 22:17:30,0.03
2019-06-25 22:18:28,0.03
2019-06-25 22:19:09,-0.17
2019-06-25 22:20:07,-0.17
2019-06-25 22:20:14,-0.03
2019-06-25 22:27:13,-0.03
2019-06-25 22:28:06,-0.14
2019-06-25 22:29:03,-0.14
2019-06-25 22:30:01,-0.02
2019-06-25 22:36:59,-0.02
2019-06-25 22:37:07,-0.17
2019-06-25 22:38:05,-0.17
2019-06-25 22:38:14,-0.01
2019-06-25 22:41:12,-0.01
2019-06-25 22:41:32,-0.13
2019-06-25 22:42:31,-0.13
2019-06-25 22:43:17,0.05
2019-06-25 22:44:15,0.05
2019-06-25 22:44:49,-0.1
2019-06-25 22:47:47,-0.1
2019-06-25 22:48:30,0.05
2019-06-25 22:49:28,0.05
2019-06-25 22:50:17,-0.09
2019-06-25 22:54:15,-0.09
2019-06-25 22:54:58,0.05
2019-06-25 22:55:56,0.05
2019-06-25 22:56:18,-0.1
2019-06-25 22:58:16,-0.1
2019-06-25 22:58:30,-0.01
2019-06-25 23:01:28,-0.01
2019-06-25 23:01:58,-0.15
2019-06-25 23:02:56,-0.15
2019-06-25 23:03:06,-0.01
2019-06-25 23:06:04,-0.01
2019-06-25 23:06:58,-0.16
2019-06-25 23:07:55,-0.16
2019-06-25 23:08:02,0.05
2019-06-25 23:09:00,0.05
2019-06-25 23:09:34,-0.15
2019-06-25 23:10:32,-0.15
2019-06-25 23:10:49,-0.02
2019-06-25 23:21:48,-0.02
2019-06-25 23:22:14,-0.13
2019-06-25 23:23:12,-0.13
2019-06-25 23:23:49,0.05
2019-06-25 23:25:47,0.05
2019-06-25 23:26:00,-0.13
2019-06-25 23:26:58,-0.13
2019-06-25 23:27:05,-0.03
2019-06-25 23:42:03,-0.03
2019-06-25 23:43:02,-0.11
2019-06-25 23:44:00,-0.11
2019-06-25 23:44:40,-0.03
2019-06-25 23:54:38,-0.03
2019-06-25 23:55:18,-0.08
2019-06-25 23:58:16,-0.08
2019-06-25 23:59:16,0.03
2019-06-26 00:00:14,0.03
2019-06-26 00:00:52,-0.09
2019-06-26 00:03:49,-0.09
2019-06-26 00:04:28,0.03
2019-06-26 00:06:25,0.03
2019-06-26 00:06:29,-0.14
2019-06-26 00:07:27,-0.14
2019-06-26 00:07:59,0.02
2019-06-26 00:08:57,0.02
2019-06-26 00:09:26,-0.14
2019-06-26 00:10:24,-0.14
2019-06-26 00:11:02,-0.01
2019-06-26 00:19:00,-0.01
2019-06-26 00:19:04,-0.18
2019-06-26 00:20:01,-0.18
2019-06-26 00:20:39,0.05
2019-06-26 00:22:37,0.05
2019-06-26 00:22:53,-0.09
2019-06-26 00:25:51,-0.09
2019-06-26 00:26:00,0.05999999
2019-06-26 00:26:54,-0.18
2019-06-26 00:27:52,-0.18
2019-06-26 00:28:38,0.0
2019-06-26 00:30:35,0.0
2019-06-26 00:31:30,-0.11
2019-06-26 00:32:28,-0.11
2019-06-26 00:33:07,0.05
2019-06-26 00:34:05,0.05
2019-06-26 00:34:28,-0.02
2019-06-26 00:37:26,-0.02
2019-06-26 00:38:02,-0.04
2019-06-26 00:46:00,-0.04
2019-06-26 00:46:25,-0.15
2019-06-26 00:47:24,-0.15
2019-06-26 00:47:43,0.01
2019-06-26 00:48:41,0.01
2019-06-26 00:49:41,-0.11
2019-06-26 00:52:39,-0.11
2019-06-26 00:53:19,0.06999999
2019-06-26 00:54:17,0.06999999
2019-06-26 00:54:32,-0.14
2019-06-26 00:55:30,-0.14
2019-06-26 00:56:03,0.05
2019-06-26 00:57:01,0.05
2019-06-26 00:57:28,-0.12
2019-06-26 00:59:27,-0.12
2019-06-26 01:00:24,0.05
2019-06-26 01:01:22,0.05
2019-06-26 01:01:24,-0.16
2019-06-26 01:02:22,-0.16
2019-06-26 01:02:40,0.05999999
2019-06-26 01:03:38,0.05999999
2019-06-26 01:04:34,-0.02
2019-06-26 01:11:32,-0.02
2019-06-26 01:12:09,-0.11
2019-06-26 01:14:07,-0.11
2019-06-26 01:14:34,0.06999999
2019-06-26 01:15:32,0.06999999
2019-06-26 01:16:03,-0.14
2019-06-26 01:17:01,-0.14
2019-06-26 01:17:17,0.03
2019-06-26 01:18:15,0.03
2019-06-26 01:19:01,-0.1
2019-06-26 01:19:58,-0.1
2019-06-26 01:20:53,0.02
2019-06-26 01:21:51,0.02
2019-06-26 01:22:44,-0.1
2019-06-26 01:24:43,-0.1
2019-06-26 01:25:36,-0.01
2019-06-26 01:26:34,-0.01
2019-06-26 01:27:00,-0.1
2019-06-26 01:29:58,-0.1
2019-06-26 01:30:03,0.02
2019-06-26 01:31:00,0.02
2019-06-26 01:31:49,-0.08
2019-06-26 01:36:47,-0.08
2019-06-26 01:36:58,0.05
2019-06-26 01:37:56,0.05
2019-06-26 01:38:20,-0.13
2019-06-26 01:39:18,-0.13
2019-06-26 01:40:04,0.01
2019-06-26 01:42:02,0.01
2019-06-26 01:42:52,-0.09
2019-06-26 01:45:51,-0.09
2019-06-26 01:46:14,-0.01
2019-06-26 01:49:12,-0.01
2019-06-26 01:49:38,-0.11
2019-06-26 01:51:36,-0.11
2019-06-26 01:52:14,0.03
2019-06-26 01:53:12,0.03
2019-06-26 01:54:03,-0.14
2019-06-26 01:55:01,-0.14
2019-06-26 01:55:47,0.0
2019-06-26 01:57:45,0.0
2019-06-26 01:58:42,-0.17
2019-06-26 01:59:34,0.08999999
2019-06-26 02:00:32,0.08999999
2019-06-26 02:00:53,0.01
2019-06-26 02:04:51,0.01
2019-06-26 02:05:33,-0.12
2019-06-26 02:06:31,-0.12
2019-06-26 02:07:03,0.05
2019-06-26 02:08:01,0.05
2019-06-26 02:08:12,-0.14
2019-06-26 02:10:09,-0.14
2019-06-26 02:10:33,0.05
2019-06-26 02:12:32,0.05
2019-06-26 02:13:24,-0.07000001
2019-06-26 02:22:22,-0.07000001
2019-06-26 02:22:42,0.05
2019-06-26 02:23:39,0.05
2019-06-26 02:23:59,-0.16
2019-06-26 02:24:58,-0.16
2019-06-26 02:25:13,0.05999999
2019-06-26 02:26:11,0.05999999
2019-06-26 02:26:44,-0.12
2019-06-26 02:27:42,-0.12
2019-06-26 02:28:28,-0.05
2019-06-26 02:36:26,-0.05
2019-06-26 02:37:12,0.08
2019-06-26 02:38:10,0.08
2019-06-26 02:38:25,-0.19
2019-06-26 02:39:09,0.02
2019-06-26 02:42:07,0.02
2019-06-26 02:42:15,-0.04
2019-06-26 02:58:13,-0.04
2019-06-26 02:59:00,-0.14
2019-06-26 03:00:00,0.05999999
2019-06-26 03:00:58,0.05999999
2019-06-26 03:01:43,-0.15
2019-06-26 03:03:42,-0.15
2019-06-26 03:03:51,0.05999999
2019-06-26 03:04:48,0.05999999
2019-06-26 03:05:02,0.02
2019-06-26 03:09:01,0.02
2019-06-26 03:09:21,-0.18
2019-06-26 03:10:05,-0.03
2019-06-26 03:11:04,-0.03
2019-06-26 03:11:40,-0.15
2019-06-26 03:12:37,-0.15
2019-06-26 03:12:44,0.04
2019-06-26 03:13:33,-0.09
2019-06-26 03:15:31,-0.09
2019-06-26 03:15:53,0.05999999
2019-06-26 03:16:50,0.05999999
2019-06-26 03:16:55,-0.08
2019-06-26 03:17:54,-0.08
2019-06-26 03:18:54,-0.02
2019-06-26 03:20:51,-0.02
2019-06-26 03:21:37,-0.08
2019-06-26 03:25:35,-0.08
2019-06-26 03:25:39,0.04
2019-06-26 03:26:36,0.04
2019-06-26 03:27:11,0.02
2019-06-26 03:28:09,0.02
2019-06-26 03:28:49,-0.14
2019-06-26 03:29:47,-0.14
2019-06-26 03:30:03,0.06999999
2019-06-26 03:31:00,0.06999999
2019-06-26 03:31:12,-0.15
2019-06-26 03:32:10,-0.15
2019-06-26 03:32:16,0.04
2019-06-26 03:33:15,0.04
2019-06-26 03:33:48,-0.09
2019-06-26 03:34:46,-0.09
2019-06-26 03:35:37,0.05
2019-06-26 03:36:34,0.05
2019-06-26 03:36:43,-0.18
2019-06-26 03:37:40,-0.18
2019-06-26 03:37:48,-0.13
2019-06-26 03:38:47,-0.13
2019-06-26 03:39:26,0.05
2019-06-26 03:40:25,0.05
2019-06-26 03:40:54,0.01
2019-06-26 03:42:52,0.01
2019-06-26 03:43:39,-0.15
2019-06-26 03:44:31,0.05
2019-06-26 03:45:29,0.05
2019-06-26 03:45:46,-0.08
2019-06-26 03:51:43,-0.08
2019-06-26 03:52:42,0.04
2019-06-26 03:55:40,0.04
2019-06-26 03:56:27,-0.12
2019-06-26 03:58:26,-0.12
2019-06-26 03:58:45,0.06999999
2019-06-26 03:59:43,0.06999999
2019-06-26 04:00:06,-0.15
2019-06-26 04:01:04,-0.15
2019-06-26 04:01:30,-0.08
2019-06-26 04:06:29,-0.08
2019-06-26 04:07:14,0.06999999
2019-06-26 04:08:12,0.06999999
2019-06-26 04:08:44,-0.17
2019-06-26 04:09:41,-0.17
2019-06-26 04:10:04,-0.03
2019-06-26 04:23:01,-0.03
2019-06-26 04:23:50,0.06999999
2019-06-26 04:25:48,0.06999999
2019-06-26 04:26:19,-0.14
2019-06-26 04:28:17,-0.14
2019-06-26 04:28:54,0.05
2019-06-26 04:29:52,0.05
2019-06-26 04:30:23,-0.09
2019-06-26 04:31:21,-0.09
2019-06-26 04:31:38,0.05999999
2019-06-26 04:32:36,0.05999999
2019-06-26 04:33:14,-0.15
2019-06-26 04:34:12,-0.15
2019-06-26 04:34:22,-0.07000001
2019-06-26 04:37:19,-0.07000001
2019-06-26 04:38:16,0.06999999
2019-06-26 04:39:14,0.06999999
2019-06-26 04:39:24,-0.12
2019-06-26 04:41:22,-0.12
2019-06-26 04:42:05,0.05999999
2019-06-26 04:43:04,0.05999999
2019-06-26 04:43:24,-0.1
2019-06-26 04:46:21,-0.1
2019-06-26 04:46:41,0.05999999
2019-06-26 04:47:39,0.05999999
2019-06-26 04:48:24,-0.12
2019-06-26 04:49:21,-0.12
2019-06-26 04:50:23,-0.04
2019-06-26 05:19:20,-0.04
2019-06-26 05:19:58,-0.1
2019-06-26 05:20:57,-0.1
2019-06-26 05:21:22,0.08
2019-06-26 05:22:21,0.08
2019-06-26 05:22:34,-0.14
2019-06-26 05:23:32,-0.14
2019-06-26 05:23:38,0.06999999
2019-06-26 05:24:31,-0.14
2019-06-26 05:25:28,-0.14
2019-06-26 05:25:43,0.01
2019-06-26 05:29:40,0.01
2019-06-26 05:29:50,-0.13
2019-06-26 05:30:49,-0.13
2019-06-26 05:31:01,0.05999999
2019-06-26 05:31:59,0.05999999
2019-06-26 05:32:13,-0.19
2019-06-26 05:33:11,-0.19
2019-06-26 05:33:14,-0.07000001
2019-06-26 05:35:12,-0.07000001
2019-06-26 05:35:18,0.06999999
2019-06-26 05:36:15,0.06999999
2019-06-26 05:36:30,-0.14
2019-06-26 05:37:27,-0.14
2019-06-26 05:38:09,0.02
2019-06-26 05:40:07,0.02
2019-06-26 05:40:46,-0.11
2019-06-26 05:42:44,-0.11
2019-06-26 05:43:17,0.01
2019-06-26 05:45:15,0.01
2019-06-26 05:45:22,-0.05
2019-06-26 05:52:21,-0.05
2019-06-26 05:52:56,0.05
2019-06-26 05:53:53,0.05
2019-06-26 05:54:17,-0.12
2019-06-26 05:56:15,-0.12
2019-06-26 05:56:54,0.02
2019-06-26 05:57:51,0.02
2019-06-26 05:58:38,-0.15
2019-06-26 05:59:36,-0.15
2019-06-26 05:59:48,0.05999999
2019-06-26 06:00:46,0.05999999
2019-06-26 06:01:46,-0.04
2019-06-26 06:16:44,-0.04
2019-06-26 06:17:37,-0.12
2019-06-26 06:19:35,-0.12
2019-06-26 06:20:06,0.06999999
2019-06-26 06:21:04,0.06999999
2019-06-26 06:21:40,-0.1
2019-06-26 06:23:38,-0.1
2019-06-26 06:24:04,-0.02
2019-06-26 06:31:02,-0.02
2019-06-26 06:31:46,-0.13
2019-06-26 06:32:44,-0.13
2019-06-26 06:33:28,0.02
2019-06-26 06:34:26,0.02
2019-06-26 06:34:54,-0.18
2019-06-26 06:35:52,-0.18
2019-06-26 06:35:56,0.08999999
2019-06-26 06:36:54,0.08999999
2019-06-26 06:37:29,-0.08
2019-06-26 06:39:27,-0.08
2019-06-26 06:40:02,0.05
2019-06-26 06:41:00,0.05
2019-06-26 06:41:36,-0.11
2019-06-26 06:42:34,-0.11
2019-06-26 06:43:35,0.08
2019-06-26 06:44:33,0.08
2019-06-26 06:44:56,-0.08
2019-06-26 06:46:53,-0.08
2019-06-26 06:47:48,0.05
2019-06-26 06:48:46,0.05
2019-06-26 06:49:28,-0.15
2019-06-26 06:50:26,-0.15
2019-06-26 06:50:36,-0.05
2019-06-26 06:54:34,-0.05
2019-06-26 06:55:24,0.06999999
2019-06-26 06:56:22,0.06999999
2019-06-26 06:56:52,0.02
2019-06-26 06:58:50,0.02
2019-06-26 06:59:36,0.0
2019-06-26 07:04:34,0.0
2019-06-26 07:04:58,-0.1
2019-06-26 07:05:56,-0.1
2019-06-26 07:06:19,0.08
2019-06-26 07:07:16,0.08
2019-06-26 07:07:31,-0.17
2019-06-26 07:08:25,0.05999999
2019-06-26 07:09:23,0.05999999
2019-06-26 07:09:29,-0.13
2019-06-26 07:10:26,-0.13
2019-06-26 07:10:52,-0.1
2019-06-26 07:12:50,-0.1
2019-06-26 07:12:52,0.09999999
2019-06-26 07:13:50,0.09999999
2019-06-26 07:13:53,-0.05
2019-06-26 07:17:50,-0.05
2019-06-26 07:18:16,0.06999999
2019-06-26 07:19:13,0.06999999
2019-06-26 07:19:36,-0.08
2019-06-26 07:21:34,-0.08
2019-06-26 07:22:12,-0.02
2019-06-26 07:31:08,-0.02
2019-06-26 07:32:00,-0.05
2019-06-26 07:40:57,-0.05
2019-06-26 07:41:28,0.09999999
2019-06-26 07:42:25,0.09999999
2019-06-26 07:42:38,-0.03
2019-06-26 08:11:36,-0.03
2019-06-26 08:12:22,-0.12
2019-06-26 08:13:20,-0.12
2019-06-26 08:14:18,-0.06
2019-06-26 08:21:16,-0.06
2019-06-26 08:21:43,0.05999999
2019-06-26 08:22:41,0.05999999
2019-06-26 08:22:52,-0.14
2019-06-26 08:23:52,-0.14
2019-06-26 08:24:26,0.08999999
2019-06-26 08:25:24,0.08999999
2019-06-26 08:25:48,-0.08
2019-06-26 08:27:45,-0.08
2019-06-26 08:28:37,0.05999999
2019-06-26 08:29:34,0.05999999
2019-06-26 08:29:48,-0.13
2019-06-26 08:30:45,-0.13
2019-06-26 08:31:14,0.02
2019-06-26 08:32:03,-0.17
2019-06-26 08:32:57,0.05999999
2019-06-26 08:33:54,-0.11
2019-06-26 08:34:52,-0.11
2019-06-26 08:35:19,-0.02
2019-06-26 08:38:16,-0.02
2019-06-26 08:38:48,-0.1
2019-06-26 08:41:45,-0.1
2019-06-26 08:41:56,0.04
2019-06-26 08:42:54,0.04
2019-06-26 08:43:51,-0.1
2019-06-26 08:46:50,-0.1
2019-06-26 08:47:30,0.04
2019-06-26 08:48:27,0.04
2019-06-26 08:49:18,-0.08
2019-06-26 08:52:16,-0.08
2019-06-26 08:52:25,0.05999999
2019-06-26 08:53:22,0.05999999
2019-06-26 08:53:34,-0.12
2019-06-26 08:54:31,-0.12
2019-06-26 08:55:16,-0.06
2019-06-26 09:02:15,-0.06
2019-06-26 09:03:07,0.05
2019-06-26 09:04:06,0.05
2019-06-26 09:04:39,-0.05
2019-06-26 09:23:36,-0.05
2019-06-26 09:24:24,0.05
2019-06-26 09:25:21,0.05
2019-06-26 09:26:12,-0.14
2019-06-26 09:27:11,-0.14
2019-06-26 09:27:38,-0.13
2019-06-26 09:28:37,-0.13
2019-06-26 09:29:28,-0.09
2019-06-26 09:31:26,-0.09
2019-06-26 09:32:02,0.06999999
2019-06-26 09:32:59,0.06999999
2019-06-26 09:33:12,-0.14
2019-06-26 09:34:09,-0.14
2019-06-26 09:34:29,-0.02
2019-06-26 09:35:02,2.039999
2019-06-26 09:35:03,6.799999
2019-06-26 09:35:05,4.489999
2019-06-26 09:35:07,2.42
2019-06-26 09:35:11,0.4
2019-06-26 09:35:31,0.03
2019-06-26 09:36:29,0.03
2019-06-26 09:37:19,-0.1
2019-06-26 09:39:17,-0.1
2019-06-26 09:39:44,0.05
2019-06-26 09:40:42,0.05
2019-06-26 09:41:02,0.02
2019-06-26 09:42:59,0.02
2019-06-26 09:43:22,-0.12
2019-06-26 09:44:19,-0.12
2019-06-26 09:45:10,0.04
2019-06-26 09:46:07,0.04
2019-06-26 09:46:46,-0.13
2019-06-26 09:47:43,-0.13
2019-06-26 09:48:18,0.03
2019-06-26 09:49:16,0.03
2019-06-26 09:50:01,0.01
2019-06-26 09:51:58,0.01
2019-06-26 09:52:58,-0.11
2019-06-26 09:53:55,-0.11
2019-06-26 09:54:47,0.01
2019-06-26 09:55:44,0.01
2019-06-26 09:56:39,-0.13
2019-06-26 09:57:37,-0.13
2019-06-26 09:57:53,0.05
2019-06-26 09:59:50,0.05
2019-06-26 10:00:41,0.01
2019-06-26 10:02:38,0.01
2019-06-26 10:03:25,-0.14
2019-06-26 10:04:22,-0.14
2019-06-26 10:04:38,0.05999999
2019-06-26 10:05:36,0.05999999
2019-06-26 10:06:00,-0.03
2019-06-26 10:27:57,-0.03
2019-06-26 10:28:31,-0.14
2019-06-26 10:29:16,0.05999999
2019-06-26 10:31:14,0.05999999
2019-06-26 10:31:17,-0.05
2019-06-26 10:46:15,-0.05
2019-06-26 10:46:21,0.05999999
2019-06-26 10:47:17,0.05999999
2019-06-26 10:47:26,-0.2
2019-06-26 10:48:26,-0.09
2019-06-26 10:52:24,-0.09
2019-06-26 10:52:36,0.05
2019-06-26 10:53:34,0.05
2019-06-26 10:53:53,-0.18
2019-06-26 10:54:50,-0.18
2019-06-26 10:55:16,-0.01
2019-06-26 10:57:13,-0.01
2019-06-26 10:58:15,-0.1
2019-06-26 11:04:13,-0.1
2019-06-26 11:04:30,0.05999999
2019-06-26 11:05:27,0.05999999
2019-06-26 11:06:15,0.0
2019-06-26 11:09:13,0.0
2019-06-26 11:10:07,-0.13
2019-06-26 11:11:04,-0.13
2019-06-26 11:11:33,0.05999999
2019-06-26 11:12:30,0.05999999
2019-06-26 11:12:50,-0.14
2019-06-26 11:13:48,-0.14
2019-06-26 11:14:09,-0.09
2019-06-26 11:17:06,-0.09
2019-06-26 11:17:26,0.0
2019-06-26 11:19:23,0.0
2019-06-26 11:19:44,-0.1
2019-06-26 11:23:42,-0.1
2019-06-26 11:23:45,0.05
2019-06-26 11:24:42,0.05
2019-06-26 11:25:28,-0.14
2019-06-26 11:26:26,-0.14
2019-06-26 11:26:54,0.05999999
2019-06-26 11:27:52,0.05999999
2019-06-26 11:28:12,-0.09
2019-06-26 11:31:10,-0.09
2019-06-26 11:32:11,0.04
2019-06-26 11:33:08,0.04
2019-06-26 11:34:00,-0.15
2019-06-26 11:34:57,-0.15
2019-06-26 11:35:33,0.02
2019-06-26 11:36:30,0.02
2019-06-26 11:37:24,-0.12
2019-06-26 11:39:20,-0.12
2019-06-26 11:39:45,0.06999999
2019-06-26 11:40:38,-0.15
2019-06-26 11:42:34,-0.15
2019-06-26 11:43:25,-0.11
2019-06-26 11:45:22,-0.11
2019-06-26 11:45:36,-0.01
2019-06-26 11:47:33,-0.01
2019-06-26 11:47:36,-0.19
2019-06-26 11:48:27,0.03
2019-06-26 11:49:25,0.03
2019-06-26 11:50:26,-0.13
2019-06-26 11:51:24,-0.13
2019-06-26 11:52:10,0.01
2019-06-26 11:54:08,0.01
2019-06-26 11:54:47,-0.19
2019-06-26 11:55:38,-0.14
2019-06-26 11:56:36,-0.14
2019-06-26 11:57:21,0.02
2019-06-26 11:58:18,0.02
2019-06-26 11:58:31,-0.15
2019-06-26 11:59:29,-0.15
2019-06-26 11:59:51,0.01
2019-06-26 12:01:49,0.01
2019-06-26 12:02:03,-0.14
2019-06-26 12:02:59,-0.14
2019-06-26 12:03:43,0.05
2019-06-26 12:04:43,-0.13
2019-06-26 12:06:40,-0.13
2019-06-26 12:07:18,0.06999999
2019-06-26 12:08:16,0.06999999
2019-06-26 12:09:05,-0.18
2019-06-26 12:10:03,-0.18
2019-06-26 12:10:16,0.05999999
2019-06-26 12:11:14,0.05999999
2019-06-26 12:11:20,-0.11
2019-06-26 12:12:18,-0.11
2019-06-26 12:13:14,-0.02
2019-06-26 12:15:10,-0.02
2019-06-26 12:16:00,-0.14
2019-06-26 12:16:57,-0.14
2019-06-26 12:17:25,0.0
2019-06-26 12:19:22,0.0
2019-06-26 12:20:06,-0.11
2019-06-26 12:24:04,-0.11
2019-06-26 12:24:14,0.06999999
2019-06-26 12:25:11,0.06999999
2019-06-26 12:25:31,0.02
2019-06-26 12:26:28,0.02
2019-06-26 12:26:57,-0.14
2019-06-26 12:28:54,-0.14
2019-06-26 12:29:17,0.05
2019-06-26 12:30:15,0.05
2019-06-26 12:30:40,-0.05
2019-06-26 12:34:38,-0.05
2019-06-26 12:35:05,-0.18
2019-06-26 12:36:01,-0.18
2019-06-26 12:36:18,0.03
2019-06-26 12:37:16,-0.15
2019-06-26 12:38:14,-0.15
2019-06-26 12:38:54,-0.05
2019-06-26 12:42:52,-0.05
2019-06-26 12:43:19,-0.18
2019-06-26 12:44:16,-0.18
2019-06-26 12:44:22,0.03
2019-06-26 12:45:18,0.03
2019-06-26 12:45:51,-0.17
2019-06-26 12:46:49,-0.17
2019-06-26 12:47:03,-0.05
2019-06-26 13:01:01,-0.05
2019-06-26 13:01:47,-0.19
2019-06-26 13:02:44,-0.19
2019-06-26 13:03:01,0.03
2019-06-26 13:03:58,0.03
2019-06-26 13:04:23,-0.12
2019-06-26 13:06:20,-0.12
2019-06-26 13:06:32,0.01
2019-06-26 13:08:29,0.01
2019-06-26 13:08:44,-0.11
2019-06-26 13:09:40,-0.11
2019-06-26 13:10:12,0.05
2019-06-26 13:11:09,0.05
2019-06-26 13:11:51,-0.15
2019-06-26 13:12:48,-0.15
2019-06-26 13:13:00,0.05
2019-06-26 13:13:58,0.05
2019-06-26 13:14:05,-0.18
2019-06-26 13:15:02,-0.18
2019-06-26 13:15:17,0.02
2019-06-26 13:16:15,0.02
2019-06-26 13:17:06,-0.08
2019-06-26 13:22:03,-0.08
2019-06-26 13:30:03,-0.08
2019-06-26 13:30:28,0.01
2019-06-26 13:32:25,0.01
2019-06-26 13:32:50,-0.11
2019-06-26 13:34:47,-0.11
2019-06-26 13:34:51,0.03
2019-06-26 13:35:48,0.03
2019-06-26 13:36:20,-0.15
2019-06-26 13:37:08,0.0
2019-06-26 13:39:05,0.0
2019-06-26 13:39:20,-0.03
2019-06-26 13:45:18,-0.03
2019-06-26 13:46:17,-0.18
2019-06-26 13:47:13,-0.18
2019-06-26 13:47:23,0.05999999
2019-06-26 13:48:21,0.05999999
2019-06-26 13:48:36,-0.15
2019-06-26 13:49:24,0.05
2019-06-26 13:50:21,0.05
2019-06-26 13:51:13,-0.06
2019-06-26 14:07:10,-0.06
2019-06-26 14:08:13,0.04
2019-06-26 14:09:10,0.04
2019-06-26 14:09:46,-0.15
2019-06-26 14:10:43,-0.15
2019-06-26 14:10:55,-0.04
2019-06-26 14:42:53,-0.04
2019-06-26 14:43:19,-0.14
2019-06-26 14:44:17,-0.14
2019-06-26 14:44:23,0.08999999
2019-06-26 14:45:20,0.08999999
2019-06-26 14:45:36,-0.12
2019-06-26 14:46:35,-0.12
2019-06-26 14:47:36,0.0
2019-06-26 14:50:34,0.0
2019-06-26 14:50:55,-0.12
2019-06-26 14:51:50,0.06999999
2019-06-26 14:52:47,0.06999999
2019-06-26 14:53:23,-0.14
2019-06-26 14:55:20,-0.14
2019-06-26 14:56:08,0.02
2019-06-26 14:58:05,0.02
2019-06-26 14:58:29,-0.14
2019-06-26 14:59:26,-0.14
2019-06-26 15:00:01,0.06999999
2019-06-26 15:00:58,0.06999999
2019-06-26 15:01:33,-0.12
2019-06-26 15:02:30,-0.12
2019-06-26 15:03:11,-0.04
2019-06-26 15:21:08,-0.04
2019-06-26 15:21:52,0.09999999
2019-06-26 15:22:49,0.09999999
2019-06-26 15:23:37,-0.08
2019-06-26 15:25:34,-0.08
2019-06-26 15:25:56,0.06999999
2019-06-26 15:26:55,0.06999999
2019-06-26 15:27:34,0.05999999
2019-06-26 15:28:31,0.05999999
2019-06-26 15:29:06,-0.05
2019-06-26 15:31:03,-0.05
2019-06-26 15:31:36,0.06999999
2019-06-26 15:32:33,0.06999999
2019-06-26 15:33:19,-0.14
2019-06-26 15:34:16,-0.14
2019-06-26 15:34:39,-0.04
2019-06-26 15:47:36,-0.04
2019-06-26 15:47:40,0.08
2019-06-26 15:49:37,0.08
2019-06-26 15:49:48,-0.1
2019-06-26 15:51:45,-0.1
2019-06-26 15:52:11,0.05
2019-06-26 15:53:09,0.05
2019-06-26 15:54:02,-0.1
2019-06-26 15:55:59,-0.1
2019-06-26 15:56:15,0.08999999
2019-06-26 15:57:12,0.08999999
2019-06-26 15:57:30,-0.1
2019-06-26 15:59:27,-0.1
2019-06-26 16:00:01,0.06999999
2019-06-26 16:00:16,0.39
2019-06-26 16:00:18,2.5
2019-06-26 16:00:28,0.4399999
2019-06-26 16:00:49,-0.08
2019-06-26 16:04:45,-0.08
2019-06-26 16:04:53,0.08999999
2019-06-26 16:05:49,0.08999999
2019-06-26 16:05:53,-0.08
2019-06-26 16:07:50,-0.08
2019-06-26 16:08:25,0.05
2019-06-26 16:09:22,0.05
2019-06-26 16:10:02,-0.15
2019-06-26 16:10:59,-0.15
2019-06-26 16:11:18,0.01
2019-06-26 16:17:15,0.01
2019-06-26 16:18:18,-0.11
2019-06-26 16:19:15,-0.11
2019-06-26 16:19:32,-0.04
2019-06-26 16:23:30,-0.04
2019-06-26 16:24:06,0.03
2019-06-26 16:27:03,0.03
2019-06-26 16:27:06,-0.07000001
2019-06-26 16:31:03,-0.07000001
2019-06-26 16:31:25,0.06999999
2019-06-26 16:32:23,0.06999999
2019-06-26 16:32:50,-0.12
2019-06-26 16:33:47,-0.12
2019-06-26 16:34:31,0.05999999
2019-06-26 16:35:28,0.05999999
2019-06-26 16:35:38,-0.13
2019-06-26 16:36:35,-0.13
2019-06-26 16:36:55,0.06999999
2019-06-26 16:38:51,0.06999999
2019-06-26 16:39:11,-0.05
2019-06-26 16:55:09,-0.05
2019-06-26 16:55:53,0.0
2019-06-26 17:04:50,0.0
2019-06-26 17:04:59,-0.08
2019-06-26 17:06:57,-0.08
2019-06-26 17:07:53,0.02
2019-06-26 17:10:50,0.02
2019-06-26 17:11:01,-0.11
2019-06-26 17:11:58,-0.11
2019-06-26 17:12:40,0.09999999
2019-06-26 17:13:37,0.09999999
2019-06-26 17:13:58,-0.14
2019-06-26 17:14:56,-0.14
2019-06-26 17:15:36,0.09999999
2019-06-26 17:17:33,0.09999999
2019-06-26 17:17:43,-0.12
2019-06-26 17:18:41,-0.12
2019-06-26 17:18:53,0.08
2019-06-26 17:20:51,0.08
2019-06-26 17:20:55,0.05
2019-06-26 17:21:53,0.05
2019-06-26 17:22:23,-0.14
2019-06-26 17:23:20,-0.14
2019-06-26 17:23:34,0.01
2019-06-26 17:28:32,0.01
2019-06-26 17:29:08,-0.05
2019-06-26 17:36:06,-0.05
2019-06-26 17:36:54,0.05999999
2019-06-26 17:38:51,0.05999999
2019-06-26 17:39:32,-0.04
2019-06-26 17:43:29,-0.04
2019-06-26 17:44:06,0.0
2019-06-26 17:52:03,0.0
2019-06-26 17:52:12,-0.15
2019-06-26 17:53:09,-0.15
2019-06-26 17:54:06,0.05
2019-06-26 17:55:03,0.05
2019-06-26 17:55:58,0.0
2019-06-26 18:00:55,0.0
2019-06-26 18:01:24,-0.12
2019-06-26 18:02:19,0.02
2019-06-26 18:07:16,0.02
2019-06-26 18:07:55,-0.13
2019-06-26 18:08:52,-0.13
2019-06-26 18:09:06,0.09999999
2019-06-26 18:10:03,0.09999999
2019-06-26 18:10:09,-0.14
2019-06-26 18:11:06,-0.14
2019-06-26 18:11:14,0.08
2019-06-26 18:12:11,0.08
2019-06-26 18:12:31,-0.09
2019-06-26 18:14:28,-0.09
2019-06-26 18:15:15,-0.01
2019-06-26 18:29:13,-0.01
2019-06-26 18:30:09,-0.07000001
2019-06-26 18:32:06,-0.07000001
2019-06-26 18:32:58,0.08
2019-06-26 18:33:43,-0.11
2019-06-26 18:34:41,-0.11
2019-06-26 18:35:04,0.02
2019-06-26 18:38:02,0.02
2019-06-26 18:38:25,-0.06
2019-06-26 18:42:21,-0.06
2019-06-26 18:43:18,0.08999999
2019-06-26 18:44:16,0.08999999
2019-06-26 18:44:26,-0.12
2019-06-26 18:45:22,-0.12
2019-06-26 18:45:57,-0.01
2019-06-26 18:59:55,-0.01
2019-06-26 19:00:39,-0.11
2019-06-26 19:01:37,-0.11
2019-06-26 19:01:59,0.06999999
2019-06-26 19:02:57,0.06999999
2019-06-26 19:03:28,-0.18
2019-06-26 19:04:11,0.06999999
2019-06-26 19:06:09,0.06999999
2019-06-26 19:06:52,-0.1
2019-06-26 19:07:50,-0.1
2019-06-26 19:08:27,0.05
2019-06-26 19:11:24,0.05
2019-06-26 19:12:16,-0.09
2019-06-26 19:14:13,-0.09
2019-06-26 19:14:17,0.08
2019-06-26 19:15:15,0.08
2019-06-26 19:15:48,-0.06
2019-06-26 19:17:45,-0.06
2019-06-26 19:18:23,0.04
2019-06-26 19:20:19,0.04
2019-06-26 19:21:03,-0.08
2019-06-26 19:23:01,-0.08
2019-06-26 19:23:25,0.08
2019-06-26 19:24:22,0.08
2019-06-26 19:25:23,-0.14
2019-06-26 19:26:20,-0.14
2019-06-26 19:26:24,0.03
2019-06-26 19:28:21,0.03
2019-06-26 19:29:14,-0.11
2019-06-26 19:30:11,-0.11
2019-06-26 19:30:43,0.08
2019-06-26 19:31:40,0.08
2019-06-26 19:32:35,-0.02
2019-06-26 19:40:32,-0.02
2019-06-26 19:40:51,0.06999999
2019-06-26 19:42:48,0.06999999
2019-06-26 19:43:22,-0.12
2019-06-26 19:44:20,-0.12
2019-06-26 19:44:24,0.09999999
2019-06-26 19:45:22,0.09999999
2019-06-26 19:45:31,-0.1
2019-06-26 19:46:29,-0.1
2019-06-26 19:46:56,0.08
2019-06-26 19:47:52,0.08
2019-06-26 19:48:48,-0.05
2019-06-26 19:52:45,-0.05
2019-06-26 19:53:11,0.11
2019-06-26 19:54:08,0.11
2019-06-26 19:54:16,-0.05
2019-06-26 19:57:13,-0.05
2019-06-26 19:57:53,0.06999999
2019-06-26 19:58:50,0.06999999
2019-06-26 19:59:31,-0.08
2019-06-26 20:00:27,-0.08
2019-06-26 20:01:12,0.05
2019-06-26 20:03:09,0.05
2019-06-26 20:03:41,-0.1
2019-06-26 20:04:38,-0.1
2019-06-26 20:05:03,0.08999999
2019-06-26 20:05:53,-0.14
2019-06-26 20:06:43,-0.04
2019-06-26 20:12:40,-0.04
2019-06-26 20:13:29,0.12
2019-06-26 20:14:26,0.12
2019-06-26 20:14:53,-0.04
2019-06-26 20:15:50,-0.04
2019-06-26 20:16:35,0.11
2019-06-26 20:17:32,0.11
2019-06-26 20:17:58,0.06999999
2019-06-26 20:19:54,0.06999999
2019-06-26 20:19:58,-0.04
2019-06-26 20:22:54,-0.04
2019-06-26 20:23:40,0.05
2019-06-26 20:26:37,0.05
2019-06-26 20:26:56,-0.11
2019-06-26 20:27:53,-0.11
2019-06-26 20:28:11,-0.04
2019-06-26 20:32:08,-0.04
2019-06-26 20:32:48,0.09999999
2019-06-26 20:33:45,0.09999999
2019-06-26 20:34:34,-0.09
2019-06-26 20:35:31,-0.09
2019-06-26 20:36:22,0.08999999
2019-06-26 20:37:19,0.08999999
2019-06-26 20:37:44,-0.08
2019-06-26 20:38:41,-0.08
2019-06-26 20:39:16,0.08
2019-06-26 20:41:14,0.08
2019-06-26 20:42:10,-0.09
2019-06-26 20:43:07,-0.09
2019-06-26 20:43:25,0.09999999
2019-06-26 20:45:22,0.09999999
2019-06-26 20:45:35,0.03
2019-06-26 20:49:32,0.03
2019-06-26 20:49:56,-0.07000001
2019-06-26 20:50:53,-0.07000001
2019-06-26 20:51:56,0.06999999
2019-06-26 20:52:53,0.06999999
2019-06-26 20:53:55,-0.11
2019-06-26 20:54:52,-0.11
2019-06-26 20:55:25,0.09999999
2019-06-26 20:56:22,0.09999999
2019-06-26 20:56:42,0.06999999
2019-06-26 20:58:38,0.06999999
2019-06-26 20:59:13,-0.1
2019-06-26 21:00:10,-0.1
2019-06-26 21:00:47,0.08
2019-06-26 21:01:44,0.08
2019-06-26 21:02:39,-0.12
2019-06-26 21:03:36,-0.12
2019-06-26 21:03:52,0.08999999
2019-06-26 21:04:49,0.08999999
2019-06-26 21:05:28,-0.13
2019-06-26 21:06:25,-0.13
2019-06-26 21:06:35,0.08
2019-06-26 21:07:32,0.08
2019-06-26 21:07:45,-0.1
2019-06-26 21:08:42,-0.1
2019-06-26 21:09:13,-0.02
2019-06-26 21:27:10,-0.02
2019-06-26 21:27:16,0.08999999
2019-06-26 21:28:14,0.08999999
2019-06-26 21:28:30,-0.1
2019-06-26 21:29:27,-0.1
2019-06-26 21:30:25,0.01
2019-06-26 21:37:23,0.01
2019-06-26 21:37:26,-0.1
2019-06-26 21:38:23,-0.1
2019-06-26 21:38:53,0.04
2019-06-26 21:40:50,0.04
2019-06-26 21:41:33,-0.08
2019-06-26 21:43:30,-0.08
2019-06-26 21:43:33,-0.02
2019-06-26 21:55:31,-0.02
2019-06-26 21:55:46,0.08999999
2019-06-26 21:56:43,0.08999999
2019-06-26 21:57:03,-0.09
2019-06-26 21:59:00,-0.09
2019-06-26 21:59:25,0.09999999
2019-06-26 22:00:22,0.09999999
2019-06-26 22:00:43,-0.11
2019-06-26 22:01:39,-0.11
2019-06-26 22:02:04,0.08999999
2019-06-26 22:03:01,0.08999999
2019-06-26 22:03:58,-0.04
2019-06-26 22:12:56,-0.04
2019-06-26 22:13:37,0.08
2019-06-26 22:14:33,0.08
2019-06-26 22:15:01,0.01
2019-06-26 22:19:58,0.01
2019-06-26 22:20:08,-0.13
2019-06-26 22:21:00,0.02
2019-06-26 22:26:57,0.02
2019-06-26 22:27:22,-0.15
2019-06-26 22:28:20,-0.15
2019-06-26 22:28:30,-0.08
2019-06-26 22:29:26,-0.08
2019-06-26 22:30:26,0.06999999
2019-06-26 22:31:24,0.06999999
2019-06-26 22:32:07,0.01
2019-06-26 22:37:03,0.01
2019-06-26 22:37:38,-0.09
2019-06-26 22:38:35,-0.09
2019-06-26 22:39:23,0.11
2019-06-26 22:40:19,0.11
2019-06-26 22:41:09,-0.09
2019-06-26 22:42:06,-0.09
2019-06-26 22:42:52,0.05999999
2019-06-26 22:43:48,0.05999999
2019-06-26 22:44:47,-0.14
2019-06-26 22:45:42,0.09999999
2019-06-26 22:46:39,0.09999999
2019-06-26 22:47:07,-0.11
2019-06-26 22:48:04,-0.11
2019-06-26 22:48:45,-0.03
2019-06-26 22:52:42,-0.03
2019-06-26 22:53:12,0.03
2019-06-26 22:56:09,0.03
2019-06-26 22:57:02,-0.1
2019-06-26 22:58:58,-0.1
2019-06-26 22:59:47,-0.06
2019-06-26 23:01:44,-0.06
2019-06-26 23:02:39,0.05
2019-06-26 23:03:37,0.05
2019-06-26 23:04:36,-0.03
2019-06-26 23:06:32,-0.03
2019-06-26 23:07:06,0.06999999
2019-06-26 23:08:03,0.06999999
2019-06-26 23:08:38,-0.09
2019-06-26 23:10:35,-0.09
2019-06-26 23:10:48,0.05999999
2019-06-26 23:12:44,0.05999999
2019-06-26 23:13:13,-0.01
2019-06-26 23:18:09,-0.01
2019-06-26 23:18:16,-0.13
2019-06-26 23:19:12,-0.13
2019-06-26 23:19:42,0.05999999
2019-06-26 23:20:39,0.05999999
2019-06-26 23:21:16,-0.1
2019-06-26 23:22:13,-0.1
2019-06-26 23:23:02,0.08
2019-06-26 23:24:01,-0.14
2019-06-26 23:24:56,0.05999999
2019-06-26 23:25:53,0.05999999
2019-06-26 23:26:31,-0.13
2019-06-26 23:27:28,-0.13
2019-06-26 23:27:59,-0.02
2019-06-26 23:47:56,-0.02
2019-06-26 23:48:42,0.02
2019-06-26 23:54:38,0.02
2019-06-26 23:55:07,-0.09
2019-06-26 23:56:03,-0.09
2019-06-26 23:56:49,-0.02
2019-06-27 00:15:45,-0.02
2019-06-27 00:16:23,0.11
2019-06-27 00:17:19,0.11
2019-06-27 00:17:25,-0.07000001
2019-06-27 00:20:21,-0.07000001
2019-06-27 00:20:42,0.05999999
2019-06-27 00:21:39,0.05999999
2019-06-27 00:21:52,-0.09
2019-06-27 00:22:49,-0.09
2019-06-27 00:23:27,0.06999999
2019-06-27 00:24:24,0.06999999
2019-06-27 00:25:03,-0.11
2019-06-27 00:26:01,-0.11
2019-06-27 00:26:19,-0.04
2019-06-27 00:33:15,-0.04
2019-06-27 00:34:11,0.05999999
2019-06-27 00:35:08,0.05999999
2019-06-27 00:35:34,-0.15
2019-06-27 00:36:30,-0.15
2019-06-27 00:36:43,0.06999999
2019-06-27 00:37:39,0.06999999
2019-06-27 00:38:04,-0.1
2019-06-27 00:40:01,-0.1
2019-06-27 00:40:08,0.06999999
2019-06-27 00:41:04,0.06999999
2019-06-27 00:41:30,-0.04
2019-06-27 00:50:26,-0.04
2019-06-27 00:50:40,0.09999999
2019-06-27 00:51:37,0.09999999
2019-06-27 00:52:19,-0.09
2019-06-27 00:53:15,-0.09
2019-06-27 00:53:56,-0.06
2019-06-27 00:55:52,-0.06
2019-06-27 00:56:52,0.05999999
2019-06-27 00:57:49,0.05999999
2019-06-27 00:58:30,-0.13
2019-06-27 00:59:27,-0.13
2019-06-27 01:00:02,0.05999999
2019-06-27 01:00:59,0.05999999
2019-06-27 01:01:58,-0.04
2019-06-27 01:18:54,-0.04
2019-06-27 01:19:32,0.09999999
2019-06-27 01:20:28,0.09999999
2019-06-27 01:20:35,-0.08
2019-06-27 01:22:32,-0.08
2019-06-27 01:23:11,0.01
2019-06-27 01:28:09,0.01
2019-06-27 01:29:03,-0.1
2019-06-27 01:30:00,-0.1
2019-06-27 01:30:32,0.11
2019-06-27 01:31:29,0.11
2019-06-27 01:32:03,0.01
2019-06-27 01:39:00,0.01
2019-06-27 01:39:09,-0.15
2019-06-27 01:40:06,-0.15
2019-06-27 01:40:11,0.05999999
2019-06-27 01:41:08,0.05999999
2019-06-27 01:41:36,-0.13
2019-06-27 01:42:32,-0.13
2019-06-27 01:43:07,0.05999999
2019-06-27 01:44:03,0.05999999
2019-06-27 01:44:24,-0.12
2019-06-27 01:45:21,-0.12
2019-06-27 01:46:05,0.08999999
2019-06-27 01:47:02,0.08999999
2019-06-27 01:47:12,0.01
2019-06-27 01:51:09,0.01
2019-06-27 01:52:05,-0.1
2019-06-27 01:53:02,-0.1
2019-06-27 01:53:27,0.11
2019-06-27 01:54:24,0.11
2019-06-27 01:54:47,-0.11
2019-06-27 01:55:44,-0.11
2019-06-27 01:56:06,0.08
2019-06-27 01:57:02,0.08
2019-06-27 01:57:16,-0.07000001
2019-06-27 01:58:12,-0.07000001
2019-06-27 01:59:04,0.08
2019-06-27 01:59:46,-0.11
2019-06-27 02:00:43,-0.11
2019-06-27 02:01:13,0.01
2019-06-27 02:04:10,0.01
2019-06-27 02:04:14,-0.08
2019-06-27 02:05:11,-0.08
2019-06-27 02:05:51,0.03
2019-06-27 02:08:48,0.03
2019-06-27 02:09:46,-0.13
2019-06-27 02:10:44,0.12
2019-06-27 02:11:40,-0.1
2019-06-27 02:12:37,-0.1
2019-06-27 02:13:25,0.06999999
2019-06-27 02:15:22,0.06999999
2019-06-27 02:15:39,-0.06
2019-06-27 02:16:36,-0.06
2019-06-27 02:17:13,0.11
2019-06-27 02:18:10,0.11
2019-06-27 02:18:49,-0.1
2019-06-27 02:19:46,-0.1
2019-06-27 02:20:36,0.06999999
2019-06-27 02:21:33,0.06999999
2019-06-27 02:22:28,-0.08
2019-06-27 02:24:25,-0.08
2019-06-27 02:25:26,0.01
2019-06-27 02:27:23,0.01
2019-06-27 02:28:11,-0.03
2019-06-27 02:35:08,-0.03
2019-06-27 02:35:33,0.06999999
2019-06-27 02:36:30,0.06999999
2019-06-27 02:37:08,-0.13
2019-06-27 02:38:05,-0.13
2019-06-27 02:38:33,-0.02
2019-06-27 03:03:30,-0.02
2019-06-27 03:03:49,-0.13
2019-06-27 03:04:45,-0.13
2019-06-27 03:05:16,0.06999999
2019-06-27 03:06:12,0.06999999
2019-06-27 03:06:38,-0.08
2019-06-27 03:08:35,-0.08
2019-06-27 03:08:42,0.06999999
2019-06-27 03:09:38,0.06999999
2019-06-27 03:10:00,0.01
2019-06-27 03:15:57,0.01
2019-06-27 03:16:35,-0.14
2019-06-27 03:17:31,-0.14
2019-06-27 03:17:38,-0.02
2019-06-27 03:47:37,-0.02
2019-06-27 03:48:27,-0.13
2019-06-27 03:50:23,-0.13
2019-06-27 03:50:35,-0.04
2019-06-27 03:54:31,-0.04
2019-06-27 03:55:01,0.09999999
2019-06-27 03:55:57,0.09999999
2019-06-27 03:56:14,-0.1
2019-06-27 03:58:10,-0.1
2019-06-27 03:58:25,0.0
2019-06-27 04:08:21,0.0
2019-06-27 04:08:34,-0.14
2019-06-27 04:09:30,-0.14
2019-06-27 04:10:00,-0.03
2019-06-27 04:18:57,-0.03
2019-06-27 04:19:06,0.12
2019-06-27 04:20:06,-0.14
2019-06-27 04:21:02,-0.14
2019-06-27 04:21:34,0.05999999
2019-06-27 04:22:30,0.05999999
2019-06-27 04:23:13,-0.07000001
2019-06-27 04:25:09,-0.07000001
2019-06-27 04:26:03,0.03
2019-06-27 04:28:00,0.03
2019-06-27 04:28:30,-0.07000001
2019-06-27 04:29:27,-0.07000001
2019-06-27 04:29:54,0.11
2019-06-27 04:30:47,-0.09
2019-06-27 04:31:43,-0.09
2019-06-27 04:32:29,0.06999999
2019-06-27 04:34:25,0.06999999
2019-06-27 04:34:48,-0.08
2019-06-27 04:35:44,-0.08
2019-06-27 04:36:47,0.06999999
2019-06-27 04:37:44,0.06999999
2019-06-27 04:38:25,-0.13
2019-06-27 04:39:21,-0.13
2019-06-27 04:39:35,-0.06
2019-06-27 04:40:31,-0.06
2019-06-27 04:41:13,0.09999999
2019-06-27 04:42:09,0.09999999
2019-06-27 04:42:27,-0.11
2019-06-27 04:43:23,-0.11
2019-06-27 04:43:39,-0.05
2019-06-27 04:47:36,-0.05
2019-06-27 04:48:19,0.09999999
2019-06-27 04:49:15,0.09999999
2019-06-27 04:49:24,-0.13
2019-06-27 04:50:21,-0.13
2019-06-27 04:51:07,0.05999999
2019-06-27 04:53:04,0.05999999
2019-06-27 04:53:13,-0.1
2019-06-27 04:55:09,-0.1
2019-06-27 04:56:02,0.09999999
2019-06-27 04:56:58,0.09999999
2019-06-27 04:57:13,-0.12
2019-06-27 04:58:04,0.09999999
2019-06-27 04:58:53,-0.11
2019-06-27 04:59:50,-0.11
2019-06-27 05:00:41,0.05
2019-06-27 05:01:38,0.05
2019-06-27 05:02:32,-0.08
2019-06-27 05:03:28,-0.08
2019-06-27 05:04:22,0.02
2019-06-27 05:07:18,0.02
2019-06-27 05:08:17,-0.03
2019-06-27 05:12:14,-0.03
2019-06-27 05:13:02,0.08999999
2019-06-27 05:13:58,0.08999999
2019-06-27 05:14:12,-0.05
2019-06-27 05:20:08,-0.05
2019-06-27 05:20:39,0.09999999
2019-06-27 05:21:36,0.09999999
2019-06-27 05:22:31,-0.08
2019-06-27 05:29:28,-0.08
2019-06-27 05:30:00,0.03
2019-06-27 05:32:58,0.03
2019-06-27 05:33:14,-0.1
2019-06-27 05:34:10,-0.1
2019-06-27 05:34:52,0.05
2019-06-27 05:35:48,0.05
2019-06-27 05:36:49,-0.02
2019-06-27 06:00:45,-0.02
2019-06-27 06:01:11,0.01
2019-06-27 06:04:08,0.01
2019-06-27 06:05:11,-0.09
2019-06-27 06:07:08,-0.09
2019-06-27 06:07:15,0.05999999
2019-06-27 06:08:11,0.05999999
2019-06-27 06:08:43,-0.07000001
2019-06-27 06:11:39,-0.07000001
2019-06-27 06:11:45,0.02
2019-06-27 06:13:41,0.02
2019-06-27 06:14:01,-0.13
2019-06-27 06:14:58,-0.13
2019-06-27 06:15:14,0.08999999
2019-06-27 06:16:10,0.08999999
2019-06-27 06:16:52,-0.1
2019-06-27 06:17:49,-0.1
2019-06-27 06:18:41,0.02
2019-06-27 06:21:37,0.02
2019-06-27 06:22:09,-0.11
2019-06-27 06:23:05,-0.11
2019-06-27 06:23:38,0.05
2019-06-27 06:24:35,0.05
2019-06-27 06:25:36,-0.09
2019-06-27 06:27:32,-0.09
2019-06-27 06:27:46,0.06999999
2019-06-27 06:28:42,0.06999999
2019-06-27 06:29:03,-0.06
2019-06-27 06:32:00,-0.06
2019-06-27 06:32:58,0.09999999
2019-06-27 06:33:54,0.09999999
2019-06-27 06:34:09,0.01
2019-06-27 06:38:05,0.01
2019-06-27 06:39:08,-0.09
2019-06-27 06:41:04,-0.09
2019-06-27 06:41:19,0.06999999
2019-06-27 06:42:18,-0.15
2019-06-27 06:43:14,-0.15
2019-06-27 06:43:22,0.05
2019-06-27 06:44:18,0.05
2019-06-27 06:45:11,-0.05
2019-06-27 06:49:07,-0.05
2019-06-27 06:49:41,-0.01
2019-06-27 07:00:38,-0.01
2019-06-27 07:01:06,-0.02
2019-06-27 07:39:04,-0.02
2019-06-27 07:39:19,-0.14
2019-06-27 07:40:16,-0.14
2019-06-27 07:40:48,0.06999999
2019-06-27 07:41:46,-0.14
2019-06-27 07:42:42,-0.14
2019-06-27 07:42:51,-0.1
2019-06-27 07:44:47,-0.1
2019-06-27 07:44:56,-0.07000001
2019-06-27 07:47:53,-0.07000001
2019-06-27 07:48:51,0.03
2019-06-27 07:50:47,0.03
2019-06-27 07:51:33,-0.1
2019-06-27 07:53:30,-0.1
2019-06-27 07:53:59,0.02
2019-06-27 07:56:56,0.02
2019-06-27 07:57:28,-0.08
2019-06-27 08:01:25,-0.08
2019-06-27 08:01:41,0.05
2019-06-27 08:03:38,0.05
2019-06-27 08:03:45,-0.14
2019-06-27 08:04:42,-0.14
2019-06-27 08:05:02,0.05
2019-06-27 08:05:58,0.05
2019-06-27 08:06:09,-0.12
2019-06-27 08:07:06,-0.12
2019-06-27 08:07:42,0.02
2019-06-27 08:08:39,0.02
2019-06-27 08:09:01,-0.14
2019-06-27 08:09:57,-0.14
2019-06-27 08:10:15,0.05
2019-06-27 08:12:11,0.05
2019-06-27 08:12:57,-0.13
2019-06-27 08:13:53,-0.13
2019-06-27 08:14:37,-0.05
2019-06-27 08:24:33,-0.05
2019-06-27 08:24:41,0.05999999
2019-06-27 08:26:38,0.05999999
2019-06-27 08:26:52,-0.04
2019-06-27 08:36:49,-0.04
2019-06-27 08:37:42,0.01
2019-06-27 08:39:39,0.01
2019-06-27 08:39:53,-0.1
2019-06-27 08:40:49,-0.1
2019-06-27 08:41:42,0.05999999
2019-06-27 08:42:38,0.05999999
2019-06-27 08:43:24,-0.06
2019-06-27 08:51:20,-0.06
2019-06-27 08:51:29,0.05
2019-06-27 08:52:25,0.05
2019-06-27 08:53:03,-0.13
2019-06-27 08:53:59,-0.13
2019-06-27 08:54:56,0.0
2019-06-27 08:57:53,0.0
2019-06-27 08:58:06,-0.17
2019-06-27 08:59:02,-0.17
2019-06-27 08:59:07,0.05999999
2019-06-27 09:00:02,0.05999999
2019-06-27 09:00:25,-0.15
2019-06-27 09:01:22,-0.15
2019-06-27 09:01:48,0.05
2019-06-27 09:02:44,0.05
2019-06-27 09:03:14,0.01
2019-06-27 09:05:10,0.01
2019-06-27 09:06:06,-0.12
2019-06-27 09:07:03,-0.12
2019-06-27 09:07:27,0.01
2019-06-27 09:09:23,0.01
2019-06-27 09:09:33,-0.13
2019-06-27 09:10:30,-0.13
2019-06-27 09:11:26,-0.01
2019-06-27 09:14:22,-0.01
2019-06-27 09:15:19,-0.05
2019-06-27 09:30:16,-0.05
2019-06-27 09:30:27,0.05
2019-06-27 09:31:24,0.05
2019-06-27 09:32:14,-0.1
2019-06-27 09:33:09,-0.1
2019-06-27 09:33:36,0.05999999
2019-06-27 09:34:32,0.05999999
2019-06-27 09:35:19,-0.04
2019-06-27 09:47:16,-0.04
2019-06-27 09:48:20,0.02
2019-06-27 09:52:16,0.02
2019-06-27 09:52:22,-0.04
2019-06-27 09:59:18,-0.04
2019-06-27 09:59:46,0.08
2019-06-27 10:00:42,0.08
2019-06-27 10:00:50,-0.04
2019-06-27 10:11:46,-0.04
2019-06-27 10:12:21,0.03
2019-06-27 10:14:18,0.03
2019-06-27 10:14:22,-0.01
2019-06-27 10:18:19,-0.01
2019-06-27 10:18:49,-0.13
2019-06-27 10:19:45,-0.13
2019-06-27 10:20:05,0.05
2019-06-27 10:21:01,0.05
2019-06-27 10:21:31,-0.15
2019-06-27 10:22:27,-0.15
2019-06-27 10:22:50,0.02
2019-06-27 10:24:46,0.02
2019-06-27 10:25:27,-0.11
2019-06-27 10:27:22,-0.11
2019-06-27 10:28:09,0.05
2019-06-27 10:29:06,0.05
2019-06-27 10:29:28,-0.15
2019-06-27 10:30:24,-0.15
2019-06-27 10:30:32,-0.09
2019-06-27 10:31:28,-0.09
2019-06-27 10:32:21,0.06999999
2019-06-27 10:33:17,0.06999999
2019-06-27 10:34:06,-0.06
2019-06-27 10:35:02,-0.06
2019-06-27 10:35:42,0.04
2019-06-27 10:38:37,0.04
2019-06-27 10:38:59,-0.09
2019-06-27 10:41:56,-0.09
2019-06-27 10:42:06,-0.03
2019-06-27 10:58:02,-0.03
2019-06-27 10:58:36,-0.13
2019-06-27 10:59:33,-0.13
2019-06-27 10:59:57,0.04
2019-06-27 11:00:53,0.04
2019-06-27 11:01:29,-0.1
2019-06-27 11:03:26,-0.1
2019-06-27 11:03:50,0.01
2019-06-27 11:05:46,0.01
2019-06-27 11:06:01,-0.12
2019-06-27 11:06:57,-0.12
2019-06-27 11:07:44,-0.02
2019-06-27 11:15:40,-0.02
2019-06-27 11:16:21,-0.06
2019-06-27 11:24:17,-0.06
2019-06-27 11:24:54,0.02
2019-06-27 11:26:50,0.02
2019-06-27 11:26:55,-0.04
2019-06-27 12:21:52,-0.04
2019-06-27 12:22:54,-0.13
2019-06-27 12:23:50,-0.13
2019-06-27 12:24:51,0.01
2019-06-27 12:25:47,0.01
2019-06-27 12:26:49,-0.08
2019-06-27 12:29:46,-0.08
2019-06-27 12:29:52,0.03
2019-06-27 12:31:48,0.03
2019-06-27 12:31:55,-0.14
2019-06-27 12:32:51,-0.14
2019-06-27 12:33:15,0.05999999
2019-06-27 12:34:12,0.05999999
2019-06-27 12:34:27,-0.15
2019-06-27 12:35:23,-0.15
2019-06-27 12:35:43,0.04
2019-06-27 12:36:39,0.04
2019-06-27 12:37:07,-0.12
2019-06-27 12:38:03,-0.12
2019-06-27 12:38:59,-0.07000001
2019-06-27 12:58:56,-0.07000001
2019-06-27 12:59:34,0.04
2019-06-27 13:00:30,0.04
2019-06-27 13:00:41,-0.16
2019-06-27 13:01:38,-0.16
2019-06-27 13:02:17,0.01
2019-06-27 13:04:14,0.01
2019-06-27 13:04:29,-0.12
2019-06-27 13:08:25,-0.12
2019-06-27 13:08:33,0.0
2019-06-27 13:10:28,0.0
2019-06-27 13:10:48,-0.15
2019-06-27 13:11:44,-0.15
2019-06-27 13:12:19,-0.09
2019-06-27 13:18:16,-0.09
2019-06-27 13:18:29,0.05
2019-06-27 13:19:25,0.05
2019-06-27 13:20:08,-0.11
2019-06-27 13:23:04,-0.11
2019-06-27 13:23:22,0.03
2019-06-27 13:24:18,0.03
2019-06-27 13:24:54,-0.07000001
2019-06-27 13:28:51,-0.07000001
2019-06-27 13:29:42,0.05999999
2019-06-27 13:30:42,0.03
2019-06-27 13:31:38,0.03
2019-06-27 13:32:11,-0.1
2019-06-27 13:35:07,-0.1
2019-06-27 13:36:09,0.01
2019-06-27 13:39:04,0.01
2019-06-27 13:39:40,-0.03
2019-06-27 13:43:36,-0.03
2019-06-27 13:44:08,-0.15
2019-06-27 13:45:04,-0.15
2019-06-27 13:45:27,-0.01
2019-06-27 13:47:23,-0.01
2019-06-27 13:48:20,-0.11
2019-06-27 13:50:17,-0.11
2019-06-27 13:50:38,0.05
2019-06-27 13:51:33,0.05
2019-06-27 13:51:59,-0.05
2019-06-27 13:56:56,-0.05
2019-06-27 13:57:37,-0.17
2019-06-27 13:58:33,-0.17
2019-06-27 13:59:14,-0.12
2019-06-27 14:01:10,-0.12
2019-06-27 14:01:13,-0.02
2019-06-27 14:05:10,-0.02
2019-06-27 14:05:58,-0.14
2019-06-27 14:06:54,-0.14
2019-06-27 14:07:36,0.02
2019-06-27 14:08:33,0.02
2019-06-27 14:09:26,-0.17
2019-06-27 14:10:22,-0.17
2019-06-27 14:10:48,-0.02
2019-06-27 14:13:45,-0.02
2019-06-27 14:13:52,-0.14
2019-06-27 14:14:47,-0.14
2019-06-27 14:15:46,-0.01
2019-06-27 14:17:41,-0.01
2019-06-27 14:17:58,-0.12
2019-06-27 14:18:53,-0.12
2019-06-27 14:19:56,0.04
2019-06-27 14:20:51,0.04
2019-06-27 14:21:16,-0.02
2019-06-27 14:24:12,-0.02
2019-06-27 14:24:25,-0.13
2019-06-27 14:25:20,-0.13
2019-06-27 14:26:19,0.0
2019-06-27 14:28:14,0.0
2019-06-27 14:28:40,-0.05
2019-06-27 14:46:36,-0.05
2019-06-27 14:47:08,3.16
2019-06-27 14:47:09,5.649998
2019-06-27 14:47:10,3.28
2019-06-27 14:47:13,1.22
2019-06-27 14:47:21,-0.13
2019-06-27 14:49:18,-0.13
2019-06-27 14:49:38,0.01
2019-06-27 14:50:34,0.01
2019-06-27 14:51:03,-0.19
2019-06-27 14:51:59,-0.19
2019-06-27 14:52:44,0.01
2019-06-27 14:53:14,2.08
2019-06-27 14:53:20,0.05999999
2019-06-27 14:53:27,2.18
2019-06-27 14:53:36,4.4
2019-06-27 14:53:36,6.899999
2019-06-27 14:53:37,9.409998
2019-06-27 14:53:38,11.95
2019-06-27 14:53:40,9.659998
2019-06-27 14:53:41,7.159998
2019-06-27 14:53:41,4.719999
2019-06-27 14:53:43,2.659999
2019-06-27 14:53:46,0.6299999
2019-06-27 14:54:01,0.05
2019-06-27 14:54:58,0.05
2019-06-27 14:55:25,-0.13
2019-06-27 14:57:20,-0.13
2019-06-27 14:57:53,-0.01
2019-06-27 14:58:49,-0.01
2019-06-27 14:59:41,-0.16
2019-06-27 15:00:37,-0.16
2019-06-27 15:01:18,0.02
2019-06-27 15:02:14,0.02
2019-06-27 15:02:21,-0.06
2019-06-27 15:23:16,-0.06
2019-06-27 15:24:12,-0.14
2019-06-27 15:25:07,-0.14
2019-06-27 15:25:49,0.03
2019-06-27 15:26:44,0.03
2019-06-27 15:26:54,-0.15
2019-06-27 15:27:42,0.04
2019-06-27 15:28:38,0.04
2019-06-27 15:28:59,-0.12
2019-06-27 15:29:56,-0.12
2019-06-27 15:30:59,0.01
2019-06-27 15:32:55,0.01
2019-06-27 15:33:24,-0.09
2019-06-27 15:41:20,-0.09
2019-06-27 15:41:43,0.01
2019-06-27 15:43:39,0.01
2019-06-27 15:43:51,-0.05
2019-06-27 15:47:48,-0.05
2019-06-27 15:48:18,-0.19
2019-06-27 15:49:14,-0.19
2019-06-27 15:49:30,-0.03
2019-06-27 15:51:26,-0.03
2019-06-27 15:51:58,-0.15
2019-06-27 15:52:54,-0.15
2019-06-27 15:53:17,0.02
2019-06-27 15:55:14,0.02
2019-06-27 15:56:08,-0.16
2019-06-27 15:57:05,-0.16
2019-06-27 15:57:31,-0.12
2019-06-27 16:00:27,-0.12
2019-06-27 16:00:57,0.01
2019-06-27 16:02:53,0.01
2019-06-27 16:03:14,-0.13
2019-06-27 16:04:10,-0.13
2019-06-27 16:05:02,0.05
2019-06-27 16:05:58,0.05
2019-06-27 16:06:23,-0.15
2019-06-27 16:08:20,-0.15
2019-06-27 16:08:52,-0.1
2019-06-27 16:10:47,-0.1
2019-06-27 16:11:48,0.0
2019-06-27 16:13:44,0.0
2019-06-27 16:13:56,-0.09
2019-06-27 16:17:52,-0.09
2019-06-27 16:18:38,0.01
2019-06-27 16:19:34,0.01
2019-06-27 16:19:53,-0.16
2019-06-27 16:21:48,-0.16
2019-06-27 16:21:58,0.05999999
2019-06-27 16:22:46,2.809999
2019-06-27 16:22:47,10.75
2019-06-27 16:22:47,12.87
2019-06-27 16:22:49,8.099998
2019-06-27 16:22:50,5.679999
2019-06-27 16:22:51,3.24
2019-06-27 16:22:53,1.22
2019-06-27 16:23:02,0.05999999
2019-06-27 16:23:58,0.05999999
2019-06-27 16:24:11,-0.12
2019-06-27 16:26:07,-0.12
2019-06-27 16:27:03,-0.02
2019-06-27 16:28:58,-0.02
2019-06-27 16:29:34,-0.18
2019-06-27 16:30:30,-0.18
2019-06-27 16:30:45,-0.03
2019-06-27 16:32:41,-0.03
2019-06-27 16:33:13,-0.11
2019-06-27 16:35:09,-0.11
2019-06-27 16:35:58,0.03
2019-06-27 16:36:54,0.03
2019-06-27 16:37:55,-0.07000001
2019-06-27 16:54:51,-0.07000001
2019-06-27 16:55:40,0.0
2019-06-27 16:56:36,0.0
2019-06-27 16:56:50,-0.13
2019-06-27 16:58:45,-0.13
2019-06-27 16:59:47,-0.03
2019-06-27 17:04:43,-0.03
2019-06-27 17:05:18,-0.11
2019-06-27 17:07:13,-0.11
2019-06-27 17:08:06,0.05
2019-06-27 17:09:02,0.05
2019-06-27 17:09:27,-0.13
2019-06-27 17:11:23,-0.13
2019-06-27 17:11:28,0.02
2019-06-27 17:12:24,0.02
2019-06-27 17:12:45,-0.13
2019-06-27 17:13:41,-0.13
2019-06-27 17:14:20,0.02
2019-06-27 17:15:16,0.02
2019-06-27 17:15:53,-0.15
2019-06-27 17:17:49,-0.15
2019-06-27 17:18:10,0.0
2019-06-27 17:20:05,0.0
2019-06-27 17:20:11,-0.15
2019-06-27 17:21:06,-0.15
2019-06-27 17:21:45,-0.05
2019-06-27 17:24:40,-0.05
2019-06-27 17:25:13,-0.16
2019-06-27 17:26:09,-0.16
2019-06-27 17:26:55,-0.12
2019-06-27 17:28:51,-0.12
2019-06-27 17:29:46,0.02
2019-06-27 17:30:43,0.02
2019-06-27 17:31:19,-0.09
2019-06-27 17:41:15,-0.09
2019-06-27 17:41:29,0.05999999
2019-06-27 17:42:13,-0.15
2019-06-27 17:43:09,-0.15
2019-06-27 17:44:11,0.0
2019-06-27 17:46:07,0.0
2019-06-27 17:47:10,-0.08
2019-06-27 17:55:06,-0.08
2019-06-27 17:55:26,0.02
2019-06-27 17:56:22,0.02
2019-06-27 17:57:03,-0.07000001
2019-06-27 18:15:59,-0.07000001
2019-06-27 18:16:07,-0.03
2019-06-27 18:20:03,-0.03
2019-06-27 18:20:34,-0.13
2019-06-27 18:22:29,-0.13
2019-06-27 18:22:38,-0.12
2019-06-27 18:24:33,-0.12
2019-06-27 18:24:57,-0.08
2019-06-27 18:28:53,-0.08
2019-06-27 18:29:53,0.01
2019-06-27 18:30:49,0.01
2019-06-27 18:31:49,-0.11
2019-06-27 18:33:45,-0.11
2019-06-27 18:34:33,0.01
2019-06-27 18:35:30,0.01
2019-06-27 18:36:33,-0.1
2019-06-27 18:39:28,-0.1
2019-06-27 18:40:03,0.0
2019-06-27 18:41:59,0.0
2019-06-27 18:43:03,-0.18
2019-06-27 18:43:59,-0.18
2019-06-27 18:44:13,0.05
2019-06-27 18:45:08,0.05
2019-06-27 18:45:24,-0.13
2019-06-27 18:47:20,-0.13
2019-06-27 18:47:50,0.05
2019-06-27 18:48:45,0.05
2019-06-27 18:49:34,-0.07000001
2019-06-27 18:54:30,-0.07000001
2019-06-27 18:55:23,0.03
2019-06-27 18:56:19,0.03
2019-06-27 18:56:25,-0.18
2019-06-27 18:57:20,-0.18
2019-06-27 18:57:48,-0.09
2019-06-27 19:00:44,-0.09
2019-06-27 19:01:02,-0.05
2019-06-27 19:17:58,-0.05
2019-06-27 19:18:04,0.0
2019-06-27 19:21:59,0.0
2019-06-27 19:22:48,-0.12
2019-06-27 19:23:43,-0.12
2019-06-27 19:24:35,0.06999999
2019-06-27 19:25:31,0.06999999
2019-06-27 19:26:18,-0.15
2019-06-27 19:27:10,0.06999999
2019-06-27 19:27:56,-0.16
2019-06-27 19:28:52,-0.16
2019-06-27 19:29:11,0.05
2019-06-27 19:30:07,0.05
2019-06-27 19:30:22,-0.12
2019-06-27 19:31:18,-0.12
2019-06-27 19:31:50,-0.06
2019-06-27 19:36:47,-0.06
2019-06-27 19:36:56,0.02
2019-06-27 19:37:51,0.02
2019-06-27 19:38:19,-0.11
2019-06-27 19:40:14,-0.11
2019-06-27 19:40:47,-0.03
2019-06-27 19:41:44,-0.03
2019-06-27 19:42:01,-0.13
2019-06-27 19:42:57,-0.13
2019-06-27 19:43:40,0.03
2019-06-27 19:44:35,0.03
2019-06-27 19:45:14,-0.05
2019-06-27 20:20:11,-0.05
2019-06-27 20:20:36,0.05
2019-06-27 20:21:31,0.05
2019-06-27 20:21:57,-0.16
2019-06-27 20:22:52,-0.16
2019-06-27 20:23:11,-0.03
2019-06-27 20:33:06,-0.03
2019-06-27 20:33:27,-0.1
2019-06-27 20:34:22,-0.1
2019-06-27 20:35:15,0.04
2019-06-27 20:36:11,0.04
2019-06-27 20:36:47,-0.04
2019-06-27 20:56:42,-0.04
2019-06-27 20:57:05,0.08999999
2019-06-27 20:58:03,-0.11
2019-06-27 20:58:59,-0.11
2019-06-27 20:59:21,-0.03
2019-06-27 21:14:16,-0.03
2019-06-27 21:15:13,0.09999999
2019-06-27 21:16:09,0.09999999
2019-06-27 21:16:20,-0.12
2019-06-27 21:17:15,-0.12
2019-06-27 21:17:52,-0.01
2019-06-27 21:20:47,-0.01
2019-06-27 21:21:18,-0.13
2019-06-27 21:22:13,-0.13
2019-06-27 21:22:44,0.02
2019-06-27 21:24:39,0.02
2019-06-27 21:25:10,-0.14
2019-06-27 21:26:06,-0.14
2019-06-27 21:27:00,0.03
2019-06-27 21:28:56,0.03
2019-06-27 21:29:23,-0.13
2019-06-27 21:30:19,-0.13
2019-06-27 21:30:42,0.05
2019-06-27 21:31:37,0.05
2019-06-27 21:32:13,-0.12
2019-06-27 21:33:09,-0.12
2019-06-27 21:33:32,0.05
2019-06-27 21:34:27,0.05
2019-06-27 21:34:55,-0.11
