Time_Stamp,Value
2019-06-19 08:00:22,50.95998
2019-06-19 08:00:26,50.45998
2019-06-19 08:01:19,49.74998
2019-06-19 08:01:52,48.75999
2019-06-19 08:02:44,47.94998
2019-06-19 08:03:06,47.22998
2019-06-19 08:04:04,47.22998
2019-06-19 08:04:27,47.38999
2019-06-19 08:05:25,47.38999
2019-06-19 08:06:17,48.10999
2019-06-19 08:07:15,48.10999
2019-06-19 08:07:26,48.73999
2019-06-19 08:07:53,49.26998
2019-06-19 08:08:25,48.98999
2019-06-19 08:09:00,49.22998
2019-06-19 08:09:59,49.22998
2019-06-19 08:10:02,48.68999
2019-06-19 08:11:00,48.68999
2019-06-19 08:11:18,49.63998
2019-06-19 08:11:52,50.33998
2019-06-19 08:12:14,50.92999
2019-06-19 08:12:49,51.48999
2019-06-19 08:13:12,52.19999
2019-06-19 08:13:53,52.71999
2019-06-19 08:14:21,53.25999
2019-06-19 08:14:46,53.92999
2019-06-19 08:15:40,54.80998
2019-06-19 08:16:12,54.54999
2019-06-19 08:16:29,55.38998
2019-06-19 08:17:27,55.38998
2019-06-19 08:17:40,55.99998
2019-06-19 08:18:03,55.85999
2019-06-19 08:18:33,55.41998
2019-06-19 08:19:31,55.41998
2019-06-19 08:19:49,55.30999
2019-06-19 08:20:22,54.89999
2019-06-19 08:21:21,54.42999
2019-06-19 08:22:19,54.42999
2019-06-19 08:22:31,53.99999
2019-06-19 08:23:29,53.99999
2019-06-19 08:23:50,54.03999
2019-06-19 08:24:48,54.03999
2019-06-19 08:25:02,53.95999
2019-06-19 08:25:49,53.75999
2019-06-19 08:27:48,53.75999
2019-06-19 08:28:33,53.18999
2019-06-19 08:29:09,53.59998
2019-06-19 08:29:43,53.17999
2019-06-19 08:32:41,53.17999
2019-06-19 08:33:19,52.68999
2019-06-19 08:34:17,52.68999
2019-06-19 08:34:21,52.86999
2019-06-19 08:35:20,52.86999
2019-06-19 08:36:06,52.99998
2019-06-19 08:36:43,53.30999
2019-06-19 08:37:40,53.30999
2019-06-19 08:37:47,53.74998
2019-06-19 08:39:45,53.74998
2019-06-19 08:40:05,54.29998
2019-06-19 08:41:02,54.29998
2019-06-19 08:41:12,53.72998
2019-06-19 08:41:40,54.03999
2019-06-19 08:42:38,54.03999
2019-06-19 08:43:37,54.17999
2019-06-19 08:46:35,54.17999
2019-06-19 08:46:46,54.30998
2019-06-19 08:47:40,54.15999
2019-06-19 08:48:38,54.15999
2019-06-19 08:49:04,54.31998
2019-06-19 08:50:02,54.31998
2019-06-19 08:50:29,54.63999
2019-06-19 08:51:09,54.06998
2019-06-19 08:51:35,54.68999
2019-06-19 08:52:02,54.16998
2019-06-19 08:53:00,54.16998
2019-06-19 08:53:11,54.37998
2019-06-19 08:54:09,54.37998
2019-06-19 08:54:39,54.10999
2019-06-19 08:55:34,54.48
2019-06-19 08:56:01,53.97999
2019-06-19 08:56:25,54.45999
2019-06-19 08:56:52,54.08999
2019-06-19 08:57:49,54.08999
2019-06-19 08:58:22,54.54999
2019-06-19 08:58:56,54.22998
2019-06-19 09:05:54,54.22998
2019-06-19 09:06:05,54.42999
2019-06-19 09:07:03,54.42999
2019-06-19 09:07:37,54.80998
2019-06-19 09:08:24,54.69999
2019-06-19 09:09:22,54.69999
2019-06-19 09:09:55,54.42
2019-06-19 09:10:53,54.42
2019-06-19 09:11:52,54.55999
2019-06-19 09:12:51,54.55999
2019-06-19 09:13:06,54.32998
2019-06-19 09:13:37,54.64999
2019-06-19 09:14:35,54.64999
2019-06-19 09:15:33,54.88998
2019-06-19 09:15:51,54.45
2019-06-19 09:17:48,54.45
2019-06-19 09:18:12,54.13998
2019-06-19 09:19:10,54.13998
2019-06-19 09:19:47,53.72998
2019-06-19 09:22:45,53.72998
2019-06-19 09:23:02,53.59998
2019-06-19 09:25:59,53.59998
2019-06-19 09:26:46,53.88999
2019-06-19 09:28:45,53.88999
2019-06-19 09:28:56,54.30998
2019-06-19 09:29:55,54.30998
2019-06-19 09:30:56,54.02999
2019-06-19 09:31:44,54.23998
2019-06-19 09:32:42,54.23998
2019-06-19 09:32:56,54.09998
2019-06-19 09:34:53,54.09998
2019-06-19 09:35:18,55.85999
2019-06-19 09:35:27,53.85999
2019-06-19 09:35:50,55.50999
2019-06-19 09:36:13,54.16998
2019-06-19 09:36:36,55.14999
2019-06-19 09:37:20,54.83998
2019-06-19 09:37:44,53.71998
2019-06-19 09:38:02,55.03999
2019-06-19 09:38:24,53.98999
2019-06-19 09:38:48,54.74998
2019-06-19 09:39:39,53.87
2019-06-19 09:39:59,54.43999
2019-06-19 09:44:57,54.43999
2019-06-19 09:45:22,54.55999
2019-06-19 09:46:22,54.82999
2019-06-19 09:46:48,54.30998
2019-06-19 09:47:14,55.05
2019-06-19 09:47:31,54.70998
2019-06-19 09:48:05,54.42999
2019-06-19 09:50:03,54.42999
2019-06-19 09:50:33,54.77998
2019-06-19 09:51:10,54.17999
2019-06-19 09:51:53,53.84
2019-06-19 09:52:17,53.17999
2019-06-19 09:52:56,53.65998
2019-06-19 09:53:36,53.24999
2019-06-19 09:54:11,53.74998
2019-06-19 09:54:38,53.52998
2019-06-19 09:55:37,53.41999
2019-06-19 09:56:33,53.89999
2019-06-19 09:57:21,54.34998
2019-06-19 09:58:19,54.34998
2019-06-19 09:58:42,54.83998
2019-06-19 09:59:29,54.29998
2019-06-19 10:00:27,54.29998
2019-06-19 10:00:36,53.81
2019-06-19 10:00:57,53.29999
2019-06-19 10:01:32,52.92999
2019-06-19 10:01:58,53.45998
2019-06-19 10:02:24,54.05999
2019-06-19 10:03:06,53.70998
2019-06-19 10:03:52,53.36999
2019-06-19 10:04:49,53.36999
2019-06-19 10:04:56,52.82999
2019-06-19 10:05:45,52.14999
2019-06-19 10:06:19,51.40999
2019-06-19 10:07:17,51.40999
2019-06-19 10:07:44,52.18999
2019-06-19 10:08:31,51.85
2019-06-19 10:09:17,51.34999
2019-06-19 10:10:11,50.92999
2019-06-19 10:12:09,50.92999
2019-06-19 10:12:16,49.75999
2019-06-19 10:15:13,49.75999
2019-06-19 10:15:37,50.06999
2019-06-19 10:16:35,50.06999
2019-06-19 10:16:40,49.59999
2019-06-19 10:17:29,49.35999
2019-06-19 10:18:09,49.18998
2019-06-19 10:18:54,48.75999
2019-06-19 10:19:16,47.95998
2019-06-19 10:20:13,47.95998
2019-06-19 10:20:20,47.50999
2019-06-19 10:20:42,46.81999
2019-06-19 10:21:17,46.40999
2019-06-19 10:21:47,45.94998
2019-06-19 10:22:11,45.30998
2019-06-19 10:22:41,44.87
2019-06-19 10:23:11,44.49998
2019-06-19 10:23:29,43.80999
2019-06-19 10:24:01,43.20998
2019-06-19 10:24:26,42.60999
2019-06-19 10:24:51,41.97999
2019-06-19 10:25:20,41.32999
2019-06-19 10:25:49,40.76999
2019-06-19 10:26:39,40.32999
2019-06-19 10:27:37,40.32999
2019-06-19 10:28:13,39.49999
2019-06-19 10:29:12,39.49999
2019-06-19 10:29:45,40.10999
2019-06-19 10:30:10,39.84999
2019-06-19 10:31:09,39.84999
2019-06-19 10:31:21,39.23999
2019-06-19 10:32:18,39.23999
2019-06-19 10:32:38,38.65999
2019-06-19 10:33:04,38.03999
2019-06-19 10:33:41,38.48999
2019-06-19 10:34:23,39.38999
2019-06-19 10:35:20,39.38999
2019-06-19 10:35:32,39.83999
2019-06-19 10:36:12,39.57999
2019-06-19 10:37:10,39.57999
2019-06-19 10:37:21,39.34999
2019-06-19 10:38:18,39.34999
2019-06-19 10:38:42,39.87999
2019-06-19 10:39:39,39.87999
2019-06-19 10:40:02,40.70999
2019-06-19 10:40:31,40.38
2019-06-19 10:41:29,41.16999
2019-06-19 10:41:43,40.76999
2019-06-19 10:42:06,41.56998
2019-06-19 10:42:37,42.25999
2019-06-19 10:42:56,42.98999
2019-06-19 10:43:28,43.35999
2019-06-19 10:43:57,44.17999
2019-06-19 10:44:47,43.80999
2019-06-19 10:45:44,43.89999
2019-06-19 10:46:29,44.07998
2019-06-19 10:47:27,44.07998
2019-06-19 10:47:45,44.37999
2019-06-19 10:51:42,44.37999
2019-06-19 10:51:48,44.00999
2019-06-19 10:52:30,44.45999
2019-06-19 10:53:03,43.87999
2019-06-19 10:54:01,43.87999
2019-06-19 10:54:57,43.79999
2019-06-19 10:55:54,43.79999
2019-06-19 10:56:25,44.33999
2019-06-19 10:57:00,43.83999
2019-06-19 10:57:32,43.17999
2019-06-19 10:58:23,43.75999
2019-06-19 10:58:40,43.05999
2019-06-19 10:58:59,44.04998
2019-06-19 10:59:53,44.47999
2019-06-19 11:00:17,44.98999
2019-06-19 11:00:46,44.07998
2019-06-19 11:01:32,43.20998
2019-06-19 11:02:06,43.87999
2019-06-19 11:02:48,44.52998
2019-06-19 11:03:17,45.05999
2019-06-19 11:03:37,45.56999
2019-06-19 11:04:08,45.93998
2019-06-19 11:04:27,45.30998
2019-06-19 11:04:52,44.91999
2019-06-19 11:05:10,44.00999
2019-06-19 11:06:08,44.00999
2019-06-19 11:06:18,44.59998
2019-06-19 11:07:16,44.59998
2019-06-19 11:07:23,45.21999
2019-06-19 11:08:03,45.91998
2019-06-19 11:08:55,46.20999
2019-06-19 11:09:53,46.20999
2019-06-19 11:10:02,46.34999
2019-06-19 11:10:28,45.61999
2019-06-19 11:10:54,44.98999
2019-06-19 11:11:52,44.98999
2019-06-19 11:11:55,45.68999
2019-06-19 11:12:23,46.34999
2019-06-19 11:12:46,45.79999
2019-06-19 11:13:38,45.90998
2019-06-19 11:14:08,45.01999
2019-06-19 11:15:06,45.01999
2019-06-19 11:15:35,44.37999
2019-06-19 11:16:00,45.20998
2019-06-19 11:16:57,45.20998
2019-06-19 11:17:02,45.56999
2019-06-19 11:17:32,45.94998
2019-06-19 11:18:20,46.18999
2019-06-19 11:18:42,46.78999
2019-06-19 11:19:26,47.61999
2019-06-19 11:20:05,48.56998
2019-06-19 11:20:38,49.63998
2019-06-19 11:21:17,50.36999
2019-06-19 11:21:44,50.84999
2019-06-19 11:22:04,52.20998
2019-06-19 11:22:55,52.63999
2019-06-19 11:23:25,53.23999
2019-06-19 11:23:50,53.71998
2019-06-19 11:24:26,54.58999
2019-06-19 11:24:56,55.12999
2019-06-19 11:25:20,54.42999
2019-06-19 11:25:57,55.05
2019-06-19 11:27:55,55.05
2019-06-19 11:28:07,55.59998
2019-06-19 11:29:04,55.09
2019-06-19 11:30:01,55.09
2019-06-19 11:30:16,54.76999
2019-06-19 11:30:57,54.04999
2019-06-19 11:32:38,52.83999
2019-06-19 11:33:22,52.34998
2019-06-19 11:33:50,51.65998
2019-06-19 11:34:47,51.65998
2019-06-19 11:35:04,51.27999
2019-06-19 11:35:51,51.01998
2019-06-19 11:36:28,50.60999
2019-06-19 11:37:26,50.60999
2019-06-19 11:37:57,50.06999
2019-06-19 11:38:40,50.29999
2019-06-19 11:40:38,50.29999
2019-06-19 11:41:08,49.95
2019-06-19 11:41:41,50.09999
2019-06-19 11:42:34,50.56
2019-06-19 11:44:31,50.56
2019-06-19 11:44:44,50.66999
2019-06-19 11:45:09,51.06998
2019-06-19 11:46:07,51.06998
2019-06-19 11:46:29,51.39999
2019-06-19 11:47:27,51.39999
2019-06-19 11:48:17,51.58999
2019-06-19 11:48:54,51.09998
2019-06-19 11:49:20,51.52998
2019-06-19 11:50:18,51.52998
2019-06-19 11:50:35,51.74998
2019-06-19 11:51:02,51.34999
2019-06-19 11:51:53,50.79999
2019-06-19 11:52:32,50.63999
2019-06-19 11:53:00,50.07999
2019-06-19 11:53:51,49.77998
2019-06-19 11:55:48,49.77998
2019-06-19 11:57:14,48.34998
2019-06-19 11:58:12,47.83998
2019-06-19 11:58:45,48.13999
2019-06-19 12:00:43,48.13999
2019-06-19 12:01:24,47.90998
2019-06-19 12:01:56,48.03999
2019-06-19 12:02:25,47.49999
2019-06-19 12:03:06,48.10999
2019-06-19 12:03:25,47.67999
2019-06-19 12:03:59,47.92998
2019-06-19 12:04:49,47.63999
2019-06-19 12:05:31,48.09
2019-06-19 12:06:17,47.75999
2019-06-19 12:06:51,48.28999
2019-06-19 12:07:36,47.79999
2019-06-19 12:08:05,48.05999
2019-06-19 12:08:52,48.25999
2019-06-19 12:09:49,48.25999
2019-06-19 12:10:13,47.59999
2019-06-19 12:11:11,47.59999
2019-06-19 12:11:38,47.39999
2019-06-19 12:12:29,47.48
2019-06-19 12:13:26,48.13999
2019-06-19 12:14:09,48.43999
2019-06-19 12:14:27,49.03999
2019-06-19 12:14:46,48.27999
2019-06-19 12:15:18,48.68999
2019-06-19 12:16:11,49.20998
2019-06-19 12:16:27,50.02999
2019-06-19 12:17:09,50.62
2019-06-19 12:17:35,51.21999
2019-06-19 12:18:15,51.93999
2019-06-19 12:19:13,52.64999
2019-06-19 12:19:48,53.10998
2019-06-19 12:20:25,53.61998
2019-06-19 12:21:21,54.06998
2019-06-19 12:22:16,53.49998
2019-06-19 12:23:13,53.49998
2019-06-19 12:23:47,53.70998
2019-06-19 12:24:27,53.39999
2019-06-19 12:24:53,53.04998
2019-06-19 12:25:52,52.43998
2019-06-19 12:26:43,51.67999
2019-06-19 12:27:28,50.88998
2019-06-19 12:28:22,50.20999
2019-06-19 12:28:44,49.34999
2019-06-19 12:29:17,48.46999
2019-06-19 12:29:47,47.78999
2019-06-19 12:30:21,47.15998
2019-06-19 12:31:04,46.92999
2019-06-19 12:31:34,46.38998
2019-06-19 12:31:56,45.87998
2019-06-19 12:32:22,45.07999
2019-06-19 12:33:20,45.07999
2019-06-19 12:33:34,44.51999
2019-06-19 12:33:58,45.20998
2019-06-19 12:34:31,45.41998
2019-06-19 12:34:50,45.70999
2019-06-19 12:35:38,45.34998
2019-06-19 12:35:54,44.42999
2019-06-19 12:36:12,44.96999
2019-06-19 12:36:31,45.65999
2019-06-19 12:36:57,46.61998
2019-06-19 12:37:32,47.90998
2019-06-19 12:38:02,48.66
2019-06-19 12:38:22,49.37
2019-06-19 12:38:38,50.22999
2019-06-19 12:38:57,51.20999
2019-06-19 12:39:45,52.11999
2019-06-19 12:40:17,52.43998
2019-06-19 12:40:41,52.88998
2019-06-19 12:41:39,52.88998
2019-06-19 12:42:00,53.04998
2019-06-19 12:42:37,53.27999
2019-06-19 12:43:34,53.27999
2019-06-19 12:43:36,53.91999
2019-06-19 12:44:34,53.91999
2019-06-19 12:44:49,53.81
2019-06-19 12:45:32,53.08998
2019-06-19 12:45:56,52.36998
2019-06-19 12:46:17,51.41999
2019-06-19 12:46:34,50.62
2019-06-19 12:46:57,49.48999
2019-06-19 12:47:18,48.76999
2019-06-19 12:47:48,48.02999
2019-06-19 12:48:13,47.05999
2019-06-19 12:48:46,46.43999
2019-06-19 12:49:02,45.68999
2019-06-19 12:49:28,45.13998
2019-06-19 12:49:50,44.41999
2019-06-19 12:50:09,43.85999
2019-06-19 12:50:41,43.11999
2019-06-19 12:51:13,42.59998
2019-06-19 12:52:03,42.03999
2019-06-19 12:52:44,41.51998
2019-06-19 12:53:07,41.09999
2019-06-19 12:53:40,40.49999
2019-06-19 12:54:31,40.07999
2019-06-19 12:55:17,39.71999
2019-06-19 12:56:15,39.71999
2019-06-19 12:56:18,39.38
2019-06-19 12:56:45,38.8
2019-06-19 12:57:42,38.8
2019-06-19 12:57:47,38.58999
2019-06-19 13:01:44,38.58999
2019-06-19 13:02:23,38.13999
2019-06-19 13:02:53,38.71999
2019-06-19 13:03:24,38.33999
2019-06-19 13:04:22,38.33999
2019-06-19 13:05:07,38.90999
2019-06-19 13:07:05,38.90999
2019-06-19 13:07:10,39.16999
2019-06-19 13:08:07,39.16999
2019-06-19 13:08:27,39.48999
2019-06-19 13:09:25,39.48999
2019-06-19 13:09:31,39.86999
2019-06-19 13:10:28,39.86999
2019-06-19 13:10:55,40.25999
2019-06-19 13:11:53,40.09999
2019-06-19 13:12:51,40.09999
2019-06-19 13:13:05,40.51999
2019-06-19 13:15:02,40.51999
2019-06-19 13:15:19,40.28999
2019-06-19 13:19:15,40.28999
2019-06-19 13:19:31,40.77999
2019-06-19 13:20:04,40.44999
2019-06-19 13:22:02,40.44999
2019-06-19 13:22:08,40.84999
2019-06-19 13:22:40,40.22999
2019-06-19 13:23:17,40.71999
2019-06-19 13:23:51,40.47999
2019-06-19 13:27:48,40.47999
2019-06-19 13:28:31,40.12
2019-06-19 13:29:28,40.12
2019-06-19 13:30:23,39.91999
2019-06-19 13:31:20,39.91999
2019-06-19 13:31:26,39.71999
2019-06-19 13:31:54,39.97999
2019-06-19 13:32:15,39.44999
2019-06-19 13:32:44,39.75999
2019-06-19 13:33:42,39.75999
2019-06-19 13:34:32,39.94999
2019-06-19 13:35:29,39.94999
2019-06-19 13:36:19,39.64999
2019-06-19 13:37:17,39.64999
2019-06-19 13:37:46,39.32999
2019-06-19 13:38:44,39.32999
2019-06-19 13:39:37,38.93999
2019-06-19 13:40:03,39.41999
2019-06-19 13:41:01,39.81999
2019-06-19 13:41:26,39.06
2019-06-19 13:41:48,39.55999
2019-06-19 13:42:20,38.97999
2019-06-19 13:42:54,38.45999
2019-06-19 13:43:10,38.89999
2019-06-19 13:43:37,38.41
2019-06-19 13:44:10,37.89999
2019-06-19 13:44:40,37.16
2019-06-19 13:45:38,37.16
2019-06-19 13:45:45,37.50999
2019-06-19 13:46:42,37.50999
2019-06-19 13:47:40,38.00999
2019-06-19 13:48:36,37.07999
2019-06-19 13:49:27,37.31999
2019-06-19 13:49:52,36.52999
2019-06-19 13:50:08,37.27999
2019-06-19 13:50:27,36.55
2019-06-19 13:50:57,36.91
2019-06-19 13:51:54,36.91
2019-06-19 13:52:03,36.49999
2019-06-19 13:52:45,36.68999
2019-06-19 13:53:17,36.21999
2019-06-19 13:53:45,36.84
2019-06-19 13:54:01,35.98
2019-06-19 13:54:29,36.40999
2019-06-19 13:55:26,36.40999
2019-06-19 13:55:42,37.10999
2019-06-19 13:56:25,37.92999
2019-06-19 13:57:04,38.43999
2019-06-19 13:57:28,38.80999
2019-06-19 13:57:58,39.37
2019-06-19 13:58:24,40.25999
2019-06-19 13:59:10,40.46999
2019-06-19 13:59:28,41.05
2019-06-19 14:00:26,41.05
2019-06-19 14:00:50,41.71999
2019-06-19 14:01:14,41.05999
2019-06-19 14:01:32,41.6
2019-06-19 14:01:55,41.08999
2019-06-19 14:02:23,41.46999
2019-06-19 14:02:53,40.96
2019-06-19 14:03:29,41.03999
2019-06-19 14:03:58,41.54998
2019-06-19 14:04:45,41.20999
2019-06-19 14:06:42,41.20999
2019-06-19 14:06:52,40.82999
2019-06-19 14:07:38,40.86999
2019-06-19 14:08:36,40.86999
2019-06-19 14:08:57,40.77999
2019-06-19 14:09:33,40.54999
2019-06-19 14:10:19,40.88999
2019-06-19 14:10:58,40.41999
2019-06-19 14:11:30,40.67999
2019-06-19 14:16:28,40.67999
2019-06-19 14:17:18,40.19999
2019-06-19 14:17:52,40.45999
2019-06-19 14:18:50,40.45999
2019-06-19 14:19:46,40.22999
2019-06-19 14:20:42,40.09999
2019-06-19 14:21:17,40.41
2019-06-19 14:22:14,40.41
2019-06-19 14:22:52,39.99999
2019-06-19 14:23:33,40.16999
2019-06-19 14:24:30,40.16999
2019-06-19 14:25:12,39.70999
2019-06-19 14:25:35,40.23999
2019-06-19 14:27:33,40.23999
2019-06-19 14:27:58,40.39999
2019-06-19 14:28:56,40.39999
2019-06-19 14:29:57,40.99
2019-06-19 14:30:32,40.45999
2019-06-19 14:32:29,40.45999
2019-06-19 14:32:33,39.92999
2019-06-19 14:33:02,39.33999
2019-06-19 14:34:00,39.33999
2019-06-19 14:34:06,38.82999
2019-06-19 14:34:46,38.45
2019-06-19 14:35:26,38.62999
2019-06-19 14:36:23,38.62999
2019-06-19 14:36:37,39.24999
2019-06-19 14:37:02,38.81999
2019-06-19 14:37:36,38.57999
2019-06-19 14:38:13,39.09
2019-06-19 14:39:05,38.98999
2019-06-19 14:40:03,38.98999
2019-06-19 14:40:20,39.38
2019-06-19 14:45:18,39.38
2019-06-19 14:45:56,39.10999
2019-06-19 14:46:35,39.59999
2019-06-19 14:47:32,39.59999
2019-06-19 14:48:05,39.16
2019-06-19 14:48:32,39.27999
2019-06-19 14:48:55,39.50999
2019-06-19 14:49:53,39.50999
2019-06-19 14:50:17,39.54999
2019-06-19 14:51:01,39.44999
2019-06-19 14:51:22,38.94999
2019-06-19 14:52:00,39.19999
2019-06-19 14:52:58,39.19999
2019-06-19 14:53:07,38.74
2019-06-19 14:53:41,39.16999
2019-06-19 14:54:07,38.65999
2019-06-19 14:55:04,38.65999
2019-06-19 14:55:34,38.42
2019-06-19 14:56:30,38.26999
2019-06-19 14:56:53,37.72999
2019-06-19 14:57:50,37.72999
2019-06-19 14:58:44,37.27999
2019-06-19 14:59:41,37.27999
2019-06-19 14:59:44,36.87999
2019-06-19 15:00:41,36.87999
2019-06-19 15:00:50,36.96999
2019-06-19 15:01:25,37.49999
2019-06-19 15:01:51,37.13
2019-06-19 15:02:10,37.67999
2019-06-19 15:03:08,37.67999
2019-06-19 15:03:32,38.00999
2019-06-19 15:04:08,38.42999
2019-06-19 15:04:54,38.93999
2019-06-19 15:05:30,38.81999
2019-06-19 15:06:18,38.98999
2019-06-19 15:08:15,38.98999
2019-06-19 15:08:54,38.59999
2019-06-19 15:09:53,38.59999
2019-06-19 15:10:12,37.99999
2019-06-19 15:11:09,37.99999
2019-06-19 15:12:07,37.61999
2019-06-19 15:13:01,37.52
2019-06-19 15:13:43,37.23999
2019-06-19 15:14:41,37.23999
2019-06-19 15:15:08,36.76999
2019-06-19 15:15:34,37.28999
2019-06-19 15:16:31,37.28999
2019-06-19 15:17:00,37.64999
2019-06-19 15:18:57,37.64999
2019-06-19 15:19:33,37.32999
2019-06-19 15:20:00,37.64999
2019-06-19 15:20:57,37.64999
2019-06-19 15:21:14,37.20999
2019-06-19 15:21:46,37.45999
2019-06-19 15:22:43,37.45999
2019-06-19 15:23:13,37.21999
2019-06-19 15:24:10,37.21999
2019-06-19 15:24:34,37.57999
2019-06-19 15:24:51,37.02999
2019-06-19 15:25:19,37.42999
2019-06-19 15:26:17,37.42999
2019-06-19 15:26:32,37.61999
2019-06-19 15:27:28,38.16
2019-06-19 15:27:46,37.59999
2019-06-19 15:28:42,38.14999
2019-06-19 15:29:09,37.48
2019-06-19 15:29:25,38.00999
2019-06-19 15:30:22,38.00999
2019-06-19 15:30:54,38.46999
2019-06-19 15:31:30,38.1
2019-06-19 15:32:03,38.23999
2019-06-19 15:32:55,38.12
2019-06-19 15:33:52,38.12
2019-06-19 15:34:09,37.88999
2019-06-19 15:34:31,38.48999
2019-06-19 15:34:55,38.23999
2019-06-19 15:35:52,38.23999
2019-06-19 15:36:25,38.52999
2019-06-19 15:37:22,38.52999
2019-06-19 15:37:31,38.10999
2019-06-19 15:38:14,38.65999
2019-06-19 15:38:51,38.48
2019-06-19 15:39:49,38.48
2019-06-19 15:40:41,38.64999
2019-06-19 15:41:38,38.64999
2019-06-19 15:42:15,38.77999
2019-06-19 15:44:13,38.77999
2019-06-19 15:44:26,38.52999
2019-06-19 15:46:23,38.52999
2019-06-19 15:47:18,37.91999
2019-06-19 15:47:36,38.38998
2019-06-19 15:48:33,38.38998
2019-06-19 15:49:24,38.81999
2019-06-19 15:49:57,38.41
2019-06-19 15:50:47,38.97999
2019-06-19 15:51:37,38.8
2019-06-19 15:52:34,38.8
2019-06-19 15:52:56,38.94999
2019-06-19 15:53:53,38.94999
2019-06-19 15:53:56,39.17999
2019-06-19 15:54:54,39.17999
2019-06-19 15:55:45,39.38999
2019-06-19 15:56:34,39.12
2019-06-19 15:57:32,39.52999
2019-06-19 15:58:01,39.01999
2019-06-19 15:58:31,39.41999
2019-06-19 15:59:28,39.41999
2019-06-19 16:00:15,38.65999
2019-06-19 16:00:28,39.28999
2019-06-19 16:01:26,39.28999
2019-06-19 16:01:52,39.73999
2019-06-19 16:02:19,39.27999
2019-06-19 16:03:16,39.27999
2019-06-19 16:03:43,39.13999
2019-06-19 16:05:40,39.13999
2019-06-19 16:06:33,38.74
2019-06-19 16:07:28,37.98999
2019-06-19 16:07:55,38.30999
2019-06-19 16:08:24,37.97999
2019-06-19 16:10:22,37.97999
2019-06-19 16:10:27,38.41
2019-06-19 16:12:25,38.41
2019-06-19 16:12:50,38.60999
2019-06-19 16:13:48,38.60999
2019-06-19 16:14:18,38.69999
2019-06-19 16:16:15,38.69999
2019-06-19 16:17:07,38.29999
2019-06-19 16:17:29,38.70999
2019-06-19 16:18:21,38.42
2019-06-19 16:18:58,39.05
2019-06-19 16:19:18,38.82999
2019-06-19 16:20:15,38.82999
2019-06-19 16:20:20,38.41
2019-06-19 16:20:55,38.67999
2019-06-19 16:21:43,39.06999
2019-06-19 16:22:40,39.06999
2019-06-19 16:23:12,39.41999
2019-06-19 16:24:09,39.41999
2019-06-19 16:24:14,39.48999
2019-06-19 16:24:43,40.12
2019-06-19 16:25:16,39.63999
2019-06-19 16:27:13,39.63999
2019-06-19 16:27:27,39.50999
2019-06-19 16:28:04,39.25999
2019-06-19 16:28:32,38.88999
2019-06-19 16:29:29,38.88999
2019-06-19 16:30:09,38.75999
2019-06-19 16:31:00,38.50999
2019-06-19 16:31:39,38.24999
2019-06-19 16:32:36,38.24999
2019-06-19 16:33:14,37.82999
2019-06-19 16:34:12,37.82999
2019-06-19 16:34:32,38.13
2019-06-19 16:35:28,38.45
2019-06-19 16:36:20,38.77
2019-06-19 16:38:17,38.77
2019-06-19 16:38:20,39.48
2019-06-19 16:38:47,38.98999
2019-06-19 16:39:38,39.50999
2019-06-19 16:40:36,39.50999
2019-06-19 16:41:37,39.73
2019-06-19 16:42:09,40.37
2019-06-19 16:42:43,40.12999
2019-06-19 16:43:40,40.12999
2019-06-19 16:44:14,39.85999
2019-06-19 16:44:48,40.52999
2019-06-19 16:45:14,39.64999
2019-06-19 16:45:39,40.09999
2019-06-19 16:46:37,40.09999
2019-06-19 16:46:41,39.82999
2019-06-19 16:47:38,39.82999
2019-06-19 16:48:09,40.29999
2019-06-19 16:48:38,39.86999
2019-06-19 16:49:11,40.09
2019-06-19 16:49:53,39.73
2019-06-19 16:50:27,40.15999
2019-06-19 16:51:10,40.05
2019-06-19 16:52:08,40.05
2019-06-19 16:52:16,39.57999
2019-06-19 16:52:37,39.93999
2019-06-19 16:53:27,39.81999
2019-06-19 16:54:15,39.57999
2019-06-19 16:55:10,39.17999
2019-06-19 16:55:45,39.56999
2019-06-19 16:56:39,39.27999
2019-06-19 16:57:36,39.27999
2019-06-19 16:57:48,39.43999
2019-06-19 16:59:46,39.43999
2019-06-19 17:00:12,39.92999
2019-06-19 17:00:46,39.46999
2019-06-19 17:01:29,38.94999
2019-06-19 17:02:10,38.70999
2019-06-19 17:02:41,38.24999
2019-06-19 17:03:37,38.24999
2019-06-19 17:04:03,37.67999
2019-06-19 17:04:28,37.2
2019-06-19 17:05:23,38.01999
2019-06-19 17:07:20,38.01999
2019-06-19 17:07:37,37.49
2019-06-19 17:08:35,37.49
2019-06-19 17:09:04,37.27999
2019-06-19 17:09:26,37.98999
2019-06-19 17:10:11,38.1
2019-06-19 17:10:37,37.45999
2019-06-19 17:11:19,37.24999
2019-06-19 17:12:16,37.24999
2019-06-19 17:12:22,37.84
2019-06-19 17:13:19,37.40999
2019-06-19 17:13:41,36.72999
2019-06-19 17:14:34,37.48
2019-06-19 17:15:01,36.91999
2019-06-19 17:15:20,37.61999
2019-06-19 17:15:51,38.74
2019-06-19 17:16:48,38.74
2019-06-19 17:17:04,38.96999
2019-06-19 17:17:31,38.19999
2019-06-19 17:18:17,37.70999
2019-06-19 17:18:40,38.51999
2019-06-19 17:19:23,39.17999
2019-06-19 17:20:20,39.17999
2019-06-19 17:20:48,38.8
2019-06-19 17:21:10,38.10999
2019-06-19 17:21:53,37.49999
2019-06-19 17:22:13,38.35999
2019-06-19 17:22:34,38.94999
2019-06-19 17:22:58,39.41999
2019-06-19 17:23:26,38.84999
2019-06-19 17:24:23,38.84999
2019-06-19 17:24:28,37.78999
2019-06-19 17:25:08,37.16999
2019-06-19 17:25:56,37.85999
2019-06-19 17:26:54,37.85999
2019-06-19 17:27:35,36.98999
2019-06-19 17:27:57,37.39999
2019-06-19 17:28:55,37.39999
2019-06-19 17:29:28,36.95999
2019-06-19 17:29:44,36.23
2019-06-19 17:31:41,36.23
2019-06-19 17:31:58,36.63999
2019-06-19 17:32:29,37.16999
2019-06-19 17:33:21,37.78999
2019-06-19 17:34:18,37.78999
2019-06-19 17:34:25,38.17999
2019-06-19 17:34:42,37.64999
2019-06-19 17:36:40,37.64999
2019-06-19 17:36:52,37.91999
2019-06-19 17:37:25,38.45
2019-06-19 17:38:11,38.71999
2019-06-19 17:39:08,38.71999
2019-06-19 17:39:33,39.13999
2019-06-19 17:40:07,39.88999
2019-06-19 17:40:37,39.54999
2019-06-19 17:41:22,39.99999
2019-06-19 17:42:17,39.44999
2019-06-19 17:43:15,38.63999
2019-06-19 17:44:09,39.13999
2019-06-19 17:44:34,38.68999
2019-06-19 17:45:18,38.13
2019-06-19 17:45:39,38.82999
2019-06-19 17:46:02,38.49999
2019-06-19 17:46:42,39.10999
2019-06-19 17:48:40,39.10999
2019-06-19 17:48:47,38.38998
2019-06-19 17:49:45,38.38998
2019-06-19 17:50:14,37.68999
2019-06-19 17:51:12,37.68999
2019-06-19 17:51:26,38.03999
2019-06-19 17:51:54,37.88999
2019-06-19 17:52:50,37.88999
2019-06-19 17:53:05,37.48
2019-06-19 17:55:02,37.48
2019-06-19 17:55:29,38.48
2019-06-19 17:55:53,37.96999
2019-06-19 17:56:16,38.75999
2019-06-19 17:57:13,38.75999
2019-06-19 17:57:58,39.01999
2019-06-19 17:58:34,39.31999
2019-06-19 17:59:30,39.31999
2019-06-19 17:59:43,39.56999
2019-06-19 18:00:37,39.93999
2019-06-19 18:01:35,39.93999
2019-06-19 18:01:49,40.07999
2019-06-19 18:02:47,40.07999
2019-06-19 18:03:07,40.26999
2019-06-19 18:04:04,40.26999
2019-06-19 18:04:07,39.98999
2019-06-19 18:05:05,39.98999
2019-06-19 18:05:14,40.34999
2019-06-19 18:06:04,39.98999
2019-06-19 18:07:02,39.98999
2019-06-19 18:07:27,39.32999
2019-06-19 18:09:24,39.32999
2019-06-19 18:09:56,39.73
2019-06-19 18:10:49,38.98999
2019-06-19 18:11:37,39.26999
2019-06-19 18:12:06,39.98999
2019-06-19 18:13:04,39.98999
2019-06-19 18:13:24,39.77999
2019-06-19 18:13:47,40.23999
2019-06-19 18:14:44,40.23999
2019-06-19 18:15:29,40.75999
2019-06-19 18:15:47,40.27999
2019-06-19 18:16:44,40.27999
2019-06-19 18:16:49,39.98999
2019-06-19 18:17:46,39.98999
2019-06-19 18:18:04,40.39999
2019-06-19 18:18:33,40.02999
2019-06-19 18:19:29,40.02999
2019-06-19 18:19:49,40.24999
2019-06-19 18:20:44,39.89999
2019-06-19 18:22:41,39.89999
2019-06-19 18:22:44,40.10999
2019-06-19 18:23:42,40.10999
2019-06-19 18:24:13,40.27999
2019-06-19 18:25:11,40.27999
2019-06-19 18:25:55,40.89999
2019-06-19 18:26:52,40.89999
2019-06-19 18:27:01,40.61999
2019-06-19 18:27:48,40.87999
2019-06-19 18:28:46,40.99
2019-06-19 18:29:39,41.40998
2019-06-19 18:30:14,40.91999
2019-06-19 18:31:12,40.91999
2019-06-19 18:31:24,41.27999
2019-06-19 18:31:45,40.74999
2019-06-19 18:32:23,40.98
2019-06-19 18:33:03,40.70999
2019-06-19 18:33:48,40.35999
2019-06-19 18:34:45,40.35999
2019-06-19 18:35:05,39.92999
2019-06-19 18:35:45,40.21999
2019-06-19 18:37:42,40.21999
2019-06-19 18:37:47,39.77999
2019-06-19 18:38:43,39.77999
2019-06-19 18:39:15,39.89999
2019-06-19 18:40:12,39.89999
2019-06-19 18:40:29,40.19999
2019-06-19 18:41:26,40.19999
2019-06-19 18:41:54,40.32999
2019-06-19 18:42:51,40.82999
2019-06-19 18:43:41,40.47999
2019-06-19 18:44:35,40.71999
2019-06-19 18:45:36,40.88999
2019-06-19 18:46:12,41.22999
2019-06-19 18:46:40,40.86999
2019-06-19 18:47:37,40.86999
2019-06-19 18:48:12,41.51998
2019-06-19 18:48:59,41.25999
2019-06-19 18:49:35,41.76999
2019-06-19 18:50:03,41.33999
2019-06-19 18:50:58,41.45998
2019-06-19 18:51:55,41.45998
2019-06-19 18:52:03,41.86999
2019-06-19 18:52:46,41.77999
2019-06-19 18:53:29,41.98998
2019-06-19 18:54:25,41.98998
2019-06-19 18:54:30,42.46999
2019-06-19 18:55:02,42.03999
2019-06-19 18:55:58,42.27999
2019-06-19 18:56:31,42.06998
2019-06-19 18:58:29,42.06998
2019-06-19 18:59:08,41.42999
2019-06-19 19:00:04,41.42999
2019-06-19 19:00:12,42.11998
2019-06-19 19:00:29,41.64999
2019-06-19 19:01:19,41.49998
2019-06-19 19:03:16,41.49998
2019-06-19 19:03:46,41.73
2019-06-19 19:04:42,41.73
2019-06-19 19:05:29,41.33999
2019-06-19 19:05:59,41.80999
2019-06-19 19:06:30,41.49998
2019-06-19 19:07:26,41.13999
2019-06-19 19:08:00,41.58998
2019-06-19 19:08:58,41.58998
2019-06-19 19:09:21,42.22998
2019-06-19 19:10:07,41.98998
2019-06-19 19:12:05,41.98998
2019-06-19 19:12:51,42.24999
2019-06-19 19:13:48,42.24999
2019-06-19 19:14:09,42.70998
2019-06-19 19:15:05,42.70998
2019-06-19 19:15:43,43.00999
2019-06-19 19:17:40,43.00999
2019-06-19 19:18:41,43.62999
2019-06-19 19:19:11,43.36998
2019-06-19 19:22:08,43.36998
2019-06-19 19:22:55,42.98
2019-06-19 19:25:52,42.98
2019-06-19 19:26:29,43.33998
2019-06-19 19:26:53,42.91
2019-06-19 19:27:21,43.36998
2019-06-19 19:27:38,43.01999
2019-06-19 19:28:36,43.01999
2019-06-19 19:29:13,42.79998
2019-06-19 19:29:59,43.04999
2019-06-19 19:30:57,43.04999
2019-06-19 19:31:01,42.85998
2019-06-19 19:31:58,42.85998
2019-06-19 19:33:00,42.55999
2019-06-19 19:33:49,42.83998
2019-06-19 19:34:46,42.83998
2019-06-19 19:35:14,42.42999
2019-06-19 19:35:35,42.78998
2019-06-19 19:36:31,42.78998
2019-06-19 19:36:51,43.19999
2019-06-19 19:37:32,43.31998
2019-06-19 19:38:29,43.31998
2019-06-19 19:38:34,43.98998
2019-06-19 19:38:59,43.49998
2019-06-19 19:39:53,43.81998
2019-06-19 19:40:51,43.81998
2019-06-19 19:41:20,44.10998
2019-06-19 19:42:18,44.10998
2019-06-19 19:43:06,44.39999
2019-06-19 19:44:01,44.09998
2019-06-19 19:45:59,44.09998
2019-06-19 19:46:12,44.30999
2019-06-19 19:47:08,44.30999
2019-06-19 19:47:45,44.64999
2019-06-19 19:51:42,44.64999
2019-06-19 19:52:04,45.05999
2019-06-19 19:54:01,45.05999
2019-06-19 19:54:28,44.87
2019-06-19 19:57:25,44.87
2019-06-19 19:58:24,44.63998
2019-06-19 20:00:21,44.63998
2019-06-19 20:00:47,44.88999
2019-06-19 20:01:35,45.31998
2019-06-19 20:02:32,45.31998
2019-06-19 20:02:50,45.72999
2019-06-19 20:03:21,46.09
2019-06-19 20:03:55,46.55998
2019-06-19 20:04:19,46.23999
2019-06-19 20:05:16,46.23999
2019-06-19 20:05:31,46.53999
2019-06-19 20:07:29,46.53999
2019-06-19 20:07:55,46.81999
2019-06-19 20:08:15,46.38998
2019-06-19 20:09:02,46.64998
2019-06-19 20:09:48,46.50999
2019-06-19 20:10:45,46.50999
2019-06-19 20:11:24,46.70998
2019-06-19 20:14:21,46.70998
2019-06-19 20:14:33,46.88999
2019-06-19 20:16:30,46.88999
2019-06-19 20:16:38,47.29998
2019-06-19 20:17:22,46.83999
2019-06-19 20:17:44,47.24998
2019-06-19 20:18:41,47.24998
2019-06-19 20:19:03,47.75999
2019-06-19 20:19:48,48.05
2019-06-19 20:20:45,48.05
2019-06-19 20:21:14,48.45998
2019-06-19 20:21:50,48.85999
2019-06-19 20:22:31,48.30999
2019-06-19 20:22:56,48.61998
2019-06-19 20:23:52,49.21998
2019-06-19 20:24:26,48.97999
2019-06-19 20:25:23,49.15998
2019-06-19 20:26:20,49.15998
2019-06-19 20:26:39,48.82999
2019-06-19 20:27:28,49.37
2019-06-19 20:28:25,49.37
2019-06-19 20:29:08,50.00999
2019-06-19 20:29:27,49.57999
2019-06-19 20:29:57,49.66998
2019-06-19 20:30:31,50.41998
2019-06-19 20:31:27,50.41998
2019-06-19 20:32:20,50.71999
2019-06-19 20:37:18,50.71999
2019-06-19 20:37:47,50.47998
2019-06-19 20:38:44,50.47998
2019-06-19 20:38:51,50.89999
2019-06-19 20:39:16,50.41998
2019-06-19 20:39:47,50.98998
2019-06-19 20:40:06,50.05999
2019-06-19 20:40:18,51.06998
2019-06-19 20:40:40,50.63999
2019-06-19 20:41:29,50.87999
2019-06-19 20:42:05,51.15998
2019-06-19 20:44:02,51.15998
2019-06-19 20:44:41,51.47999
2019-06-19 20:45:38,51.47999
2019-06-19 20:45:52,51.74998
2019-06-19 20:46:29,51.45999
2019-06-19 20:48:26,51.45999
2019-06-19 20:49:09,52.11999
2019-06-19 20:49:27,51.48999
2019-06-19 20:50:14,51.80998
2019-06-19 20:51:06,51.61999
2019-06-19 20:51:49,51.96999
2019-06-19 20:52:20,51.72998
2019-06-19 20:53:18,51.72998
2019-06-19 20:53:38,52.02999
2019-06-19 20:54:35,52.02999
2019-06-19 20:54:57,52.43998
2019-06-19 20:55:35,52.28999
2019-06-19 20:56:09,51.87
2019-06-19 20:57:06,51.87
2019-06-19 20:57:15,52.16999
2019-06-19 20:59:12,52.16999
2019-06-19 21:00:10,51.96999
2019-06-19 21:01:07,51.96999
2019-06-19 21:01:22,51.75998
2019-06-19 21:02:21,51.75998
2019-06-19 21:02:59,52.03999
2019-06-19 21:03:46,51.51999
2019-06-19 21:04:15,51.60999
2019-06-19 21:06:12,51.60999
2019-06-19 21:06:30,51.40999
2019-06-19 21:07:17,51.70998
2019-06-19 21:09:14,51.70998
2019-06-19 21:09:58,52.33998
2019-06-19 21:10:44,51.88999
2019-06-19 21:11:18,52.31998
2019-06-19 21:11:54,51.89999
2019-06-19 21:12:51,51.89999
2019-06-19 21:13:03,52.13998
2019-06-19 21:13:18,51.68998
2019-06-19 21:14:13,51.96999
2019-06-19 21:15:10,51.96999
2019-06-19 21:15:16,52.14999
2019-06-19 21:16:13,52.14999
2019-06-19 21:16:43,52.49
2019-06-19 21:17:39,52.00999
2019-06-19 21:18:28,52.41998
2019-06-19 21:19:14,51.91
2019-06-19 21:19:48,52.32999
2019-06-19 21:22:46,52.32999
2019-06-19 21:23:09,51.88999
2019-06-19 21:24:06,51.88999
2019-06-19 21:24:46,52.29998
2019-06-19 21:26:44,52.29998
2019-06-19 21:26:56,53.06998
2019-06-19 21:27:13,52.55
2019-06-19 21:27:47,52.84998
2019-06-19 21:28:44,52.84998
2019-06-19 21:29:15,53.44999
2019-06-19 21:33:12,53.44999
2019-06-19 21:33:37,53.01998
2019-06-19 21:34:24,53.28999
2019-06-19 21:35:07,53.10998
2019-06-19 21:36:03,53.10998
2019-06-19 21:36:08,52.65999
2019-06-19 21:36:40,53.04998
2019-06-19 21:37:05,52.69999
2019-06-19 21:39:02,52.69999
2019-06-19 21:39:36,52.44998
2019-06-19 21:40:20,52.07999
2019-06-19 21:41:17,52.07999
2019-06-19 21:42:09,52.64999
2019-06-19 21:43:06,52.64999
2019-06-19 21:43:28,53.13999
2019-06-19 21:44:02,52.79999
2019-06-19 21:45:59,52.79999
2019-06-19 21:46:42,52.42998
2019-06-19 21:48:39,52.42998
2019-06-19 21:49:38,52.98998
2019-06-19 21:50:35,52.98998
2019-06-19 21:50:40,53.84
2019-06-19 21:51:01,53.37999
2019-06-19 21:52:57,53.37999
2019-06-19 21:53:13,53.55998
2019-06-19 21:54:01,53.97999
2019-06-19 21:54:49,53.68998
2019-06-19 21:57:46,53.68998
2019-06-19 21:58:02,53.09998
2019-06-19 21:58:22,53.46999
2019-06-19 21:59:19,53.46999
2019-06-19 21:59:29,53.10998
2019-06-19 22:00:13,52.63999
2019-06-19 22:00:43,52.80999
2019-06-19 22:02:40,52.80999
2019-06-19 22:02:53,53.13
2019-06-19 22:03:41,52.95998
2019-06-19 22:04:39,52.95998
2019-06-19 22:05:02,52.73999
2019-06-19 22:05:42,53.01998
2019-06-19 22:06:17,52.80999
2019-06-19 22:07:06,53.14999
2019-06-19 22:07:32,52.76999
2019-06-19 22:08:29,52.76999
2019-06-19 22:09:17,52.40998
2019-06-19 22:09:51,52.49
2019-06-19 22:10:31,53.00998
2019-06-19 22:10:56,52.72999
2019-06-19 22:11:40,53.04998
2019-06-19 22:12:07,52.21999
2019-06-19 22:13:05,52.21999
2019-06-19 22:13:23,51.96999
2019-06-19 22:14:13,51.78998
2019-06-19 22:15:10,51.78998
2019-06-19 22:15:38,51.45999
2019-06-19 22:16:08,51.92999
2019-06-19 22:16:36,51.69998
2019-06-19 22:17:33,51.69998
2019-06-19 22:17:51,52.09999
2019-06-19 22:18:48,52.09999
2019-06-19 22:19:13,52.25999
2019-06-19 22:19:38,52.82999
2019-06-19 22:21:35,52.82999
2019-06-19 22:21:48,53.13999
2019-06-19 22:22:45,53.13999
2019-06-19 22:22:53,53.56998
2019-06-19 22:23:36,52.97998
2019-06-19 22:23:53,53.63998
2019-06-19 22:24:38,53.33999
2019-06-19 22:25:15,53.99999
2019-06-19 22:25:49,53.71998
2019-06-19 22:26:45,53.71998
2019-06-19 22:27:10,54.01999
2019-06-19 22:28:08,54.01999
2019-06-19 22:28:39,54.43999
2019-06-19 22:29:36,54.43999
2019-06-19 22:29:41,53.94999
2019-06-19 22:30:10,54.18999
2019-06-19 22:33:08,54.18999
2019-06-19 22:33:36,54.02999
2019-06-19 22:34:10,53.74998
2019-06-19 22:35:08,53.74998
2019-06-19 22:35:24,53.28999
2019-06-19 22:35:44,54.01999
2019-06-19 22:36:03,53.54999
2019-06-19 22:38:00,53.54999
2019-06-19 22:38:16,53.16999
2019-06-19 22:38:47,53.51998
2019-06-19 22:40:44,53.51998
2019-06-19 22:41:13,54.10999
2019-06-19 22:41:40,53.87
2019-06-19 22:42:17,53.63998
2019-06-19 22:42:53,53.96999
2019-06-19 22:43:15,53.58998
2019-06-19 22:43:42,53.90999
2019-06-19 22:45:39,53.90999
2019-06-19 22:46:25,53.98999
2019-06-19 22:47:23,53.98999
2019-06-19 22:48:00,53.52998
2019-06-19 22:48:18,54.22998
2019-06-19 22:48:59,54.03999
2019-06-19 22:49:57,54.03999
2019-06-19 22:50:14,54.30998
2019-06-19 22:51:04,54.11999
2019-06-19 22:54:01,54.11999
2019-06-19 22:54:28,54.43999
2019-06-19 22:55:05,53.98999
2019-06-19 22:55:59,54.51999
2019-06-19 22:56:48,54.26998
2019-06-19 22:59:46,54.26998
2019-06-19 23:00:29,54.43999
2019-06-19 23:01:18,54.10999
2019-06-19 23:02:14,53.72998
2019-06-19 23:03:10,53.72998
2019-06-19 23:03:56,53.07998
2019-06-19 23:04:37,53.52998
2019-06-19 23:05:10,53.29999
2019-06-19 23:06:07,53.29999
2019-06-19 23:06:40,53.77
2019-06-19 23:07:37,53.77
2019-06-19 23:07:51,54.14999
2019-06-19 23:08:46,54.59999
2019-06-19 23:09:35,55.14999
2019-06-19 23:11:33,55.14999
2019-06-19 23:11:56,55.46999
2019-06-19 23:12:52,55.46999
2019-06-19 23:13:31,55.06
2019-06-19 23:13:57,55.33999
2019-06-19 23:14:46,55.07999
2019-06-19 23:15:20,55.54998
2019-06-19 23:16:16,55.26999
2019-06-19 23:16:49,55.63998
2019-06-19 23:17:45,55.63998
2019-06-19 23:18:08,55.98999
2019-06-19 23:19:07,55.65998
2019-06-19 23:19:31,55.86999
2019-06-19 23:20:26,55.48998
2019-06-19 23:21:04,55.75999
2019-06-19 23:22:02,55.75999
2019-06-19 23:22:17,56.10999
2019-06-19 23:23:15,56.10999
2019-06-19 23:23:19,55.70999
2019-06-19 23:24:17,55.70999
2019-06-19 23:24:24,55.82999
2019-06-19 23:25:11,55.57998
2019-06-19 23:27:08,55.57998
2019-06-19 23:27:24,55.17999
2019-06-19 23:27:48,55.74999
2019-06-19 23:28:11,54.97998
2019-06-19 23:29:07,54.97998
2019-06-19 23:29:22,54.53999
2019-06-19 23:30:19,54.53999
2019-06-19 23:30:23,54.20998
2019-06-19 23:31:05,54.08999
2019-06-19 23:31:26,53.34999
2019-06-19 23:31:54,53.68998
2019-06-19 23:32:52,53.68998
2019-06-19 23:33:29,53.41999
2019-06-19 23:34:27,53.41999
2019-06-19 23:34:33,53.57999
2019-06-19 23:35:30,53.57999
2019-06-19 23:36:06,54.13998
2019-06-19 23:37:02,54.13998
2019-06-19 23:37:17,53.92999
2019-06-19 23:37:37,54.48
2019-06-19 23:39:34,54.48
2019-06-19 23:40:02,54.70998
2019-06-19 23:40:45,54.96998
2019-06-19 23:41:43,54.96998
2019-06-19 23:41:45,55.30999
2019-06-19 23:42:43,55.30999
2019-06-19 23:43:40,54.66999
2019-06-19 23:43:58,54.98998
2019-06-19 23:44:30,55.36999
2019-06-19 23:45:03,54.77998
2019-06-19 23:45:59,54.77998
2019-06-19 23:46:10,55.05
2019-06-19 23:50:07,55.05
2019-06-19 23:50:25,55.15999
2019-06-19 23:52:23,55.15999
2019-06-19 23:52:58,54.77998
2019-06-19 23:53:24,55.16999
2019-06-19 23:54:22,55.16999
2019-06-19 23:55:05,54.85999
2019-06-19 23:57:01,54.85999
2019-06-19 23:57:49,54.42999
2019-06-19 23:58:26,54.73999
2019-06-19 23:59:09,54.34998
2019-06-19 23:59:37,54.81998
2019-06-20 00:03:34,54.81998
2019-06-20 00:03:54,54.96998
2019-06-20 00:04:52,54.96998
2019-06-20 00:05:10,54.85999
2019-06-20 00:05:47,55.35999
2019-06-20 00:06:44,55.35999
2019-06-20 00:07:05,55.10999
2019-06-20 00:08:03,55.10999
2019-06-20 00:08:28,55.31998
2019-06-20 00:08:53,55.76999
2019-06-20 00:09:16,55.29999
2019-06-20 00:10:13,55.29999
2019-06-20 00:10:16,55.59998
2019-06-20 00:11:16,55.15999
2019-06-20 00:11:40,55.66998
2019-06-20 00:14:36,55.66998
2019-06-20 00:15:00,55.94999
2019-06-20 00:15:56,55.94999
2019-06-20 00:16:25,55.66998
2019-06-20 00:17:14,55.86999
2019-06-20 00:18:11,55.86999
2019-06-20 00:18:57,56.10999
2019-06-20 00:19:54,56.10999
2019-06-20 00:20:01,55.73999
2019-06-20 00:22:57,55.73999
2019-06-20 00:23:52,55.95999
2019-06-20 00:24:49,55.95999
2019-06-20 00:26:21,55.10999
2019-06-20 00:27:19,55.10999
2019-06-20 00:27:50,55.01998
2019-06-20 00:30:47,55.01998
2019-06-20 00:30:52,54.84998
2019-06-20 00:31:48,54.84998
2019-06-20 00:32:00,55.24999
2019-06-20 00:32:52,55.02998
2019-06-20 00:33:30,55.32999
2019-06-20 00:34:26,55.60998
2019-06-20 00:35:23,55.60998
2019-06-20 00:35:46,55.71999
2019-06-20 00:40:44,55.71999
2019-06-20 00:41:12,56.14999
2019-06-20 00:43:10,56.14999
2019-06-20 00:44:10,56.58999
2019-06-20 00:45:08,56.58999
2019-06-20 00:45:46,56.23998
2019-06-20 00:46:41,56.59999
2019-06-20 00:47:36,56.53999
2019-06-20 00:48:30,56.41
2019-06-20 00:50:27,56.41
2019-06-20 00:50:36,56.16998
2019-06-20 00:51:30,56.25998
2019-06-20 00:55:26,56.25998
2019-06-20 00:56:09,55.84999
2019-06-20 00:56:40,56.02998
2019-06-20 00:57:27,56.11999
2019-06-20 00:58:19,56.60999
2019-06-20 00:59:04,56.38999
2019-06-20 01:01:02,56.38999
2019-06-20 01:01:14,56.05998
2019-06-20 01:01:44,56.32999
2019-06-20 01:02:40,56.32999
2019-06-20 01:02:52,56.19998
2019-06-20 01:03:50,56.19998
2019-06-20 01:04:41,55.81999
2019-06-20 01:05:08,56.17999
2019-06-20 01:06:04,56.17999
2019-06-20 01:06:56,56.04999
2019-06-20 01:07:53,56.04999
2019-06-20 01:08:17,56.46999
2019-06-20 01:08:55,56.26998
2019-06-20 01:10:52,56.26998
2019-06-20 01:11:34,56.60999
2019-06-20 01:12:25,56.08998
2019-06-20 01:12:41,56.91998
2019-06-20 01:13:09,56.37
2019-06-20 01:14:06,56.37
2019-06-20 01:14:15,56.62999
2019-06-20 01:16:12,56.62999
2019-06-20 01:16:42,56.29998
2019-06-20 01:17:40,56.29998
2019-06-20 01:18:00,56.41999
2019-06-20 01:18:56,56.41999
2019-06-20 01:19:09,56.47999
2019-06-20 01:20:06,56.47999
2019-06-20 01:20:36,56.12998
2019-06-20 01:21:25,56.48999
2019-06-20 01:21:46,55.92999
2019-06-20 01:22:16,56.20998
2019-06-20 01:23:13,56.20998
2019-06-20 01:23:38,55.78999
2019-06-20 01:24:34,55.78999
2019-06-20 01:24:52,55.92999
2019-06-20 01:25:49,55.92999
2019-06-20 01:26:35,55.57998
2019-06-20 01:27:27,55.97999
2019-06-20 01:28:18,55.76999
2019-06-20 01:31:15,55.76999
2019-06-20 01:31:55,55.86999
2019-06-20 01:32:53,55.86999
2019-06-20 01:33:39,56.14999
2019-06-20 01:34:36,56.14999
2019-06-20 01:35:18,56.03999
2019-06-20 01:36:16,56.03999
2019-06-20 01:36:38,55.58998
2019-06-20 01:37:04,55.89999
2019-06-20 01:37:37,56.17999
2019-06-20 01:38:33,55.74999
2019-06-20 01:39:00,56.38999
2019-06-20 01:39:33,56.25998
2019-06-20 01:42:30,56.25998
2019-06-20 01:43:12,56.55999
2019-06-20 01:45:08,56.55999
2019-06-20 01:45:34,56.87998
2019-06-20 01:46:19,56.56999
2019-06-20 01:47:02,56.98
2019-06-20 01:47:42,56.54999
2019-06-20 01:48:33,56.88998
2019-06-20 01:49:16,56.47999
2019-06-20 01:49:47,56.91998
2019-06-20 01:50:42,56.66998
2019-06-20 01:51:39,56.66998
2019-06-20 01:52:05,56.41999
2019-06-20 01:53:03,56.41999
2019-06-20 01:53:16,55.95999
2019-06-20 01:54:14,56.09998
2019-06-20 01:55:07,55.96999
2019-06-20 01:55:41,55.81999
2019-06-20 01:56:27,55.39999
2019-06-20 01:57:23,55.39999
2019-06-20 01:57:35,55.82999
2019-06-20 01:58:32,55.82999
2019-06-20 01:58:45,55.70999
2019-06-20 01:59:30,55.94999
2019-06-20 02:00:17,56.21998
2019-06-20 02:01:14,56.21998
2019-06-20 02:01:23,56.32999
2019-06-20 02:02:18,56.52999
2019-06-20 02:03:15,56.52999
2019-06-20 02:03:45,56.91998
2019-06-20 02:04:42,56.91998
2019-06-20 02:05:36,57.36999
2019-06-20 02:06:08,57.11999
2019-06-20 02:09:05,57.11999
2019-06-20 02:09:38,56.80998
2019-06-20 02:10:30,56.93998
2019-06-20 02:14:27,56.93998
2019-06-20 02:14:37,56.64999
2019-06-20 02:15:24,56.94998
2019-06-20 02:16:21,56.94998
2019-06-20 02:16:44,57.22999
2019-06-20 02:17:40,56.81998
2019-06-20 02:18:13,57.22999
2019-06-20 02:19:13,56.84998
2019-06-20 02:20:03,57.20999
2019-06-20 02:20:39,56.93998
2019-06-20 02:21:36,56.93998
2019-06-20 02:22:25,56.78999
2019-06-20 02:23:17,56.41
2019-06-20 02:24:14,56.41
2019-06-20 02:24:24,56.65999
2019-06-20 02:25:02,56.16998
2019-06-20 02:25:31,56.50999
2019-06-20 02:26:28,56.50999
2019-06-20 02:26:47,56.85999
2019-06-20 02:27:44,56.85999
2019-06-20 02:28:16,57.29999
2019-06-20 02:28:49,56.83998
2019-06-20 02:29:38,57.26999
2019-06-20 02:31:35,57.26999
2019-06-20 02:32:29,57.02999
2019-06-20 02:37:26,57.02999
2019-06-20 02:37:46,56.64999
2019-06-20 02:38:42,56.64999
2019-06-20 02:38:55,57.05
2019-06-20 02:39:38,56.77998
2019-06-20 02:40:35,56.77998
2019-06-20 02:41:16,56.38999
2019-06-20 02:41:58,56.48999
2019-06-20 02:42:21,56.89998
2019-06-20 02:43:18,56.89998
2019-06-20 02:43:29,56.24998
2019-06-20 02:43:41,57.05
2019-06-20 02:44:38,57.05
2019-06-20 02:44:45,56.65999
2019-06-20 02:45:36,57.07999
2019-06-20 02:46:07,56.64999
2019-06-20 02:46:45,56.79998
2019-06-20 02:48:42,56.79998
2019-06-20 02:48:49,56.53999
2019-06-20 02:49:21,57.14999
2019-06-20 02:50:18,57.14999
2019-06-20 02:50:38,57.79999
2019-06-20 02:51:11,57.52998
2019-06-20 02:53:07,57.52998
2019-06-20 02:53:57,56.79998
2019-06-20 02:54:22,57.00999
2019-06-20 02:55:19,57.00999
2019-06-20 02:55:48,57.29999
2019-06-20 02:56:45,57.29999
2019-06-20 02:57:30,57.11999
2019-06-20 02:58:30,57.44998
2019-06-20 02:59:02,57.02
2019-06-20 02:59:59,57.02
2019-06-20 03:00:57,56.76998
2019-06-20 03:01:50,56.50999
2019-06-20 03:02:46,56.50999
2019-06-20 03:02:58,57.10999
2019-06-20 03:03:25,56.67999
2019-06-20 03:05:22,56.67999
2019-06-20 03:05:33,56.32999
2019-06-20 03:06:04,56.70998
2019-06-20 03:06:58,56.59999
2019-06-20 03:08:55,56.59999
2019-06-20 03:09:09,56.89998
2019-06-20 03:10:06,56.89998
2019-06-20 03:10:48,57.14999
2019-06-20 03:11:45,57.14999
2019-06-20 03:11:51,57.50998
2019-06-20 03:12:36,56.95999
2019-06-20 03:12:56,57.24998
2019-06-20 03:13:28,56.95999
2019-06-20 03:14:25,56.95999
2019-06-20 03:14:40,56.54999
2019-06-20 03:15:31,56.04999
2019-06-20 03:16:28,56.04999
2019-06-20 03:17:03,56.47999
2019-06-20 03:17:30,56.29998
2019-06-20 03:17:59,55.78999
2019-06-20 03:18:23,56.41999
2019-06-20 03:19:14,56.09998
2019-06-20 03:21:10,56.09998
2019-06-20 03:21:39,56.62999
2019-06-20 03:23:35,56.62999
2019-06-20 03:24:33,56.89998
2019-06-20 03:25:23,56.28998
2019-06-20 03:25:57,56.49999
2019-06-20 03:26:54,56.49999
2019-06-20 03:26:59,56.63998
2019-06-20 03:27:56,56.63998
2019-06-20 03:28:27,56.94998
2019-06-20 03:29:12,57.23999
2019-06-20 03:29:52,56.98
2019-06-20 03:30:48,56.98
2019-06-20 03:31:04,57.57998
2019-06-20 03:32:02,57.15999
2019-06-20 03:32:24,57.64999
2019-06-20 03:33:21,57.64999
2019-06-20 03:33:41,57.40998
2019-06-20 03:34:25,57.91999
2019-06-20 03:35:07,57.6
2019-06-20 03:35:37,57.97999
2019-06-20 03:36:33,57.97999
2019-06-20 03:37:13,58.35999
2019-06-20 03:38:09,58.13998
2019-06-20 03:39:06,58.13998
2019-06-20 03:39:15,57.74999
2019-06-20 03:41:12,57.74999
2019-06-20 03:41:50,57.36999
2019-06-20 03:42:43,57.56998
2019-06-20 03:43:40,57.56998
2019-06-20 03:43:59,57.05999
2019-06-20 03:44:22,57.34998
2019-06-20 03:45:18,57.34998
2019-06-20 03:46:14,57.00999
2019-06-20 03:47:12,57.49998
2019-06-20 03:47:39,57.14999
2019-06-20 03:48:35,57.14999
2019-06-20 03:49:36,57.27998
2019-06-20 03:50:08,57.60999
2019-06-20 03:51:05,57.60999
2019-06-20 03:51:38,57.25999
2019-06-20 03:52:35,57.79999
2019-06-20 03:53:25,57.39999
2019-06-20 03:54:11,57.85999
2019-06-20 03:54:53,57.79999
2019-06-20 03:55:50,57.79999
2019-06-20 03:56:03,57.07999
2019-06-20 03:56:16,57.66
2019-06-20 03:58:14,57.66
2019-06-20 03:58:18,57.80999
2019-06-20 03:59:15,57.80999
2019-06-20 04:00:07,57.30999
2019-06-20 04:00:30,57.83999
2019-06-20 04:02:27,57.83999
2019-06-20 04:02:54,57.46999
2019-06-20 04:03:34,57.69999
2019-06-20 04:04:20,57.35999
2019-06-20 04:04:48,57.70999
2019-06-20 04:05:45,57.70999
2019-06-20 04:06:37,57.55998
2019-06-20 04:08:33,57.55998
2019-06-20 04:08:45,57.77999
2019-06-20 04:15:42,57.77999
2019-06-20 04:16:11,57.6
2019-06-20 04:17:08,57.6
2019-06-20 04:17:25,58.00999
2019-06-20 04:21:22,58.00999
2019-06-20 04:21:39,58.50999
2019-06-20 04:22:05,58.17998
2019-06-20 04:23:03,58.17998
2019-06-20 04:23:41,57.91999
2019-06-20 04:24:37,57.91999
2019-06-20 04:24:41,57.6
2019-06-20 04:25:28,57.37998
2019-06-20 04:27:25,57.37998
2019-06-20 04:27:38,57.30999
2019-06-20 04:28:16,56.85999
2019-06-20 04:28:50,57.22999
2019-06-20 04:30:46,57.22999
2019-06-20 04:31:11,57.63999
2019-06-20 04:31:47,57.41998
2019-06-20 04:32:44,57.41998
2019-06-20 04:33:10,57.71999
2019-06-20 04:33:44,58.22998
2019-06-20 04:35:41,58.22998
2019-06-20 04:36:08,58.63998
2019-06-20 04:38:04,58.63998
2019-06-20 04:38:41,59.02999
2019-06-20 04:39:02,58.80998
2019-06-20 04:42:59,58.80998
2019-06-20 04:44:02,58.53999
2019-06-20 04:44:58,58.53999
2019-06-20 04:45:12,58.88
2019-06-20 04:45:50,58.65998
2019-06-20 04:46:45,58.28999
2019-06-20 04:47:26,58.54999
2019-06-20 04:48:22,58.54999
2019-06-20 04:49:03,58.31999
2019-06-20 04:50:00,58.58999
2019-06-20 04:50:57,58.58999
2019-06-20 04:51:10,58.20998
2019-06-20 04:53:07,58.20998
2019-06-20 04:53:38,58.12998
2019-06-20 04:55:35,58.12998
2019-06-20 04:55:43,57.93999
2019-06-20 04:57:39,57.93999
2019-06-20 04:58:38,57.70999
2019-06-20 04:59:35,57.70999
2019-06-20 05:00:33,58.08998
2019-06-20 05:00:55,57.69999
2019-06-20 05:01:17,58.45999
2019-06-20 05:01:35,57.87999
2019-06-20 05:01:59,58.13998
2019-06-20 05:02:56,58.13998
2019-06-20 05:03:52,58.46999
2019-06-20 05:04:50,58.34999
2019-06-20 05:05:29,58.72998
2019-06-20 05:08:25,58.72998
2019-06-20 05:09:27,58.40999
2019-06-20 05:10:10,58.64999
2019-06-20 05:10:40,58.21998
2019-06-20 05:11:30,58.48999
2019-06-20 05:12:27,58.48999
2019-06-20 05:13:19,57.92999
2019-06-20 05:13:53,58.47999
2019-06-20 05:15:51,58.47999
2019-06-20 05:16:51,58.25999
2019-06-20 05:17:13,58.92999
2019-06-20 05:17:50,58.58999
2019-06-20 05:18:28,58.95999
2019-06-20 05:22:25,58.95999
2019-06-20 05:22:49,59.25999
2019-06-20 05:23:33,59.03999
2019-06-20 05:25:30,59.03999
2019-06-20 05:26:03,58.71999
2019-06-20 05:26:50,59.07999
2019-06-20 05:27:47,59.07999
2019-06-20 05:27:53,59.33998
2019-06-20 05:29:51,59.33998
2019-06-20 05:30:16,59.35999
2019-06-20 05:31:13,59.35999
2019-06-20 05:31:22,59.65999
2019-06-20 05:32:19,59.65999
2019-06-20 05:32:26,59.27998
2019-06-20 05:33:22,59.27998
2019-06-20 05:34:16,59.65999
2019-06-20 05:35:12,59.65999
2019-06-20 05:35:17,59.45998
2019-06-20 05:35:48,59.84998
2019-06-20 05:36:44,59.84998
2019-06-20 05:37:26,59.76999
2019-06-20 05:38:23,59.76999
2019-06-20 05:39:22,59.64999
2019-06-20 05:40:18,59.64999
2019-06-20 05:40:44,59.89999
2019-06-20 05:41:41,59.89999
2019-06-20 05:42:21,59.81998
2019-06-20 05:44:18,59.81998
2019-06-20 05:45:09,59.62
2019-06-20 05:46:07,59.62
2019-06-20 05:46:33,59.16999
2019-06-20 05:49:30,59.16999
2019-06-20 05:49:53,59.60999
2019-06-20 05:50:24,59.39998
2019-06-20 05:51:20,59.39998
2019-06-20 05:51:35,59.59
2019-06-20 05:52:32,59.59
2019-06-20 05:53:03,59.92999
2019-06-20 05:53:37,59.41998
2019-06-20 05:54:05,59.90999
2019-06-20 05:54:25,59.45998
2019-06-20 05:55:21,59.45998
2019-06-20 05:55:39,59.57999
2019-06-20 05:56:28,59.31998
2019-06-20 05:57:26,59.48998
2019-06-20 05:59:22,59.48998
2019-06-20 05:59:31,59.91998
2019-06-20 06:00:21,59.65999
2019-06-20 06:00:38,59.10999
2019-06-20 06:01:14,59.46998
2019-06-20 06:01:34,59.10999
2019-06-20 06:02:10,58.80998
2019-06-20 06:02:50,58.31999
2019-06-20 06:03:46,58.31999
2019-06-20 06:04:20,57.88998
2019-06-20 06:05:16,57.88998
2019-06-20 06:05:54,58.25999
2019-06-20 06:06:22,57.83999
2019-06-20 06:06:50,58.45999
2019-06-20 06:07:47,58.45999
2019-06-20 06:08:35,58.55999
2019-06-20 06:09:32,58.55999
2019-06-20 06:09:59,59.04999
2019-06-20 06:10:56,59.04999
2019-06-20 06:11:23,58.82998
2019-06-20 06:13:19,58.82998
2019-06-20 06:13:41,58.99999
2019-06-20 06:14:18,58.64999
2019-06-20 06:15:15,58.80998
2019-06-20 06:16:13,58.80998
2019-06-20 06:16:16,58.64999
2019-06-20 06:17:08,59.13999
2019-06-20 06:17:49,58.78998
2019-06-20 06:18:27,58.91
2019-06-20 06:19:25,59.37998
2019-06-20 06:20:12,59.31998
2019-06-20 06:21:09,59.31998
2019-06-20 06:21:16,59.16999
2019-06-20 06:23:13,59.16999
2019-06-20 06:23:19,58.95
2019-06-20 06:23:36,59.36998
2019-06-20 06:24:22,59.15999
2019-06-20 06:24:57,58.68999
2019-06-20 06:25:54,58.68999
2019-06-20 06:26:12,57.89999
2019-06-20 06:27:10,57.89999
2019-06-20 06:28:13,57.77999
2019-06-20 06:29:02,57.55998
2019-06-20 06:29:36,57.16999
2019-06-20 06:32:32,57.16999
2019-06-20 06:32:58,57.58998
2019-06-20 06:33:54,57.58998
2019-06-20 06:34:42,58.08998
2019-06-20 06:36:39,58.08998
2019-06-20 06:37:14,58.3
2019-06-20 06:39:11,58.3
2019-06-20 06:39:33,58.76998
2019-06-20 06:39:55,58.27999
2019-06-20 06:40:41,58.70998
2019-06-20 06:41:38,58.70998
2019-06-20 06:42:10,58.30999
2019-06-20 06:42:37,58.69998
2019-06-20 06:43:36,58.51999
2019-06-20 06:45:33,58.51999
2019-06-20 06:46:20,58.20998
2019-06-20 06:47:16,58.20998
2019-06-20 06:47:30,58.58999
2019-06-20 06:48:09,58.41999
2019-06-20 06:51:05,58.41999
2019-06-20 06:51:26,57.84999
2019-06-20 06:51:53,58.28999
2019-06-20 06:52:41,57.87999
2019-06-20 06:53:24,58.07999
2019-06-20 06:54:20,57.93999
2019-06-20 06:55:08,57.63999
2019-06-20 06:57:05,57.63999
2019-06-20 06:57:27,58.09998
2019-06-20 06:57:49,57.73999
2019-06-20 06:58:45,57.73999
2019-06-20 06:59:09,58.20998
2019-06-20 06:59:52,57.87999
2019-06-20 07:01:49,57.87999
2019-06-20 07:02:05,57.45998
2019-06-20 07:02:46,58.00999
2019-06-20 07:03:31,57.67999
2019-06-20 07:04:28,57.67999
2019-06-20 07:04:39,58.11998
2019-06-20 07:04:52,57.40998
2019-06-20 07:05:41,57.79999
2019-06-20 07:07:38,57.79999
2019-06-20 07:07:51,58.06998
2019-06-20 07:09:48,58.06998
2019-06-20 07:09:57,58.50999
2019-06-20 07:11:53,58.50999
2019-06-20 07:11:57,58.22998
2019-06-20 07:13:53,58.22998
2019-06-20 07:14:53,57.84999
2019-06-20 07:15:51,57.84999
2019-06-20 07:16:02,57.52998
2019-06-20 07:16:59,57.52998
2019-06-20 07:17:41,57.22999
2019-06-20 07:19:38,57.22999
2019-06-20 07:19:54,56.91998
2019-06-20 07:20:47,57.6
2019-06-20 07:21:44,57.6
2019-06-20 07:21:51,57.20999
2019-06-20 07:22:10,57.76999
2019-06-20 07:23:08,57.76999
2019-06-20 07:23:47,57.93999
2019-06-20 07:24:43,57.58998
2019-06-20 07:25:39,57.58998
2019-06-20 07:26:24,56.87998
2019-06-20 07:26:48,56.20998
2019-06-20 07:27:36,55.60998
2019-06-20 07:28:27,55.19999
2019-06-20 07:28:57,54.69999
2019-06-20 07:29:31,54.45999
2019-06-20 07:30:25,54.81998
2019-06-20 07:30:54,55.84999
2019-06-20 07:31:51,55.84999
2019-06-20 07:32:03,56.24998
2019-06-20 07:32:23,55.59998
2019-06-20 07:32:51,55.85999
2019-06-20 07:33:48,55.85999
2019-06-20 07:33:53,56.13998
2019-06-20 07:34:50,56.13998
2019-06-20 07:35:04,55.81999
2019-06-20 07:35:39,55.29999
2019-06-20 07:36:24,54.78999
2019-06-20 07:37:07,54.10999
2019-06-20 07:38:37,55.09999
2019-06-20 07:39:22,55.66998
2019-06-20 07:40:19,55.66998
2019-06-20 07:41:02,56.08998
2019-06-20 07:41:58,56.08998
2019-06-20 07:42:36,56.34
2019-06-20 07:43:32,56.34
2019-06-20 07:44:02,56.41999
2019-06-20 07:44:40,56.67999
2019-06-20 07:46:36,56.67999
2019-06-20 07:47:19,56.47999
2019-06-20 07:49:15,56.47999
2019-06-20 07:50:17,56.64999
2019-06-20 07:53:15,56.64999
2019-06-20 07:53:48,57.11999
2019-06-20 07:54:19,57.06999
2019-06-20 07:54:45,56.76998
2019-06-20 07:57:42,56.76998
2019-06-20 07:58:02,56.61999
2019-06-20 07:58:56,56.88998
2019-06-20 07:59:53,56.88998
2019-06-20 08:00:02,56.55999
2019-06-20 08:00:59,56.55999
2019-06-20 08:01:50,56.31999
2019-06-20 08:02:47,56.31999
2019-06-20 08:03:34,56.08998
2019-06-20 08:04:30,56.08998
2019-06-20 08:05:14,55.7
2019-06-20 08:06:11,55.7
2019-06-20 08:06:52,55.94999
2019-06-20 08:07:49,55.94999
2019-06-20 08:08:32,56.34
2019-06-20 08:09:05,56.00999
2019-06-20 08:09:16,55.13999
2019-06-20 08:09:56,56.18998
2019-06-20 08:10:38,55.63998
2019-06-20 08:12:35,55.63998
2019-06-20 08:12:54,56.22998
2019-06-20 08:13:13,55.53999
2019-06-20 08:13:39,55.8
2019-06-20 08:14:34,55.37999
2019-06-20 08:14:59,55.87999
2019-06-20 08:15:48,55.31998
2019-06-20 08:16:10,55.98999
2019-06-20 08:18:07,55.98999
2019-06-20 08:18:32,55.81999
2019-06-20 08:18:53,56.38
2019-06-20 08:19:11,55.76999
2019-06-20 08:19:34,56.26998
2019-06-20 08:20:24,55.89999
2019-06-20 08:21:20,55.89999
2019-06-20 08:21:37,55.41998
2019-06-20 08:22:13,55.00998
2019-06-20 08:22:47,54.31998
2019-06-20 08:23:24,53.63998
2019-06-20 08:24:17,53.04998
2019-06-20 08:25:14,53.04998
2019-06-20 08:25:17,53.42999
2019-06-20 08:25:33,53.06998
2019-06-20 08:26:25,53.56998
2019-06-20 08:27:01,53.48998
2019-06-20 08:27:56,53.84
2019-06-20 08:28:26,54.41
2019-06-20 08:29:12,55.00998
2019-06-20 08:30:00,54.51999
2019-06-20 08:30:34,54.89999
2019-06-20 08:31:30,54.89999
2019-06-20 08:31:39,55.59998
2019-06-20 08:32:11,54.96998
2019-06-20 08:32:27,55.58998
2019-06-20 08:33:24,55.58998
2019-06-20 08:33:47,55.92999
2019-06-20 08:34:25,56.28998
2019-06-20 08:35:21,56.77998
2019-06-20 08:35:57,56.27998
2019-06-20 08:36:52,55.81999
2019-06-20 08:37:26,55.31998
2019-06-20 08:37:53,54.82999
2019-06-20 08:38:43,54.28999
2019-06-20 08:39:25,53.73998
2019-06-20 08:41:22,53.73998
2019-06-20 08:41:32,54.22998
2019-06-20 08:42:11,54.57999
2019-06-20 08:42:52,54.87998
2019-06-20 08:43:29,55.10999
2019-06-20 08:47:26,55.10999
2019-06-20 08:47:40,54.87998
2019-06-20 08:48:26,55.12
2019-06-20 08:49:23,55.12
2019-06-20 08:49:53,55.63998
2019-06-20 08:50:50,55.63998
2019-06-20 08:51:17,56.09998
2019-06-20 08:51:45,56.75999
2019-06-20 08:52:42,56.75999
2019-06-20 08:52:55,56.41999
2019-06-20 08:53:25,57.09999
2019-06-20 08:54:22,57.09999
2019-06-20 08:54:51,56.84998
2019-06-20 08:55:48,56.84998
2019-06-20 08:56:38,57.02999
2019-06-20 08:57:33,57.02999
2019-06-20 08:58:09,56.65999
2019-06-20 09:00:06,56.65999
2019-06-20 09:00:48,56.46999
2019-06-20 09:01:44,56.46999
2019-06-20 09:01:52,56.20998
2019-06-20 09:02:49,56.20998
2019-06-20 09:02:57,55.82999
2019-06-20 09:03:47,55.60998
2019-06-20 09:04:24,55.90999
2019-06-20 09:05:21,55.90999
2019-06-20 09:05:43,55.44998
2019-06-20 09:06:10,54.86998
2019-06-20 09:06:49,54.42999
2019-06-20 09:07:17,53.72998
2019-06-20 09:07:55,53.08998
2019-06-20 09:08:38,52.62
2019-06-20 09:09:02,51.77998
2019-06-20 09:09:36,51.12998
2019-06-20 09:10:14,50.41998
2019-06-20 09:11:10,50.41998
2019-06-20 09:11:20,50.99998
2019-06-20 09:12:17,50.99998
2019-06-20 09:12:30,51.55999
2019-06-20 09:13:26,51.55999
2019-06-20 09:13:54,52.29998
2019-06-20 09:14:23,52.95998
2019-06-20 09:14:58,53.71998
2019-06-20 09:15:20,54.25998
2019-06-20 09:15:43,54.83998
2019-06-20 09:16:19,55.67999
2019-06-20 09:17:15,55.67999
2019-06-20 09:17:35,56.15998
2019-06-20 09:17:59,56.62999
2019-06-20 09:18:18,57.36999
2019-06-20 09:19:14,57.36999
2019-06-20 09:19:55,58.00999
2019-06-20 09:22:51,58.00999
2019-06-20 09:23:20,57.63999
2019-06-20 09:24:18,56.72999
2019-06-20 09:24:41,57.30999
2019-06-20 09:25:37,56.99999
2019-06-20 09:26:11,56.57999
2019-06-20 09:27:07,56.57999
2019-06-20 09:27:42,56.34999
2019-06-20 09:28:13,55.85999
2019-06-20 09:29:10,55.85999
2019-06-20 09:29:37,55.49998
2019-06-20 09:30:13,54.87998
2019-06-20 09:31:01,55.20999
2019-06-20 09:31:24,54.46999
2019-06-20 09:32:21,54.46999
2019-06-20 09:33:02,54.21999
2019-06-20 09:33:59,54.21999
2019-06-20 09:34:48,53.84
2019-06-20 09:35:27,54.36998
2019-06-20 09:36:02,54.03999
2019-06-20 09:36:58,54.03999
2019-06-20 09:37:37,54.33998
2019-06-20 09:38:33,54.33998
2019-06-20 09:39:36,54.86998
2019-06-20 09:40:03,54.39999
2019-06-20 09:40:56,54.72999
2019-06-20 09:42:53,54.72999
2019-06-20 09:43:14,55.06999
2019-06-20 09:44:09,55.06999
2019-06-20 09:44:49,55.46999
2019-06-20 09:45:45,55.46999
2019-06-20 09:46:03,55.82999
2019-06-20 09:48:59,55.82999
2019-06-20 09:49:16,55.06
2019-06-20 09:49:45,55.50999
2019-06-20 09:53:42,55.50999
2019-06-20 09:54:36,55.93999
2019-06-20 09:55:17,55.50999
2019-06-20 09:56:04,55.60998
2019-06-20 09:57:01,55.60998
2019-06-20 09:57:44,55.53999
2019-06-20 09:58:10,54.81998
2019-06-20 09:58:35,54.94998
2019-06-20 10:00:31,54.94998
2019-06-20 10:00:54,54.58999
2019-06-20 10:01:50,54.58999
2019-06-20 10:01:58,54.00999
2019-06-20 10:02:21,54.32998
2019-06-20 10:03:18,54.32998
2019-06-20 10:03:41,54.84998
2019-06-20 10:04:27,55.32999
2019-06-20 10:05:24,55.32999
2019-06-20 10:05:47,55.77999
2019-06-20 10:06:44,55.77999
2019-06-20 10:06:50,55.50999
2019-06-20 10:07:45,55.7
2019-06-20 10:08:40,55.43999
2019-06-20 10:13:37,55.43999
2019-06-20 10:14:17,55.83999
2019-06-20 10:15:13,55.83999
2019-06-20 10:16:12,55.56998
2019-06-20 10:16:56,55.66998
2019-06-20 10:17:27,56.43999
2019-06-20 10:17:50,55.82999
2019-06-20 10:18:46,55.82999
2019-06-20 10:19:12,56.03999
2019-06-20 10:20:09,56.03999
2019-06-20 10:20:26,55.77999
2019-06-20 10:21:05,56.10999
2019-06-20 10:21:57,56.38999
2019-06-20 10:22:43,56.20998
2019-06-20 10:23:31,55.54998
2019-06-20 10:23:47,56.38
2019-06-20 10:24:22,55.90999
2019-06-20 10:25:18,55.90999
2019-06-20 10:25:29,55.53999
2019-06-20 10:25:47,56.15998
2019-06-20 10:26:12,55.60998
2019-06-20 10:26:38,56.18998
2019-06-20 10:27:19,55.75999
2019-06-20 10:28:15,55.75999
2019-06-20 10:29:16,55.62998
2019-06-20 10:32:13,55.62998
2019-06-20 10:32:36,55.42999
2019-06-20 10:33:36,55.91999
2019-06-20 10:33:53,55.20999
2019-06-20 10:34:15,55.73
2019-06-20 10:36:11,55.73
2019-06-20 10:36:58,55.44998
2019-06-20 10:37:28,55.81999
2019-06-20 10:40:24,55.81999
2019-06-20 10:41:19,56.18998
2019-06-20 10:42:15,56.18998
2019-06-20 10:42:42,56.51999
2019-06-20 10:43:39,56.51999
2019-06-20 10:44:12,56.27998
2019-06-20 10:45:09,56.27998
2019-06-20 10:45:34,56.69999
2019-06-20 10:46:22,56.42999
2019-06-20 10:47:13,55.91999
2019-06-20 10:48:10,55.91999
2019-06-20 10:48:15,56.22998
2019-06-20 10:49:00,55.97999
2019-06-20 10:51:56,55.97999
2019-06-20 10:52:11,55.83999
2019-06-20 10:52:43,55.39999
2019-06-20 10:53:20,55.52998
2019-06-20 10:54:17,55.52998
2019-06-20 10:54:46,55.84999
2019-06-20 10:55:43,55.84999
2019-06-20 10:56:05,56.34999
2019-06-20 10:58:01,56.34999
2019-06-20 10:58:42,56.67999
2019-06-20 10:59:38,56.67999
2019-06-20 10:59:43,57.30999
2019-06-20 11:00:25,56.70998
2019-06-20 11:02:21,56.70998
2019-06-20 11:02:25,56.30998
2019-06-20 11:03:22,56.30998
2019-06-20 11:03:51,56.02998
2019-06-20 11:04:47,56.02998
2019-06-20 11:04:50,55.89999
2019-06-20 11:05:23,55.58998
2019-06-20 11:06:20,55.58998
2019-06-20 11:06:34,55.77999
2019-06-20 11:07:07,56.13998
2019-06-20 11:09:04,56.13998
2019-06-20 11:09:47,56.43999
2019-06-20 11:10:44,56.43999
2019-06-20 11:11:21,55.98999
2019-06-20 11:11:58,56.20998
2019-06-20 11:15:54,56.20998
2019-06-20 11:16:32,55.7
2019-06-20 11:16:59,56.02998
2019-06-20 11:18:56,56.02998
2019-06-20 11:19:31,55.87999
2019-06-20 11:20:31,56.09998
2019-06-20 11:21:28,56.09998
2019-06-20 11:21:57,55.73999
2019-06-20 11:22:45,56.16998
2019-06-20 11:23:14,55.95999
2019-06-20 11:26:10,55.95999
2019-06-20 11:26:42,55.52998
2019-06-20 11:28:38,55.52998
2019-06-20 11:29:40,54.96998
2019-06-20 11:30:16,55.44998
2019-06-20 11:30:38,55.02998
2019-06-20 11:33:35,55.02998
2019-06-20 11:34:08,55.19999
2019-06-20 11:35:02,55.78999
2019-06-20 11:35:45,55.64998
2019-06-20 11:36:41,55.64998
2019-06-20 11:37:14,55.32999
2019-06-20 11:38:08,55.65998
2019-06-20 11:41:05,55.65998
2019-06-20 11:41:49,55.85999
2019-06-20 11:42:45,55.85999
2019-06-20 11:42:56,55.53999
2019-06-20 11:43:52,55.53999
2019-06-20 11:44:07,55.78999
2019-06-20 11:44:53,55.35999
2019-06-20 11:45:26,55.85999
2019-06-20 11:46:13,55.13999
2019-06-20 11:46:36,55.56998
2019-06-20 11:47:32,55.56998
2019-06-20 11:48:05,55.17999
2019-06-20 11:50:02,55.17999
2019-06-20 11:50:29,55.29999
2019-06-20 11:51:25,55.29999
2019-06-20 11:51:39,55.35999
2019-06-20 11:52:36,55.35999
2019-06-20 11:52:47,54.86998
2019-06-20 11:53:18,54.71999
2019-06-20 11:54:07,54.28999
2019-06-20 11:55:03,54.28999
2019-06-20 11:55:13,53.75999
2019-06-20 11:56:12,53.51998
2019-06-20 11:57:10,53.51998
2019-06-20 11:57:39,53.27999
2019-06-20 11:58:35,53.27999
2019-06-20 11:58:47,54.01999
2019-06-20 11:59:23,54.28999
2019-06-20 12:00:21,54.28999
2019-06-20 12:00:36,53.8
2019-06-20 12:01:08,54.15999
2019-06-20 12:04:04,54.15999
2019-06-20 12:04:28,54.43999
2019-06-20 12:05:25,54.43999
2019-06-20 12:05:52,54.37998
2019-06-20 12:06:49,54.37998
2019-06-20 12:07:44,54.64999
2019-06-20 12:08:40,54.64999
2019-06-20 12:08:51,55.18999
2019-06-20 12:09:10,54.63999
2019-06-20 12:10:07,54.63999
2019-06-20 12:10:49,54.39999
2019-06-20 12:11:46,53.77999
2019-06-20 12:12:10,54.00999
2019-06-20 12:13:06,54.00999
2019-06-20 12:13:12,53.63998
2019-06-20 12:14:08,53.63998
2019-06-20 12:14:45,53.34999
2019-06-20 12:15:14,53.58998
2019-06-20 12:16:10,53.58998
2019-06-20 12:16:26,54.16998
2019-06-20 12:16:56,53.52998
2019-06-20 12:17:48,52.69999
2019-06-20 12:18:01,53.42999
2019-06-20 12:18:57,53.42999
2019-06-20 12:19:29,53.31999
2019-06-20 12:20:28,53.38999
2019-06-20 12:22:24,53.38999
2019-06-20 12:22:55,52.98998
2019-06-20 12:24:52,52.98998
2019-06-20 12:25:23,53.24999
2019-06-20 12:26:19,53.24999
2019-06-20 12:27:23,52.91998
2019-06-20 12:28:00,53.18999
2019-06-20 12:28:39,53.66998
2019-06-20 12:29:08,54.26998
2019-06-20 12:29:43,54.13998
2019-06-20 12:30:39,54.13998
2019-06-20 12:31:13,54.35998
2019-06-20 12:32:09,54.16998
2019-06-20 12:32:42,53.78999
2019-06-20 12:33:38,53.78999
2019-06-20 12:34:27,53.52998
2019-06-20 12:35:16,53.13999
2019-06-20 12:36:16,53.27999
2019-06-20 12:37:08,52.66999
2019-06-20 12:37:50,53.00998
2019-06-20 12:39:46,53.00998
2019-06-20 12:40:43,53.25999
2019-06-20 12:41:39,53.25999
2019-06-20 12:42:15,52.82999
2019-06-20 12:42:29,51.91999
2019-06-20 12:43:25,51.91999
2019-06-20 12:43:41,51.00999
2019-06-20 12:44:41,50.56999
2019-06-20 12:45:24,50.16999
2019-06-20 12:46:00,49.79998
2019-06-20 12:46:41,49.20998
2019-06-20 12:47:03,49.54999
2019-06-20 12:47:45,49.19998
2019-06-20 12:48:41,49.19998
2019-06-20 12:48:53,48.56998
2019-06-20 12:49:12,48.96999
2019-06-20 12:51:09,48.96999
2019-06-20 12:51:18,48.56998
2019-06-20 12:52:14,48.56998
2019-06-20 12:52:26,48.05999
2019-06-20 12:53:23,48.05999
2019-06-20 12:53:30,47.41
2019-06-20 12:54:18,46.58998
2019-06-20 12:54:47,46.04998
2019-06-20 12:55:43,46.04998
2019-06-20 12:56:10,45.68999
2019-06-20 12:57:06,45.68999
2019-06-20 12:57:14,45.34998
2019-06-20 12:58:12,45.34998
2019-06-20 12:58:27,44.88999
2019-06-20 12:59:25,44.53999
2019-06-20 12:59:57,43.53999
2019-06-20 13:00:53,43.53999
2019-06-20 13:01:30,43.11999
2019-06-20 13:02:27,43.11999
2019-06-20 13:03:14,42.91
2019-06-20 13:04:10,42.91
2019-06-20 13:04:30,43.43998
2019-06-20 13:05:27,43.43998
2019-06-20 13:06:19,43.29999
2019-06-20 13:07:00,42.72998
2019-06-20 13:07:45,43.10999
2019-06-20 13:08:19,42.71999
2019-06-20 13:09:06,42.48999
2019-06-20 13:09:46,42.10999
2019-06-20 13:10:42,42.10999
2019-06-20 13:10:56,41.62
2019-06-20 13:11:53,41.62
2019-06-20 13:12:08,41.14999
2019-06-20 13:13:05,41.14999
2019-06-20 13:13:25,40.66
2019-06-20 13:13:44,41.03999
2019-06-20 13:14:41,41.03999
2019-06-20 13:15:05,41.74999
2019-06-20 13:15:27,41.32999
2019-06-20 13:18:23,41.32999
2019-06-20 13:18:39,40.76999
2019-06-20 13:19:10,40.86999
2019-06-20 13:20:07,40.86999
2019-06-20 13:20:29,41.36999
2019-06-20 13:20:56,40.80999
2019-06-20 13:21:54,41.05999
2019-06-20 13:22:54,40.92999
2019-06-20 13:23:50,40.92999
2019-06-20 13:23:56,40.52999
2019-06-20 13:26:53,40.52999
2019-06-20 13:27:10,40.75999
2019-06-20 13:30:07,40.75999
2019-06-20 13:30:31,41.03999
2019-06-20 13:32:26,41.03999
2019-06-20 13:32:30,40.38
2019-06-20 13:33:27,39.97999
2019-06-20 13:34:01,39.24999
2019-06-20 13:34:57,39.24999
2019-06-20 13:35:11,38.71999
2019-06-20 13:35:48,38.77999
2019-06-20 13:37:45,38.77999
2019-06-20 13:38:12,38.51999
2019-06-20 13:38:50,39.32999
2019-06-20 13:39:46,39.32999
2019-06-20 13:40:34,39.67999
2019-06-20 13:41:31,39.67999
2019-06-20 13:42:20,40.03999
2019-06-20 13:43:16,40.03999
2019-06-20 13:43:48,39.8
2019-06-20 13:44:45,39.8
2019-06-20 13:44:57,39.30999
2019-06-20 13:45:54,39.30999
2019-06-20 13:46:42,39.06
2019-06-20 13:49:38,39.06
2019-06-20 13:50:03,39.21999
2019-06-20 13:50:59,39.21999
2019-06-20 13:51:28,39.32999
2019-06-20 13:56:24,39.32999
2019-06-20 13:56:50,38.97999
2019-06-20 13:58:47,38.97999
2019-06-20 13:59:05,38.45999
2019-06-20 13:59:56,37.96999
2019-06-20 14:00:52,37.96999
2019-06-20 14:01:53,37.61999
2019-06-20 14:03:48,37.61999
2019-06-20 14:04:37,38.27999
2019-06-20 14:05:13,37.82999
2019-06-20 14:05:43,38.26999
2019-06-20 14:06:39,38.26999
2019-06-20 14:07:21,38.59999
2019-06-20 14:08:17,38.45999
2019-06-20 14:09:13,38.45999
2019-06-20 14:09:37,38.77
2019-06-20 14:10:34,38.77
2019-06-20 14:10:42,38.48
2019-06-20 14:11:38,38.48
2019-06-20 14:12:35,38.16
2019-06-20 14:13:01,38.50999
2019-06-20 14:13:52,38.32999
2019-06-20 14:14:49,38.51999
2019-06-20 14:16:46,38.51999
2019-06-20 14:17:32,38.22999
2019-06-20 14:18:15,38.55
2019-06-20 14:20:11,38.55
2019-06-20 14:21:12,38.20999
2019-06-20 14:21:41,38.64999
2019-06-20 14:22:33,38.33999
2019-06-20 14:24:29,38.33999
2019-06-20 14:24:40,38.17999
2019-06-20 14:25:17,38.49999
2019-06-20 14:27:13,38.49999
2019-06-20 14:27:30,38.88999
2019-06-20 14:30:27,38.88999
2019-06-20 14:31:17,39.19999
2019-06-20 14:31:40,38.82999
2019-06-20 14:32:35,38.97999
2019-06-20 14:34:31,38.97999
2019-06-20 14:35:05,39.32999
2019-06-20 14:35:59,39.20999
2019-06-20 14:36:46,38.96999
2019-06-20 14:37:22,38.84999
2019-06-20 14:37:45,38.32999
2019-06-20 14:38:41,38.32999
2019-06-20 14:38:46,37.34999
2019-06-20 14:39:04,37.85999
2019-06-20 14:39:50,37.20999
2019-06-20 14:40:46,37.20999
2019-06-20 14:40:56,36.70999
2019-06-20 14:41:53,36.70999
2019-06-20 14:42:25,36.55
2019-06-20 14:43:18,36.81999
2019-06-20 14:44:13,36.42999
2019-06-20 14:45:09,36.42999
2019-06-20 14:45:22,36.73999
2019-06-20 14:46:13,36.8
2019-06-20 14:46:49,37.05999
2019-06-20 14:47:18,37.77999
2019-06-20 14:48:14,37.74998
2019-06-20 14:49:09,37.74998
2019-06-20 14:49:22,38.16999
2019-06-20 14:51:18,38.16999
2019-06-20 14:51:48,38.31999
2019-06-20 14:52:44,38.31999
2019-06-20 14:52:49,38.57999
2019-06-20 14:55:44,38.57999
2019-06-20 14:56:41,38.78999
2019-06-20 14:58:38,38.78999
2019-06-20 14:59:00,38.21999
2019-06-20 15:01:56,38.21999
2019-06-20 15:02:17,38.48999
2019-06-20 15:03:10,38.09
2019-06-20 15:03:45,38.37999
2019-06-20 15:04:42,38.37999
2019-06-20 15:04:48,37.89999
2019-06-20 15:05:21,38.34999
2019-06-20 15:07:17,38.34999
2019-06-20 15:08:10,38.03999
2019-06-20 15:08:53,38.39999
2019-06-20 15:09:27,38.06998
2019-06-20 15:11:24,38.06998
2019-06-20 15:11:38,38.02999
2019-06-20 15:14:35,38.02999
2019-06-20 15:15:01,38.34999
2019-06-20 15:15:37,38.28999
2019-06-20 15:16:34,38.28999
2019-06-20 15:16:44,38.41
2019-06-20 15:17:43,38.78999
2019-06-20 15:19:40,38.78999
2019-06-20 15:20:31,38.87
2019-06-20 15:21:27,38.87
2019-06-20 15:21:36,39.31999
2019-06-20 15:22:30,39.01999
2019-06-20 15:23:25,39.16
2019-06-20 15:24:13,38.71999
2019-06-20 15:24:56,39.00999
2019-06-20 15:25:22,38.78999
2019-06-20 15:26:18,38.78999
2019-06-20 15:26:34,38.30999
2019-06-20 15:27:29,38.30999
2019-06-20 15:28:09,37.89999
2019-06-20 15:29:04,37.89999
2019-06-20 15:29:17,37.52
2019-06-20 15:29:59,37.99999
2019-06-20 15:31:54,37.99999
2019-06-20 15:32:19,38.42999
2019-06-20 15:32:40,38.12
2019-06-20 15:33:37,38.34999
2019-06-20 15:34:33,38.34999
2019-06-20 15:35:01,38.38998
2019-06-20 15:35:24,38.92999
2019-06-20 15:35:51,38.66999
2019-06-20 15:36:46,39.06
2019-06-20 15:38:41,39.06
2019-06-20 15:39:28,39.37
2019-06-20 15:39:53,39.13999
2019-06-20 15:43:49,39.13999
2019-06-20 15:43:53,38.43999
2019-06-20 15:44:50,38.43999
2019-06-20 15:45:37,37.87999
2019-06-20 15:45:58,38.21999
2019-06-20 15:46:55,38.21999
2019-06-20 15:47:46,37.91999
2019-06-20 15:48:15,38.48999
2019-06-20 15:48:46,38.07999
2019-06-20 15:49:10,38.74
2019-06-20 15:49:37,38.48
2019-06-20 15:50:26,38.95999
2019-06-20 15:51:01,38.39999
2019-06-20 15:51:24,38.63999
2019-06-20 15:53:21,38.63999
2019-06-20 15:54:21,39.21999
2019-06-20 15:54:41,38.48999
2019-06-20 15:55:28,38.73
2019-06-20 15:56:02,38.95999
2019-06-20 15:56:58,38.95999
2019-06-20 15:57:32,38.70999
2019-06-20 15:58:29,38.70999
2019-06-20 15:59:04,38.37999
2019-06-20 16:00:01,38.37999
2019-06-20 16:00:24,38.73
2019-06-20 16:01:09,38.50999
2019-06-20 16:02:05,38.50999
2019-06-20 16:02:50,38.92999
2019-06-20 16:03:37,38.48
2019-06-20 16:03:55,39.06999
2019-06-20 16:04:49,38.74999
2019-06-20 16:05:34,38.99998
2019-06-20 16:07:30,38.99998
2019-06-20 16:08:15,38.56999
2019-06-20 16:08:35,38.89999
2019-06-20 16:11:32,38.89999
2019-06-20 16:11:46,38.59999
2019-06-20 16:12:40,38.41
2019-06-20 16:14:36,38.41
2019-06-20 16:15:39,38.07999
2019-06-20 16:16:04,38.71999
2019-06-20 16:16:43,38.21999
2019-06-20 16:17:23,38.55999
2019-06-20 16:18:19,38.55999
2019-06-20 16:19:21,38.80999
2019-06-20 16:19:44,39.55999
2019-06-20 16:20:08,39.30999
2019-06-20 16:21:05,39.67999
2019-06-20 16:23:01,39.67999
2019-06-20 16:23:38,40.25999
2019-06-20 16:26:35,40.25999
2019-06-20 16:26:39,40.03999
2019-06-20 16:27:35,40.03999
2019-06-20 16:28:02,39.83999
2019-06-20 16:28:48,39.25999
2019-06-20 16:29:45,39.41999
2019-06-20 16:30:41,39.41999
2019-06-20 16:31:12,39.07999
2019-06-20 16:33:08,39.07999
2019-06-20 16:33:19,38.50999
2019-06-20 16:34:03,38.73
2019-06-20 16:37:00,38.73
2019-06-20 16:38:04,39.01999
2019-06-20 16:38:55,38.77999
2019-06-20 16:39:42,39.14999
2019-06-20 16:40:37,39.68999
2019-06-20 16:40:57,38.96999
2019-06-20 16:41:30,39.26999
2019-06-20 16:43:26,39.26999
2019-06-20 16:43:43,39.65999
2019-06-20 16:45:39,39.65999
2019-06-20 16:46:08,39.05
2019-06-20 16:46:30,39.60999
2019-06-20 16:47:26,39.24999
2019-06-20 16:47:56,39.67999
2019-06-20 16:48:52,39.67999
2019-06-20 16:49:23,39.44999
2019-06-20 16:52:20,39.44999
2019-06-20 16:52:27,38.85999
2019-06-20 16:52:49,39.18999
2019-06-20 16:53:18,39.23999
2019-06-20 16:53:49,39.84999
2019-06-20 16:54:15,39.46999
2019-06-20 16:55:06,38.98999
2019-06-20 16:55:39,39.74999
2019-06-20 16:55:58,39.34999
2019-06-20 16:56:54,39.34999
2019-06-20 16:57:54,38.85999
2019-06-20 16:58:21,39.26999
2019-06-20 16:59:17,39.26999
2019-06-20 17:00:10,38.90999
2019-06-20 17:00:42,39.61999
2019-06-20 17:01:03,39.16999
2019-06-20 17:01:59,39.16999
2019-06-20 17:02:30,39.63999
2019-06-20 17:02:57,39.06
2019-06-20 17:03:47,39.43999
2019-06-20 17:05:43,39.43999
2019-06-20 17:06:43,39.57999
2019-06-20 17:07:39,39.57999
2019-06-20 17:07:52,39.85999
2019-06-20 17:08:48,39.85999
2019-06-20 17:09:19,39.75999
2019-06-20 17:09:53,39.41999
2019-06-20 17:10:49,39.41999
2019-06-20 17:11:21,39.63999
2019-06-20 17:12:18,40.09
2019-06-20 17:13:00,39.50999
2019-06-20 17:13:17,40.24999
2019-06-20 17:13:48,39.95999
2019-06-20 17:14:44,39.95999
2019-06-20 17:15:42,39.38
2019-06-20 17:16:02,40.17999
2019-06-20 17:16:23,39.53999
2019-06-20 17:17:02,39.68999
2019-06-20 17:18:58,39.68999
2019-06-20 17:19:26,40.16999
2019-06-20 17:19:49,39.27999
2019-06-20 17:20:11,39.75999
2019-06-20 17:21:07,39.75999
2019-06-20 17:21:34,39.53999
2019-06-20 17:23:30,39.53999
2019-06-20 17:23:49,39.14999
2019-06-20 17:24:23,39.49999
2019-06-20 17:25:19,39.49999
2019-06-20 17:25:34,39.06999
2019-06-20 17:25:59,39.65999
2019-06-20 17:26:41,39.30999
2019-06-20 17:28:37,39.30999
2019-06-20 17:28:42,39.63999
2019-06-20 17:30:39,39.63999
2019-06-20 17:31:29,39.46999
2019-06-20 17:32:25,39.46999
2019-06-20 17:33:09,39.81999
2019-06-20 17:33:38,39.45999
2019-06-20 17:34:14,39.74999
2019-06-20 17:34:51,39.46999
2019-06-20 17:35:47,39.46999
2019-06-20 17:35:51,40.02999
2019-06-20 17:36:26,39.48999
2019-06-20 17:37:07,39.75999
2019-06-20 17:39:03,39.75999
2019-06-20 17:39:55,39.91999
2019-06-20 17:41:51,39.91999
2019-06-20 17:42:47,40.41
2019-06-20 17:43:15,39.71999
2019-06-20 17:44:11,39.71999
2019-06-20 17:45:04,39.52999
2019-06-20 17:47:00,39.52999
2019-06-20 17:47:17,39.16999
2019-06-20 17:52:13,39.16999
2019-06-20 17:52:47,39.96999
2019-06-20 17:53:03,39.27999
2019-06-20 17:55:00,39.27999
2019-06-20 17:55:29,39.77
2019-06-20 17:55:50,38.85999
2019-06-20 17:56:10,39.41999
2019-06-20 17:57:06,39.41999
2019-06-20 17:57:27,39.60999
2019-06-20 17:58:12,39.95999
2019-06-20 18:01:08,39.95999
2019-06-20 18:01:28,40.32999
2019-06-20 18:02:09,40.02
2019-06-20 18:02:41,40.50999
2019-06-20 18:03:12,39.82999
2019-06-20 18:03:31,40.41
2019-06-20 18:04:27,40.41
2019-06-20 18:04:53,40.31999
2019-06-20 18:05:42,39.95999
2019-06-20 18:06:09,40.32999
2019-06-20 18:09:05,40.32999
2019-06-20 18:09:10,40.09
2019-06-20 18:10:00,40.45999
2019-06-20 18:10:27,39.93999
2019-06-20 18:10:59,40.44999
2019-06-20 18:12:55,40.44999
2019-06-20 18:13:21,40.21999
2019-06-20 18:14:17,40.21999
2019-06-20 18:14:23,39.81999
2019-06-20 18:15:03,40.17999
2019-06-20 18:15:40,39.31999
2019-06-20 18:16:12,39.66999
2019-06-20 18:17:08,39.66999
2019-06-20 18:17:21,39.20999
2019-06-20 18:18:17,39.20999
2019-06-20 18:18:26,39.29999
2019-06-20 18:18:53,39.74999
2019-06-20 18:19:49,39.74999
2019-06-20 18:20:16,39.48
2019-06-20 18:21:13,39.48
2019-06-20 18:21:21,39.67999
2019-06-20 18:22:00,39.29999
2019-06-20 18:24:56,39.29999
2019-06-20 18:25:42,39.84999
2019-06-20 18:26:25,40.41
2019-06-20 18:27:14,41.36999
2019-06-20 18:28:10,41.36999
2019-06-20 18:28:14,42.13998
2019-06-20 18:29:02,41.77999
2019-06-20 18:29:31,42.24999
2019-06-20 18:33:27,42.24999
2019-06-20 18:33:57,42.54999
2019-06-20 18:35:53,42.54999
2019-06-20 18:36:00,43.12999
2019-06-20 18:36:49,42.83998
2019-06-20 18:37:16,43.33998
2019-06-20 18:39:12,43.33998
2019-06-20 18:40:07,43.03999
2019-06-20 18:43:03,43.03999
2019-06-20 18:43:09,42.48999
2019-06-20 18:45:05,42.48999
2019-06-20 18:45:23,42.10999
2019-06-20 18:46:11,42.18998
2019-06-20 18:47:07,42.18998
2019-06-20 18:47:23,41.89999
2019-06-20 18:52:18,41.89999
2019-06-20 18:52:42,42.16998
2019-06-20 18:53:38,42.16998
2019-06-20 18:54:07,42.53999
2019-06-20 18:57:03,42.53999
2019-06-20 18:57:17,43.13999
2019-06-20 18:58:13,43.13999
2019-06-20 18:58:27,43.41998
2019-06-20 18:59:04,43.70999
2019-06-20 19:00:00,43.92999
2019-06-20 19:02:56,43.92999
2019-06-20 19:03:38,43.56
2019-06-20 19:04:32,43.89999
2019-06-20 19:05:20,43.48998
2019-06-20 19:06:16,43.48998
2019-06-20 19:06:35,43.78999
2019-06-20 19:07:10,43.48998
2019-06-20 19:08:05,43.48998
2019-06-20 19:08:53,43.26999
2019-06-20 19:10:48,43.26999
2019-06-20 19:10:59,42.75998
2019-06-20 19:11:23,43.16999
2019-06-20 19:13:19,43.16999
2019-06-20 19:14:03,43.18999
2019-06-20 19:14:58,43.18999
2019-06-20 19:15:46,43.45998
2019-06-20 19:16:42,43.45998
2019-06-20 19:17:17,43.83999
2019-06-20 19:18:14,43.83999
2019-06-20 19:18:49,44.23999
2019-06-20 19:20:44,44.23999
2019-06-20 19:21:29,44.75998
2019-06-20 19:21:57,44.42999
2019-06-20 19:24:53,44.42999
2019-06-20 19:24:58,43.83999
2019-06-20 19:25:20,44.61999
2019-06-20 19:31:16,44.61999
2019-06-20 19:31:59,44.50999
2019-06-20 19:32:55,44.50999
2019-06-20 19:33:12,43.81998
2019-06-20 19:33:37,44.24999
2019-06-20 19:34:32,44.24999
2019-06-20 19:35:00,44.2
2019-06-20 19:37:56,44.2
2019-06-20 19:38:47,44.66998
2019-06-20 19:39:43,44.66998
2019-06-20 19:40:29,45.02999
2019-06-20 19:41:25,45.02999
2019-06-20 19:41:38,45.19998
2019-06-20 19:42:37,45.42998
2019-06-20 19:43:32,45.42998
2019-06-20 19:44:05,45.24998
2019-06-20 19:44:57,45.52
2019-06-20 19:45:35,45.01999
2019-06-20 19:46:31,45.01999
2019-06-20 19:47:06,45.48999
2019-06-20 19:47:37,45.13998
2019-06-20 19:48:32,45.13998
2019-06-20 19:49:21,44.70998
2019-06-20 19:49:34,45.42998
2019-06-20 19:50:31,45.42998
2019-06-20 19:50:46,45.35998
2019-06-20 19:52:42,45.35998
2019-06-20 19:52:52,45.58999
2019-06-20 19:53:47,45.58999
2019-06-20 19:54:38,45.95998
2019-06-20 19:55:10,45.55999
2019-06-20 19:56:05,45.12999
2019-06-20 19:57:01,45.12999
2019-06-20 19:57:44,45.34998
2019-06-20 19:58:40,45.34998
2019-06-20 19:58:51,45.00999
2019-06-20 19:59:47,45.00999
2019-06-20 20:00:41,45.29998
2019-06-20 20:01:09,45.18999
2019-06-20 20:01:38,44.69998
2019-06-20 20:01:57,45.03999
2019-06-20 20:02:19,45.37998
2019-06-20 20:04:14,45.37998
2019-06-20 20:04:59,45.10999
2019-06-20 20:05:37,44.49998
2019-06-20 20:06:01,43.88998
2019-06-20 20:06:32,43.33998
2019-06-20 20:07:15,42.49999
2019-06-20 20:09:11,42.49999
2019-06-20 20:09:38,42.16998
2019-06-20 20:10:22,42.37
2019-06-20 20:10:52,42.70998
2019-06-20 20:11:29,43.16999
2019-06-20 20:12:10,43.86999
2019-06-20 20:12:44,43.59
2019-06-20 20:14:15,43.03999
2019-06-20 20:15:12,43.03999
2019-06-20 20:15:46,42.82998
2019-06-20 20:16:23,42.32999
2019-06-20 20:17:18,42.32999
2019-06-20 20:17:55,42.59998
2019-06-20 20:18:51,42.59998
2019-06-20 20:18:58,42.42999
2019-06-20 20:19:20,43.07999
2019-06-20 20:20:15,43.07999
2019-06-20 20:20:26,43.43998
2019-06-20 20:21:22,43.43998
2019-06-20 20:21:29,43.97998
2019-06-20 20:22:25,43.97998
2019-06-20 20:22:31,44.3
2019-06-20 20:23:11,44.77998
2019-06-20 20:24:00,44.48999
2019-06-20 20:24:37,44.89999
2019-06-20 20:25:34,44.89999
2019-06-20 20:26:07,44.63998
2019-06-20 20:26:33,43.62999
2019-06-20 20:27:11,42.91
2019-06-20 20:27:54,42.42999
2019-06-20 20:28:19,42.20998
2019-06-20 20:29:15,42.20998
2019-06-20 20:29:24,41.86999
2019-06-20 20:30:04,41.41998
2019-06-20 20:30:35,40.87999
2019-06-20 20:31:02,40.47999
2019-06-20 20:31:40,40.22999
2019-06-20 20:32:16,39.55999
2019-06-20 20:32:52,39.01999
2019-06-20 20:33:27,39.09
2019-06-20 20:34:04,38.85999
2019-06-20 20:34:43,38.56999
2019-06-20 20:35:39,38.56999
2019-06-20 20:35:44,38.05999
2019-06-20 20:37:39,38.05999
2019-06-20 20:37:57,38.55999
2019-06-20 20:38:54,38.55999
2019-06-20 20:39:11,38.18999
2019-06-20 20:39:42,38.58999
2019-06-20 20:40:06,38.28999
2019-06-20 20:41:02,38.77
2019-06-20 20:41:58,38.77
2019-06-20 20:42:33,39.16
2019-06-20 20:43:28,39.16
2019-06-20 20:43:35,39.58999
2019-06-20 20:45:30,39.58999
2019-06-20 20:46:09,39.87999
2019-06-20 20:47:06,39.49999
2019-06-20 20:47:26,39.93999
2019-06-20 20:48:23,40.20999
2019-06-20 20:49:01,40.60999
2019-06-20 20:50:56,40.60999
2019-06-20 20:51:46,41.20999
2019-06-20 20:52:16,41.02
2019-06-20 20:53:09,40.58999
2019-06-20 20:54:05,40.58999
2019-06-20 20:54:26,40.53999
2019-06-20 20:55:15,40.17999
2019-06-20 20:56:12,40.17999
2019-06-20 20:56:24,40.06
2019-06-20 20:57:06,39.51999
2019-06-20 20:57:42,39.78999
2019-06-20 20:58:15,39.34999
2019-06-20 20:59:10,39.34999
2019-06-20 20:59:42,39.00999
2019-06-20 21:00:35,39.44999
2019-06-20 21:01:02,38.88999
2019-06-20 21:01:35,39.43999
2019-06-20 21:02:06,38.92999
2019-06-20 21:02:48,39.21999
2019-06-20 21:03:44,39.21999
2019-06-20 21:04:38,39.60999
2019-06-20 21:05:33,39.60999
2019-06-20 21:06:34,39.87999
2019-06-20 21:07:18,40.34
2019-06-20 21:07:42,39.87999
2019-06-20 21:08:37,39.87999
2019-06-20 21:09:09,39.92999
2019-06-20 21:10:05,39.92999
2019-06-20 21:10:10,39.51999
2019-06-20 21:10:35,38.94999
2019-06-20 21:11:31,38.94999
2019-06-20 21:12:30,38.56999
2019-06-20 21:13:03,38.1
2019-06-20 21:13:23,38.57999
2019-06-20 21:13:58,38.74999
2019-06-20 21:15:54,38.74999
2019-06-20 21:16:16,39.46999
2019-06-20 21:17:12,39.46999
2019-06-20 21:17:37,39.87999
2019-06-20 21:19:33,39.87999
2019-06-20 21:20:24,39.25999
2019-06-20 21:20:50,39.61999
2019-06-20 21:21:46,39.61999
2019-06-20 21:22:40,39.94999
2019-06-20 21:23:35,39.94999
2019-06-20 21:23:57,40.13999
2019-06-20 21:24:53,40.13999
2019-06-20 21:25:11,39.94999
2019-06-20 21:27:07,39.94999
2019-06-20 21:27:25,39.63999
2019-06-20 21:28:21,39.63999
2019-06-20 21:28:53,39.38
2019-06-20 21:29:49,39.38
2019-06-20 21:29:54,39.81999
2019-06-20 21:30:18,39.59999
2019-06-20 21:31:14,39.59999
2019-06-20 21:31:59,40.20999
2019-06-20 21:32:55,40.20999
2019-06-20 21:33:54,40.64999
2019-06-20 21:37:50,40.64999
2019-06-20 21:38:21,40.84999
2019-06-20 21:39:04,41.15999
2019-06-20 21:42:00,41.15999
2019-06-20 21:42:39,41.23999
2019-06-20 21:44:35,41.23999
2019-06-20 21:44:46,41.47998
2019-06-20 21:45:37,42.00999
2019-06-20 21:46:10,41.6
2019-06-20 21:46:42,41.82999
2019-06-20 21:47:39,41.82999
2019-06-20 21:47:53,41.96999
2019-06-20 21:48:49,41.96999
2019-06-20 21:49:36,42.38999
2019-06-20 21:50:31,42.38999
2019-06-20 21:50:38,42.06998
2019-06-20 21:51:30,42.20998
2019-06-20 21:52:23,41.80999
2019-06-20 21:53:19,41.80999
2019-06-20 21:54:13,42.00999
2019-06-20 21:55:06,42.57999
2019-06-20 21:55:29,42.15998
2019-06-20 21:56:25,42.15998
2019-06-20 21:56:36,42.37999
2019-06-20 22:01:31,42.37999
2019-06-20 22:02:21,41.78999
2019-06-20 22:03:17,41.78999
2019-06-20 22:03:31,41.26999
2019-06-20 22:04:27,41.26999
2019-06-20 22:05:11,41.71999
2019-06-20 22:05:30,41.24998
2019-06-20 22:06:14,41.39999
2019-06-20 22:07:09,41.39999
2019-06-20 22:07:14,41.70999
2019-06-20 22:07:49,42.10999
2019-06-20 22:08:36,42.32999
2019-06-20 22:09:32,42.32999
2019-06-20 22:09:40,42.51999
2019-06-20 22:10:40,42.05998
2019-06-20 22:11:32,42.65999
2019-06-20 22:12:06,42.24
2019-06-20 22:15:01,42.24
2019-06-20 22:16:06,41.89999
2019-06-20 22:16:51,42.11998
2019-06-20 22:17:32,42.47999
2019-06-20 22:18:32,42.80998
2019-06-20 22:19:27,42.80998
2019-06-20 22:20:23,43.35999
2019-06-20 22:20:45,42.75998
2019-06-20 22:21:13,43.34998
2019-06-20 22:22:03,42.91999
2019-06-20 22:22:59,42.91999
2019-06-20 22:23:24,43.18999
2019-06-20 22:23:52,42.58999
2019-06-20 22:24:48,42.58999
2019-06-20 22:25:22,42.15998
2019-06-20 22:26:21,41.71999
2019-06-20 22:27:17,41.71999
2019-06-20 22:27:45,41.44998
2019-06-20 22:29:41,41.44998
2019-06-20 22:30:13,42.03999
2019-06-20 22:32:09,42.03999
2019-06-20 22:32:34,42.60999
2019-06-20 22:33:26,42.84998
2019-06-20 22:34:15,43.31998
2019-06-20 22:34:33,44.04998
2019-06-20 22:35:14,43.92999
2019-06-20 22:36:04,44.23999
2019-06-20 22:37:00,44.23999
2019-06-20 22:37:55,44.45999
2019-06-20 22:40:51,44.45999
2019-06-20 22:41:00,44.05998
2019-06-20 22:41:50,43.78999
2019-06-20 22:43:45,43.78999
2019-06-20 22:44:15,43.97998
2019-06-20 22:45:11,43.97998
2019-06-20 22:45:57,43.63999
2019-06-20 22:46:42,42.83998
2019-06-20 22:47:33,43.26999
2019-06-20 22:47:50,42.82998
2019-06-20 22:48:49,42.51999
2019-06-20 22:49:24,43.23998
2019-06-20 22:51:20,43.23998
2019-06-20 22:51:30,43.06999
2019-06-20 22:52:26,43.06999
2019-06-20 22:53:16,43.38998
2019-06-20 22:54:12,43.38998
2019-06-20 22:54:48,43.42999
2019-06-20 22:55:38,44.07998
2019-06-20 22:56:06,43.91998
2019-06-20 22:57:02,43.91998
2019-06-20 22:57:17,44.02998
2019-06-20 22:57:36,44.43999
2019-06-20 22:58:02,44.81999
2019-06-20 22:58:35,45.32998
2019-06-20 22:59:31,45.32998
2019-06-20 22:59:55,46.13999
2019-06-20 23:00:52,46.13999
2019-06-20 23:01:20,46.57999
2019-06-20 23:02:01,47.23998
2019-06-20 23:03:01,47.57999
2019-06-20 23:03:21,48.14999
2019-06-20 23:05:17,48.14999
2019-06-20 23:06:16,48.73999
2019-06-20 23:07:12,48.73999
2019-06-20 23:07:30,49.26998
2019-06-20 23:09:25,49.26998
2019-06-20 23:09:36,49.75999
2019-06-20 23:10:32,49.75999
2019-06-20 23:10:49,49.38999
2019-06-20 23:11:09,49.72998
2019-06-20 23:13:05,49.72998
2019-06-20 23:13:13,49.31
2019-06-20 23:13:58,49.67999
2019-06-20 23:14:54,49.67999
2019-06-20 23:15:15,49.98999
2019-06-20 23:15:50,49.74998
2019-06-20 23:17:45,49.74998
2019-06-20 23:18:32,49.98
2019-06-20 23:19:27,49.98
2019-06-20 23:19:38,50.31998
2019-06-20 23:20:20,50.80999
2019-06-20 23:20:56,51.49998
2019-06-20 23:22:52,51.49998
2019-06-20 23:22:57,51.94999
2019-06-20 23:25:53,51.94999
2019-06-20 23:26:13,51.58999
2019-06-20 23:27:09,51.58999
2019-06-20 23:27:23,51.28999
2019-06-20 23:27:58,51.73998
2019-06-20 23:31:53,51.73998
2019-06-20 23:32:13,51.93999
2019-06-20 23:36:09,51.93999
2019-06-20 23:36:26,51.82998
2019-06-20 23:37:22,51.82998
2019-06-20 23:37:57,52.14999
2019-06-20 23:38:29,51.97999
2019-06-20 23:40:25,51.97999
2019-06-20 23:40:54,52.12999
2019-06-20 23:41:51,52.12999
2019-06-20 23:42:11,52.58999
2019-06-20 23:42:56,52.14999
2019-06-20 23:43:25,52.73999
2019-06-20 23:44:13,52.30998
2019-06-20 23:44:55,52.60999
2019-06-20 23:46:50,52.60999
2019-06-20 23:47:03,52.90998
2019-06-20 23:48:00,52.90998
2019-06-20 23:48:52,52.57999
2019-06-20 23:49:44,52.78999
2019-06-20 23:50:40,52.78999
2019-06-20 23:50:59,52.55
2019-06-20 23:53:55,52.55
2019-06-20 23:54:33,53.04998
2019-06-20 23:55:06,52.78999
2019-06-20 23:58:02,52.78999
2019-06-20 23:58:56,53.04998
2019-06-20 23:59:41,52.62999
2019-06-21 00:00:04,53.09998
2019-06-21 00:01:01,53.09998
2019-06-21 00:01:17,52.79999
2019-06-21 00:01:59,53.13999
2019-06-21 00:02:50,52.37998
2019-06-21 00:03:20,52.82999
2019-06-21 00:03:52,52.29998
2019-06-21 00:04:48,52.29998
2019-06-21 00:04:55,51.78998
2019-06-21 00:05:45,51.63998
2019-06-21 00:07:41,51.63998
2019-06-21 00:08:09,52.03999
2019-06-21 00:09:05,52.03999
2019-06-21 00:09:43,52.22999
2019-06-21 00:10:34,52.49999
2019-06-21 00:11:12,52.19999
2019-06-21 00:12:07,52.19999
2019-06-21 00:12:57,52.43998
2019-06-21 00:13:39,52.12999
2019-06-21 00:14:35,52.12999
2019-06-21 00:15:23,51.72998
2019-06-21 00:17:19,51.72998
2019-06-21 00:18:09,52.00999
2019-06-21 00:19:05,52.00999
2019-06-21 00:19:21,52.62
2019-06-21 00:19:49,52.12999
2019-06-21 00:20:45,52.12999
2019-06-21 00:21:00,52.64999
2019-06-21 00:21:23,52.56999
2019-06-21 00:22:08,52.16999
2019-06-21 00:22:31,52.49999
2019-06-21 00:24:28,52.49999
2019-06-21 00:24:37,52.12999
2019-06-21 00:25:18,52.34998
2019-06-21 00:26:14,52.34998
2019-06-21 00:26:32,52.50999
2019-06-21 00:28:28,52.50999
2019-06-21 00:28:57,52.68999
2019-06-21 00:29:45,52.42998
2019-06-21 00:30:41,52.42998
2019-06-21 00:31:07,52.25999
2019-06-21 00:32:02,52.25999
2019-06-21 00:32:09,52.33998
2019-06-21 00:33:03,52.50999
2019-06-21 00:33:45,52.24998
2019-06-21 00:34:16,52.77999
2019-06-21 00:34:42,52.48
2019-06-21 00:35:38,52.48
2019-06-21 00:35:50,52.88998
2019-06-21 00:36:18,52.53999
2019-06-21 00:39:14,52.53999
2019-06-21 00:39:37,52.31998
2019-06-21 00:40:33,52.31998
2019-06-21 00:40:45,52.52999
2019-06-21 00:41:42,52.52999
2019-06-21 00:42:33,52.14999
2019-06-21 00:43:27,52.50999
2019-06-21 00:44:09,52.11999
2019-06-21 00:45:05,52.11999
2019-06-21 00:46:03,51.68998
2019-06-21 00:46:47,52.09999
2019-06-21 00:47:34,51.94999
2019-06-21 00:51:30,51.94999
2019-06-21 00:51:57,52.39998
2019-06-21 00:53:54,52.39998
2019-06-21 00:54:37,52.72999
2019-06-21 00:55:30,53.02998
2019-06-21 00:56:25,53.02998
2019-06-21 00:56:31,53.21999
2019-06-21 00:59:27,53.21999
2019-06-21 00:59:36,53.56998
2019-06-21 01:02:33,53.56998
2019-06-21 01:03:35,53.81999
2019-06-21 01:06:31,53.81999
2019-06-21 01:07:02,54.11999
2019-06-21 01:07:57,54.11999
2019-06-21 01:08:18,54.37998
2019-06-21 01:09:15,54.19998
2019-06-21 01:10:12,54.19998
2019-06-21 01:10:36,54.30998
2019-06-21 01:11:34,53.87
2019-06-21 01:12:10,54.30998
2019-06-21 01:12:44,53.84
2019-06-21 01:14:40,53.84
2019-06-21 01:15:01,53.49998
2019-06-21 01:17:56,53.49998
2019-06-21 01:18:13,53.70998
2019-06-21 01:19:08,53.70998
2019-06-21 01:19:59,53.87
2019-06-21 01:22:54,53.87
2019-06-21 01:23:09,54.19998
2019-06-21 01:25:05,54.19998
2019-06-21 01:25:49,53.67998
2019-06-21 01:26:34,53.87999
2019-06-21 01:27:30,53.87999
2019-06-21 01:27:36,53.71998
2019-06-21 01:28:24,53.45998
2019-06-21 01:29:19,53.45998
2019-06-21 01:29:46,53.21999
2019-06-21 01:30:23,53.67998
2019-06-21 01:30:57,53.08998
2019-06-21 01:31:16,53.74998
2019-06-21 01:31:55,53.55998
2019-06-21 01:33:52,53.55998
2019-06-21 01:34:05,53.38999
2019-06-21 01:38:00,53.38999
2019-06-21 01:39:03,53.77999
2019-06-21 01:41:57,53.77999
2019-06-21 01:42:33,53.95999
2019-06-21 01:44:30,53.95999
2019-06-21 01:45:11,53.73998
2019-06-21 01:48:08,53.73998
2019-06-21 01:48:15,53.50999
2019-06-21 01:51:11,53.50999
2019-06-21 01:52:06,54.00999
2019-06-21 01:52:25,53.53999
2019-06-21 01:53:22,53.65998
2019-06-21 01:55:18,53.65998
2019-06-21 01:55:44,53.78999
2019-06-21 01:56:08,54.23998
2019-06-21 01:56:52,53.93999
2019-06-21 01:57:37,54.06998
2019-06-21 01:58:33,54.45999
2019-06-21 01:59:24,54.19998
2019-06-21 02:00:17,54.70998
2019-06-21 02:00:42,54.07999
2019-06-21 02:01:13,54.32998
2019-06-21 02:02:09,54.32998
2019-06-21 02:02:37,54.65999
2019-06-21 02:07:33,54.65999
2019-06-21 02:07:57,54.83998
2019-06-21 02:08:52,54.83998
2019-06-21 02:08:58,54.50999
2019-06-21 02:10:53,54.50999
2019-06-21 02:11:09,54.04999
2019-06-21 02:12:09,53.61998
2019-06-21 02:13:04,53.61998
2019-06-21 02:13:45,53.18999
2019-06-21 02:14:41,53.18999
2019-06-21 02:15:01,53.43999
2019-06-21 02:16:00,52.88998
2019-06-21 02:16:55,52.88998
2019-06-21 02:17:11,53.30999
2019-06-21 02:17:40,52.69999
2019-06-21 02:18:06,53.12
2019-06-21 02:19:01,53.12
2019-06-21 02:19:17,53.67998
2019-06-21 02:19:49,53.65998
2019-06-21 02:20:24,53.24999
2019-06-21 02:20:56,53.93999
2019-06-21 02:21:30,53.60999
2019-06-21 02:22:26,53.60999
2019-06-21 02:22:33,53.65998
2019-06-21 02:23:16,53.99999
2019-06-21 02:23:57,53.62998
2019-06-21 02:24:35,53.84
2019-06-21 02:25:16,54.26998
2019-06-21 02:25:52,53.93999
2019-06-21 02:26:49,53.93999
2019-06-21 02:27:51,54.27998
2019-06-21 02:28:46,54.27998
2019-06-21 02:29:35,54.48999
2019-06-21 02:30:30,54.48999
2019-06-21 02:30:58,54.05999
2019-06-21 02:31:20,54.67999
2019-06-21 02:32:15,54.51999
2019-06-21 02:34:11,54.51999
2019-06-21 02:35:01,54.22998
2019-06-21 02:35:33,54.75999
2019-06-21 02:36:14,54.42
2019-06-21 02:41:10,54.42
2019-06-21 02:42:13,54.11999
2019-06-21 02:42:56,54.52999
2019-06-21 02:43:24,54.02999
2019-06-21 02:44:17,54.23998
2019-06-21 02:45:13,54.23998
2019-06-21 02:45:46,53.90999
2019-06-21 02:46:43,53.96999
2019-06-21 02:48:38,53.96999
2019-06-21 02:48:47,53.58998
2019-06-21 02:51:43,53.58998
2019-06-21 02:52:11,54.04999
2019-06-21 02:52:55,53.69998
2019-06-21 02:54:51,53.69998
2019-06-21 02:55:23,54.04999
2019-06-21 02:55:47,53.85999
2019-06-21 02:57:42,53.85999
2019-06-21 02:58:33,53.39999
2019-06-21 02:59:20,53.84
2019-06-21 02:59:52,53.60999
2019-06-21 03:00:45,53.45998
2019-06-21 03:01:41,53.45998
2019-06-21 03:02:26,53.87999
2019-06-21 03:03:17,53.77
2019-06-21 03:04:12,53.77
2019-06-21 03:04:28,54.11999
2019-06-21 03:06:23,54.11999
2019-06-21 03:06:40,54.58999
2019-06-21 03:07:24,54.15999
2019-06-21 03:07:50,54.74998
2019-06-21 03:08:46,54.31998
2019-06-21 03:09:20,54.62999
2019-06-21 03:09:48,54.35998
2019-06-21 03:10:43,54.35998
2019-06-21 03:11:26,54.46999
2019-06-21 03:12:15,54.19998
2019-06-21 03:12:54,54.42
2019-06-21 03:14:49,54.42
2019-06-21 03:15:23,54.67999
2019-06-21 03:17:19,54.67999
2019-06-21 03:18:04,54.16998
2019-06-21 03:18:26,54.69999
2019-06-21 03:18:50,54.50999
2019-06-21 03:19:39,54.19998
2019-06-21 03:20:33,54.56999
2019-06-21 03:21:08,54.11999
2019-06-21 03:22:04,54.11999
2019-06-21 03:23:06,53.85999
2019-06-21 03:23:55,54.46999
2019-06-21 03:24:22,53.63998
2019-06-21 03:24:47,54.05999
2019-06-21 03:25:20,53.46999
2019-06-21 03:25:52,53.55998
2019-06-21 03:26:48,53.55998
2019-06-21 03:27:09,53.12
2019-06-21 03:28:06,53.31999
2019-06-21 03:28:50,52.89999
2019-06-21 03:30:45,52.89999
2019-06-21 03:31:24,52.63999
2019-06-21 03:32:20,52.63999
2019-06-21 03:32:31,52.84998
2019-06-21 03:33:25,53.20999
2019-06-21 03:35:20,53.20999
2019-06-21 03:35:54,53.55998
2019-06-21 03:36:50,53.55998
2019-06-21 03:37:10,53.65998
2019-06-21 03:38:05,53.65998
2019-06-21 03:38:10,53.96999
2019-06-21 03:39:05,53.96999
2019-06-21 03:39:56,54.32998
2019-06-21 03:40:26,54.76999
2019-06-21 03:42:22,54.76999
2019-06-21 03:43:21,54.43999
2019-06-21 03:45:16,54.43999
2019-06-21 03:45:37,54.04999
2019-06-21 03:46:32,54.04999
2019-06-21 03:46:58,54.13998
2019-06-21 03:47:54,54.13998
2019-06-21 03:48:31,54.38998
2019-06-21 03:49:23,54.15999
2019-06-21 03:50:18,54.15999
2019-06-21 03:51:22,53.69998
2019-06-21 03:51:44,54.08999
2019-06-21 03:52:40,54.08999
2019-06-21 03:52:50,53.62998
2019-06-21 03:53:23,54.04999
2019-06-21 03:54:07,53.73998
2019-06-21 03:55:03,53.73998
2019-06-21 03:55:19,54.06998
2019-06-21 03:58:15,54.06998
2019-06-21 03:58:54,54.01999
2019-06-21 04:02:50,54.01999
2019-06-21 04:03:32,53.56998
2019-06-21 04:04:06,53.23999
2019-06-21 04:04:33,52.46998
2019-06-21 04:05:29,52.46998
2019-06-21 04:05:55,51.70998
2019-06-21 04:07:51,51.70998
2019-06-21 04:08:11,52.21999
2019-06-21 04:08:48,51.95999
2019-06-21 04:09:32,52.27998
2019-06-21 04:10:27,52.27998
2019-06-21 04:10:51,52.60999
2019-06-21 04:11:46,52.60999
2019-06-21 04:11:53,52.27998
2019-06-21 04:12:48,52.27998
2019-06-21 04:13:18,52.00999
2019-06-21 04:13:45,51.35999
2019-06-21 04:18:41,51.35999
2019-06-21 04:19:00,51.92999
2019-06-21 04:19:56,52.32999
2019-06-21 04:20:51,52.32999
2019-06-21 04:21:56,52.49999
2019-06-21 04:22:35,52.79999
2019-06-21 04:23:31,52.79999
2019-06-21 04:23:43,52.59999
2019-06-21 04:25:38,52.59999
2019-06-21 04:26:07,52.55
2019-06-21 04:26:59,52.12999
2019-06-21 04:27:28,52.40998
2019-06-21 04:28:09,52.66999
2019-06-21 04:34:05,52.66999
2019-06-21 04:34:11,52.43998
2019-06-21 04:37:07,52.43998
2019-06-21 04:37:39,52.66999
2019-06-21 04:38:35,52.66999
2019-06-21 04:39:29,52.52
2019-06-21 04:40:29,52.68999
2019-06-21 04:44:25,52.68999
2019-06-21 04:45:14,52.22999
2019-06-21 04:46:10,52.22999
2019-06-21 04:46:55,51.98999
2019-06-21 04:47:31,51.46999
2019-06-21 04:48:03,51.99999
2019-06-21 04:48:27,51.73998
2019-06-21 04:49:27,51.59998
2019-06-21 04:53:22,51.59998
2019-06-21 04:53:45,51.84
2019-06-21 04:54:41,51.84
2019-06-21 04:55:18,51.45999
2019-06-21 04:55:54,52.06999
2019-06-21 04:56:20,51.99999
2019-06-21 04:57:12,51.69998
2019-06-21 04:57:59,51.78998
2019-06-21 04:58:52,52.04999
2019-06-21 05:00:47,52.04999
2019-06-21 05:01:01,52.45998
2019-06-21 05:01:57,52.45998
2019-06-21 05:02:36,52.67999
2019-06-21 05:03:22,53.07998
2019-06-21 05:04:18,53.07998
2019-06-21 05:04:39,52.89999
2019-06-21 05:05:06,53.03998
2019-06-21 05:05:39,53.33999
2019-06-21 05:07:34,53.33999
2019-06-21 05:07:59,53.54999
2019-06-21 05:08:48,54.00999
2019-06-21 05:09:27,53.70998
2019-06-21 05:10:25,54.10999
2019-06-21 05:10:49,53.81
2019-06-21 05:11:44,53.81
2019-06-21 05:11:51,53.66998
2019-06-21 05:12:45,53.66998
2019-06-21 05:13:27,53.16999
2019-06-21 05:14:00,53.63998
2019-06-21 05:14:37,53.50999
2019-06-21 05:15:31,53.30999
2019-06-21 05:16:16,53.50999
2019-06-21 05:16:54,53.23
2019-06-21 05:18:49,53.23
2019-06-21 05:19:26,52.87998
2019-06-21 05:20:22,52.87998
2019-06-21 05:21:00,53.12
2019-06-21 05:21:26,52.59999
2019-06-21 05:21:54,52.83999
2019-06-21 05:22:49,52.83999
2019-06-21 05:23:01,52.50999
2019-06-21 05:23:56,52.50999
2019-06-21 05:24:05,52.94998
2019-06-21 05:24:25,52.63999
2019-06-21 05:25:15,52.16999
2019-06-21 05:25:57,52.43998
2019-06-21 05:26:53,52.43998
2019-06-21 05:26:59,51.76998
2019-06-21 05:27:21,52.24998
2019-06-21 05:31:16,52.24998
2019-06-21 05:31:21,52.69999
2019-06-21 05:32:04,52.53999
2019-06-21 05:34:00,52.53999
2019-06-21 05:34:34,52.57999
2019-06-21 05:36:30,52.57999
2019-06-21 05:36:48,52.67999
2019-06-21 05:38:43,52.67999
2019-06-21 05:39:35,52.81998
2019-06-21 05:40:30,52.81998
2019-06-21 05:40:44,53.07998
2019-06-21 05:41:39,53.07998
2019-06-21 05:41:48,52.70999
2019-06-21 05:42:18,53.04998
2019-06-21 05:44:14,53.04998
2019-06-21 05:44:40,52.80999
2019-06-21 05:45:35,52.80999
2019-06-21 05:45:46,53.16
2019-06-21 05:46:19,52.94998
2019-06-21 05:47:14,52.94998
2019-06-21 05:47:55,52.65999
2019-06-21 05:48:25,53.13
2019-06-21 05:50:20,53.13
2019-06-21 05:50:49,53.21999
2019-06-21 05:51:19,53.94999
2019-06-21 05:52:00,54.49999
2019-06-21 05:52:55,54.49999
2019-06-21 05:53:14,54.82999
2019-06-21 05:55:10,54.82999
2019-06-21 05:55:31,55.27999
2019-06-21 05:56:26,55.27999
2019-06-21 05:56:59,55.59998
2019-06-21 05:58:54,55.59998
2019-06-21 05:59:48,56.09998
2019-06-21 06:00:08,55.53999
2019-06-21 06:01:03,55.53999
2019-06-21 06:01:49,55.78999
2019-06-21 06:02:41,55.35999
2019-06-21 06:03:22,55.55998
2019-06-21 06:04:18,55.55998
2019-06-21 06:05:03,55.40999
2019-06-21 06:06:59,55.40999
2019-06-21 06:07:25,55.02998
2019-06-21 06:08:21,55.02998
2019-06-21 06:08:53,54.45999
2019-06-21 06:09:31,54.92999
2019-06-21 06:10:20,54.54999
2019-06-21 06:10:54,53.89999
2019-06-21 06:11:51,53.67998
2019-06-21 06:12:38,53.40999
2019-06-21 06:14:34,53.40999
2019-06-21 06:15:19,52.86999
2019-06-21 06:15:50,53.60999
2019-06-21 06:16:28,53.43999
2019-06-21 06:17:23,53.43999
2019-06-21 06:17:55,54.08999
2019-06-21 06:18:50,54.08999
2019-06-21 06:19:51,54.15999
2019-06-21 06:20:17,54.64999
2019-06-21 06:22:13,54.64999
2019-06-21 06:22:34,54.96998
2019-06-21 06:23:24,54.31998
2019-06-21 06:23:48,54.67999
2019-06-21 06:25:44,54.67999
2019-06-21 06:25:53,54.39999
2019-06-21 06:27:49,54.39999
2019-06-21 06:28:15,54.46999
2019-06-21 06:29:00,54.66999
2019-06-21 06:29:55,54.66999
2019-06-21 06:30:40,55.09
2019-06-21 06:31:23,54.81998
2019-06-21 06:32:19,54.81998
2019-06-21 06:32:40,54.91998
2019-06-21 06:33:36,54.91998
2019-06-21 06:33:41,54.94998
2019-06-21 06:34:36,54.94998
2019-06-21 06:35:18,55.06
2019-06-21 06:37:14,55.06
2019-06-21 06:37:36,54.62999
2019-06-21 06:38:31,54.62999
2019-06-21 06:38:43,55.03999
2019-06-21 06:39:04,54.70998
2019-06-21 06:43:00,54.70998
2019-06-21 06:44:00,54.50999
2019-06-21 06:44:56,54.50999
2019-06-21 06:45:47,54.19998
2019-06-21 06:46:28,54.45999
2019-06-21 06:48:23,54.45999
2019-06-21 06:48:32,54.16998
2019-06-21 06:49:04,54.62999
2019-06-21 06:49:41,54.35998
2019-06-21 06:50:37,54.35998
2019-06-21 06:51:04,54.61999
2019-06-21 06:53:00,54.61999
2019-06-21 06:53:19,54.94998
2019-06-21 06:53:51,54.57999
2019-06-21 06:54:40,55.02998
2019-06-21 06:57:35,55.02998
2019-06-21 06:58:20,55.28999
2019-06-21 06:59:15,55.28999
2019-06-21 06:59:25,54.98998
2019-06-21 07:00:20,54.98998
2019-06-21 07:00:50,55.36999
2019-06-21 07:01:25,55.07999
2019-06-21 07:02:20,55.07999
2019-06-21 07:03:04,54.91998
2019-06-21 07:04:59,54.91998
2019-06-21 07:05:14,55.16999
2019-06-21 07:06:09,55.16999
2019-06-21 07:06:53,54.89999
2019-06-21 07:07:50,55.32999
2019-06-21 07:12:45,55.32999
2019-06-21 07:13:01,55.59998
2019-06-21 07:13:56,55.59998
2019-06-21 07:14:44,55.18999
2019-06-21 07:15:08,55.46999
2019-06-21 07:16:08,55.73
2019-06-21 07:17:05,55.87999
2019-06-21 07:17:55,56.38
2019-06-21 07:18:54,56.11999
2019-06-21 07:19:50,56.11999
2019-06-21 07:20:47,55.89999
2019-06-21 07:21:42,55.89999
2019-06-21 07:22:06,55.52998
2019-06-21 07:23:01,55.52998
2019-06-21 07:23:06,55.58998
2019-06-21 07:24:01,55.20999
2019-06-21 07:24:29,55.71999
2019-06-21 07:24:47,54.81998
2019-06-21 07:25:19,54.95998
2019-06-21 07:26:19,54.29998
2019-06-21 07:27:14,54.29998
2019-06-21 07:27:45,53.82999
2019-06-21 07:32:41,53.82999
2019-06-21 07:33:33,54.32998
2019-06-21 07:34:11,54.05999
2019-06-21 07:36:06,54.05999
2019-06-21 07:36:51,54.22998
2019-06-21 07:37:46,54.22998
2019-06-21 07:38:45,54.02999
2019-06-21 07:39:40,54.02999
2019-06-21 07:40:01,54.70998
2019-06-21 07:40:20,54.32998
2019-06-21 07:41:16,54.32998
2019-06-21 07:41:22,53.62998
2019-06-21 07:42:17,53.62998
2019-06-21 07:42:32,53.12
2019-06-21 07:43:02,52.53999
2019-06-21 07:43:47,51.97999
2019-06-21 07:45:42,51.97999
2019-06-21 07:46:26,52.55
2019-06-21 07:47:21,52.55
2019-06-21 07:47:56,53.13999
2019-06-21 07:48:49,53.81
2019-06-21 07:49:46,54.15999
2019-06-21 07:50:27,54.83998
2019-06-21 07:51:22,54.83998
2019-06-21 07:51:52,55.25999
2019-06-21 07:53:47,55.25999
2019-06-21 07:54:28,55.70999
2019-06-21 07:56:23,55.70999
2019-06-21 07:56:58,55.99998
2019-06-21 07:58:53,55.99998
2019-06-21 07:59:06,55.66998
2019-06-21 08:00:06,55.38998
2019-06-21 08:01:01,55.38998
2019-06-21 08:01:12,55.16999
2019-06-21 08:01:45,54.79999
2019-06-21 08:02:40,54.79999
2019-06-21 08:03:01,54.28999
2019-06-21 08:03:31,53.58998
2019-06-21 08:04:18,53.21999
2019-06-21 08:04:54,52.81998
2019-06-21 08:05:31,52.60999
2019-06-21 08:06:18,51.95999
2019-06-21 08:06:58,51.52998
2019-06-21 08:07:53,51.52998
2019-06-21 08:08:33,51.98999
2019-06-21 08:09:05,51.73998
2019-06-21 08:09:53,51.85999
2019-06-21 08:10:40,52.29998
2019-06-21 08:11:37,52.91998
2019-06-21 08:12:29,53.25999
2019-06-21 08:13:24,53.25999
2019-06-21 08:13:30,53.38999
2019-06-21 08:14:26,53.38999
2019-06-21 08:14:45,52.95998
2019-06-21 08:15:15,53.25999
2019-06-21 08:16:10,53.25999
2019-06-21 08:16:44,52.98998
2019-06-21 08:17:40,52.98998
2019-06-21 08:17:57,53.27999
2019-06-21 08:18:49,52.86999
2019-06-21 08:19:44,52.86999
2019-06-21 08:20:40,53.06998
2019-06-21 08:21:36,53.06998
2019-06-21 08:21:47,52.77999
2019-06-21 08:22:22,53.08998
2019-06-21 08:23:17,53.08998
2019-06-21 08:23:34,53.41999
2019-06-21 08:25:29,53.41999
2019-06-21 08:25:40,53.63998
2019-06-21 08:26:35,53.63998
2019-06-21 08:26:42,53.25999
2019-06-21 08:27:05,53.63998
2019-06-21 08:28:00,53.85999
2019-06-21 08:28:55,53.85999
2019-06-21 08:29:55,54.09998
2019-06-21 08:30:51,54.09998
2019-06-21 08:31:01,53.72998
2019-06-21 08:31:31,53.97999
2019-06-21 08:33:26,53.97999
2019-06-21 08:34:24,53.68998
2019-06-21 08:35:00,53.91999
2019-06-21 08:35:45,53.54999
2019-06-21 08:36:18,53.23
2019-06-21 08:36:35,52.62
2019-06-21 08:37:19,52.15999
2019-06-21 08:38:01,51.67999
2019-06-21 08:38:24,52.19999
2019-06-21 08:39:20,52.19999
2019-06-21 08:40:20,51.69998
2019-06-21 08:40:49,51.93999
2019-06-21 08:41:40,52.65999
2019-06-21 08:42:35,52.65999
2019-06-21 08:43:25,52.92999
2019-06-21 08:43:56,52.73999
2019-06-21 08:44:51,52.73999
2019-06-21 08:45:03,52.56999
2019-06-21 08:46:59,52.56999
2019-06-21 08:47:17,52.14999
2019-06-21 08:47:51,52.67999
2019-06-21 08:48:47,52.67999
2019-06-21 08:49:22,52.82999
2019-06-21 08:49:48,53.43999
2019-06-21 08:50:41,53.78999
2019-06-21 08:51:18,54.36998
2019-06-21 08:52:13,54.36998
2019-06-21 08:53:14,54.85999
2019-06-21 08:54:09,54.85999
2019-06-21 08:54:26,55.20999
2019-06-21 08:55:21,55.20999
2019-06-21 08:55:28,55.31998
2019-06-21 08:56:06,55.73999
2019-06-21 08:56:49,56.69999
2019-06-21 08:57:14,56.47999
2019-06-21 08:57:51,56.91998
2019-06-21 08:58:43,56.63998
2019-06-21 08:59:14,57.17999
2019-06-21 08:59:47,56.86998
2019-06-21 09:00:09,57.34998
2019-06-21 09:00:48,56.99999
2019-06-21 09:01:41,56.41
2019-06-21 09:02:13,55.64998
2019-06-21 09:03:04,54.76999
2019-06-21 09:03:51,54.45
2019-06-21 09:04:08,53.90999
2019-06-21 09:04:31,53.17999
2019-06-21 09:04:59,52.69999
2019-06-21 09:05:17,52.00999
2019-06-21 09:05:51,51.64999
2019-06-21 09:06:51,52.00999
2019-06-21 09:07:42,52.48
2019-06-21 09:08:31,53.10998
2019-06-21 09:09:30,52.76999
2019-06-21 09:09:56,53.24999
2019-06-21 09:10:30,53.87
2019-06-21 09:11:01,54.68999
2019-06-21 09:11:35,55.42999
2019-06-21 09:12:30,55.42999
2019-06-21 09:12:42,55.60998
2019-06-21 09:13:21,55.86999
2019-06-21 09:13:57,56.35999
2019-06-21 09:14:52,56.35999
2019-06-21 09:15:37,56.47999
2019-06-21 09:16:32,56.47999
2019-06-21 09:17:09,56.13998
2019-06-21 09:18:04,56.13998
2019-06-21 09:18:16,55.75999
2019-06-21 09:18:50,54.99998
2019-06-21 09:19:46,54.99998
2019-06-21 09:20:02,54.66999
2019-06-21 09:20:20,54.00999
2019-06-21 09:21:02,53.16999
2019-06-21 09:21:44,52.64999
2019-06-21 09:22:05,51.84
2019-06-21 09:22:42,51.11998
2019-06-21 09:23:01,50.44998
2019-06-21 09:23:23,49.66998
2019-06-21 09:23:49,49.18998
2019-06-21 09:24:24,48.26999
2019-06-21 09:25:09,47.83998
2019-06-21 09:26:02,47.15998
2019-06-21 09:26:23,46.23999
2019-06-21 09:26:54,45.73999
2019-06-21 09:27:19,44.87999
2019-06-21 09:27:38,43.89999
2019-06-21 09:27:56,43.15999
2019-06-21 09:28:16,42.25999
2019-06-21 09:28:38,41.47998
2019-06-21 09:29:03,41.05
2019-06-21 09:29:25,40.47999
2019-06-21 09:29:38,39.29999
2019-06-21 09:29:57,38.24999
2019-06-21 09:30:13,37.30999
2019-06-21 09:30:35,36.55999
2019-06-21 09:31:33,36.08999
2019-06-21 09:32:10,35.12999
2019-06-21 09:32:35,35.77999
2019-06-21 09:33:09,36.74999
2019-06-21 09:33:39,37.12
2019-06-21 09:33:59,37.38999
2019-06-21 09:34:16,38.13
2019-06-21 09:34:39,38.68999
2019-06-21 09:35:17,39.14999
2019-06-21 09:35:51,40.32999
2019-06-21 09:36:16,40.96999
2019-06-21 09:36:40,41.96999
2019-06-21 09:37:05,42.80998
2019-06-21 09:37:22,43.86999
2019-06-21 09:37:50,44.70998
2019-06-21 09:38:29,45.43999
2019-06-21 09:38:50,46.34999
2019-06-21 09:39:32,47.66999
2019-06-21 09:40:05,48.47998
2019-06-21 09:40:24,49.31999
2019-06-21 09:41:07,49.76998
2019-06-21 09:41:30,50.26999
2019-06-21 09:41:56,51.00999
2019-06-21 09:42:29,51.49998
2019-06-21 09:42:52,52.14999
2019-06-21 09:43:12,52.72999
2019-06-21 09:43:38,53.16999
2019-06-21 09:44:00,53.77
2019-06-21 09:44:50,54.10999
2019-06-21 09:45:15,54.71999
2019-06-21 09:46:14,55.15999
2019-06-21 09:46:52,55.47998
2019-06-21 09:47:48,55.47998
2019-06-21 09:48:34,55.96999
2019-06-21 09:49:02,56.19998
2019-06-21 09:49:52,55.90999
2019-06-21 09:50:47,55.90999
2019-06-21 09:51:04,55.36999
2019-06-21 09:51:59,55.36999
2019-06-21 09:52:33,54.68999
2019-06-21 09:53:26,55.06
2019-06-21 09:54:21,55.06
2019-06-21 09:54:45,54.22998
2019-06-21 09:55:41,54.22998
2019-06-21 09:56:16,53.69998
2019-06-21 09:57:01,53.92999
2019-06-21 09:57:56,53.92999
2019-06-21 09:58:07,53.61998
2019-06-21 09:59:03,53.61998
2019-06-21 09:59:28,54.03999
2019-06-21 10:00:26,54.58999
2019-06-21 10:01:22,54.89999
2019-06-21 10:02:18,55.10999
2019-06-21 10:03:00,55.30999
2019-06-21 10:03:55,55.30999
2019-06-21 10:04:13,55.58998
2019-06-21 10:04:40,55.06999
2019-06-21 10:05:23,55.34999
2019-06-21 10:06:13,55.87999
2019-06-21 10:06:52,55.74999
2019-06-21 10:08:48,55.74999
2019-06-21 10:09:06,55.95999
2019-06-21 10:09:48,55.51998
2019-06-21 10:10:10,55.74999
2019-06-21 10:11:04,55.98999
2019-06-21 10:15:00,55.98999
2019-06-21 10:15:22,55.67999
2019-06-21 10:16:18,56.24998
2019-06-21 10:16:41,55.73999
2019-06-21 10:17:20,56.15998
2019-06-21 10:20:15,56.15998
2019-06-21 10:20:38,56.28998
2019-06-21 10:21:15,56.72999
2019-06-21 10:21:39,56.35999
2019-06-21 10:22:35,56.35999
2019-06-21 10:22:49,56.60999
2019-06-21 10:23:38,56.45999
2019-06-21 10:26:33,56.45999
2019-06-21 10:26:58,56.20998
2019-06-21 10:27:38,56.42999
2019-06-21 10:28:11,56.07999
2019-06-21 10:29:06,56.07999
2019-06-21 10:29:14,55.54998
2019-06-21 10:30:11,55.65998
2019-06-21 10:30:58,55.62998
2019-06-21 10:31:52,55.62998
2019-06-21 10:31:58,55.37999
2019-06-21 10:32:23,54.77998
2019-06-21 10:33:17,54.77998
2019-06-21 10:34:09,54.59999
2019-06-21 10:34:46,55.05
2019-06-21 10:35:26,54.81998
2019-06-21 10:36:22,54.81998
2019-06-21 10:37:13,55.18999
2019-06-21 10:38:07,55.18999
2019-06-21 10:38:52,55.34999
2019-06-21 10:39:48,55.34999
2019-06-21 10:40:19,55.68999
2019-06-21 10:41:01,55.48998
2019-06-21 10:41:56,55.48998
2019-06-21 10:42:27,55.73999
2019-06-21 10:43:22,55.73999
2019-06-21 10:43:53,56.12998
2019-06-21 10:44:48,56.12998
2019-06-21 10:45:27,55.93999
2019-06-21 10:49:22,55.93999
2019-06-21 10:50:22,56.04999
2019-06-21 10:51:18,56.04999
2019-06-21 10:51:37,56.37
2019-06-21 10:54:33,56.37
2019-06-21 10:55:04,56.63998
2019-06-21 10:55:43,56.31999
2019-06-21 10:56:40,56.09998
2019-06-21 10:57:35,56.09998
2019-06-21 10:58:03,55.65998
2019-06-21 10:59:00,55.87999
2019-06-21 10:59:56,55.87999
2019-06-21 11:00:33,55.61998
2019-06-21 11:02:29,55.61998
2019-06-21 11:02:34,55.17999
2019-06-21 11:02:58,55.74999
2019-06-21 11:03:40,55.41998
2019-06-21 11:04:35,55.41998
2019-06-21 11:04:44,55.56998
2019-06-21 11:05:39,55.56998
2019-06-21 11:05:53,55.24999
2019-06-21 11:06:28,54.94998
2019-06-21 11:07:24,54.94998
2019-06-21 11:07:48,54.70998
2019-06-21 11:08:38,54.41
2019-06-21 11:09:34,54.41
2019-06-21 11:09:46,54.18999
2019-06-21 11:10:42,54.18999
2019-06-21 11:11:11,54.64999
2019-06-21 11:11:36,55.22999
2019-06-21 11:12:06,55.58998
2019-06-21 11:12:34,56.34
2019-06-21 11:13:15,56.90998
2019-06-21 11:14:10,56.61999
2019-06-21 11:16:06,56.61999
2019-06-21 11:16:19,56.24998
2019-06-21 11:16:59,56.70998
2019-06-21 11:17:20,56.14999
2019-06-21 11:18:17,56.48999
2019-06-21 11:18:38,56.03999
2019-06-21 11:20:33,56.03999
2019-06-21 11:20:43,56.21998
2019-06-21 11:24:39,56.21998
2019-06-21 11:25:25,56.64999
2019-06-21 11:25:44,56.18998
2019-06-21 11:26:13,56.54999
2019-06-21 11:27:09,56.54999
2019-06-21 11:27:22,56.20998
2019-06-21 11:27:59,56.63998
2019-06-21 11:28:55,56.45999
2019-06-21 11:29:53,56.09998
2019-06-21 11:31:49,56.09998
2019-06-21 11:32:12,55.76999
2019-06-21 11:33:07,55.76999
2019-06-21 11:33:25,55.24999
2019-06-21 11:34:00,55.59998
2019-06-21 11:34:54,55.31998
2019-06-21 11:35:23,55.51998
2019-06-21 11:36:18,55.51998
2019-06-21 11:36:31,55.91999
2019-06-21 11:37:26,55.91999
2019-06-21 11:37:59,55.70999
2019-06-21 11:38:53,55.70999
2019-06-21 11:39:08,55.32999
2019-06-21 11:39:56,54.58999
2019-06-21 11:40:51,54.58999
2019-06-21 11:40:56,54.11999
2019-06-21 11:41:42,53.55998
2019-06-21 11:42:38,53.55998
2019-06-21 11:42:59,53.23999
2019-06-21 11:43:53,53.23999
2019-06-21 11:44:10,53.35999
2019-06-21 11:44:43,53.72998
2019-06-21 11:45:39,53.72998
2019-06-21 11:46:13,54.32998
2019-06-21 11:47:08,54.32998
2019-06-21 11:47:24,55.03999
2019-06-21 11:48:22,55.34999
2019-06-21 11:49:17,55.34999
2019-06-21 11:49:22,55.73999
2019-06-21 11:51:17,55.73999
2019-06-21 11:52:13,56.08998
2019-06-21 11:53:09,56.08998
2019-06-21 11:53:23,56.18998
2019-06-21 11:54:21,56.63998
2019-06-21 11:54:55,56.19998
2019-06-21 11:55:51,56.19998
2019-06-21 11:56:00,56.27998
2019-06-21 11:56:56,56.27998
2019-06-21 11:57:25,56.16998
2019-06-21 11:58:21,56.16998
2019-06-21 11:58:31,55.98999
2019-06-21 11:59:26,55.98999
2019-06-21 11:59:40,56.38
2019-06-21 12:00:23,56.21998
2019-06-21 12:01:18,56.21998
2019-06-21 12:01:47,55.73999
2019-06-21 12:02:21,56.25998
2019-06-21 12:03:20,55.77999
2019-06-21 12:03:42,56.25998
2019-06-21 12:06:37,56.25998
2019-06-21 12:07:20,55.75999
2019-06-21 12:08:14,55.75999
2019-06-21 12:08:47,55.40999
2019-06-21 12:09:43,55.40999
2019-06-21 12:10:04,54.81998
2019-06-21 12:10:59,54.81998
2019-06-21 12:11:57,55.12999
2019-06-21 12:12:25,54.48999
2019-06-21 12:12:52,54.74998
2019-06-21 12:16:47,54.74998
2019-06-21 12:17:26,54.45999
2019-06-21 12:20:22,54.45999
2019-06-21 12:21:15,54.79999
2019-06-21 12:23:11,54.79999
2019-06-21 12:23:26,55.39999
2019-06-21 12:24:22,55.39999
2019-06-21 12:24:45,55.23999
2019-06-21 12:25:41,55.23999
2019-06-21 12:25:54,55.52998
2019-06-21 12:27:48,55.52998
2019-06-21 12:28:18,55.10999
2019-06-21 12:29:12,55.10999
2019-06-21 12:29:45,55.31998
2019-06-21 12:31:41,55.31998
2019-06-21 12:31:56,55.22999
2019-06-21 12:32:33,54.80998
2019-06-21 12:33:07,55.14999
2019-06-21 12:33:31,54.65999
2019-06-21 12:35:26,54.65999
2019-06-21 12:36:11,54.25998
2019-06-21 12:36:53,54.56999
2019-06-21 12:37:48,54.56999
2019-06-21 12:37:56,54.25998
2019-06-21 12:38:51,54.25998
2019-06-21 12:39:25,54.52999
2019-06-21 12:40:13,54.45
2019-06-21 12:41:12,54.04999
2019-06-21 12:41:30,54.57999
2019-06-21 12:42:06,54.06998
2019-06-21 12:42:34,54.51999
2019-06-21 12:43:12,53.90999
2019-06-21 12:43:31,54.32998
2019-06-21 12:44:27,53.90999
2019-06-21 12:46:22,53.90999
2019-06-21 12:46:42,53.55998
2019-06-21 12:48:36,53.55998
2019-06-21 12:49:02,53.29999
2019-06-21 12:50:57,53.29999
2019-06-21 12:51:12,52.60999
2019-06-21 12:51:51,52.06999
2019-06-21 12:52:22,51.64999
2019-06-21 12:53:19,51.39999
2019-06-21 12:54:19,51.13998
2019-06-21 12:56:14,51.13998
2019-06-21 12:56:43,50.57999
2019-06-21 12:57:38,50.57999
2019-06-21 12:58:12,50.14999
2019-06-21 12:59:07,50.14999
2019-06-21 12:59:12,49.42999
2019-06-21 12:59:39,49.95999
2019-06-21 13:00:10,49.79998
2019-06-21 13:01:04,49.24998
2019-06-21 13:01:21,48.23999
2019-06-21 13:02:04,47.27998
2019-06-21 13:03:08,45.83999
2019-06-21 13:03:28,44.88999
2019-06-21 13:04:03,44.13998
2019-06-21 13:04:29,43.45998
2019-06-21 13:04:56,42.71999
2019-06-21 13:05:14,41.76999
2019-06-21 13:05:42,40.94999
2019-06-21 13:06:01,41.56998
2019-06-21 13:06:57,41.56998
2019-06-21 13:07:10,42.03999
2019-06-21 13:07:54,41.35999
2019-06-21 13:08:08,41.92999
2019-06-21 13:08:38,42.46999
2019-06-21 13:09:30,42.92999
2019-06-21 13:09:55,42.35999
2019-06-21 13:10:16,42.82998
2019-06-21 13:11:00,43.59999
2019-06-21 13:11:26,43.15999
2019-06-21 13:11:50,43.59999
2019-06-21 13:12:51,43.06999
2019-06-21 13:13:32,42.38999
2019-06-21 13:14:12,41.48998
2019-06-21 13:14:55,40.70999
2019-06-21 13:15:25,39.85999
2019-06-21 13:16:10,40.43999
2019-06-21 13:16:50,40.78999
2019-06-21 13:18:46,40.78999
2019-06-21 13:19:24,41.24998
2019-06-21 13:20:19,41.14999
2019-06-21 13:21:03,41.78999
2019-06-21 13:21:58,41.78999
2019-06-21 13:22:10,42.45999
2019-06-21 13:22:46,43.22999
2019-06-21 13:23:15,43.44998
2019-06-21 13:23:41,43.90999
2019-06-21 13:24:36,43.90999
2019-06-21 13:25:05,44.57999
2019-06-21 13:29:00,44.57999
2019-06-21 13:29:28,44.42999
2019-06-21 13:30:15,43.75999
2019-06-21 13:31:10,43.75999
2019-06-21 13:32:08,43.60999
2019-06-21 13:32:42,43.14999
2019-06-21 13:33:37,43.14999
2019-06-21 13:33:45,42.81998
2019-06-21 13:34:31,42.52999
2019-06-21 13:34:51,42.04999
2019-06-21 13:35:28,41.57998
2019-06-21 13:36:13,41.34998
2019-06-21 13:36:50,41.00999
2019-06-21 13:37:23,40.46999
2019-06-21 13:38:17,40.46999
2019-06-21 13:38:41,39.89999
2019-06-21 13:39:17,39.22999
2019-06-21 13:40:13,39.01999
2019-06-21 13:41:05,38.20999
2019-06-21 13:41:26,38.82999
2019-06-21 13:42:03,38.70999
2019-06-21 13:42:58,38.70999
2019-06-21 13:43:08,39.20999
2019-06-21 13:44:00,39.8
2019-06-21 13:44:29,39.59999
2019-06-21 13:44:54,40.23999
2019-06-21 13:45:49,40.23999
2019-06-21 13:46:22,40.73
2019-06-21 13:47:17,40.73
2019-06-21 13:48:13,41.19999
2019-06-21 13:49:08,41.19999
2019-06-21 13:49:19,40.84999
2019-06-21 13:49:54,41.36999
2019-06-21 13:50:18,40.99999
2019-06-21 13:50:43,41.35999
2019-06-21 13:51:28,40.79999
2019-06-21 13:51:46,41.38998
2019-06-21 13:52:41,41.38998
2019-06-21 13:53:01,42.02998
2019-06-21 13:53:56,42.02998
2019-06-21 13:54:55,42.43999
2019-06-21 13:56:51,42.43999
2019-06-21 13:57:55,42.58999
2019-06-21 13:58:17,42.01998
2019-06-21 13:59:01,42.40999
2019-06-21 13:59:30,42.03999
2019-06-21 14:01:25,42.03999
2019-06-21 14:02:04,41.79999
2019-06-21 14:02:58,41.99998
2019-06-21 14:03:58,42.31999
2019-06-21 14:04:53,42.31999
2019-06-21 14:05:29,42.16998
2019-06-21 14:06:25,42.16998
2019-06-21 14:06:56,42.43999
2019-06-21 14:07:51,42.43999
2019-06-21 14:08:07,42.09998
2019-06-21 14:08:38,42.46999
2019-06-21 14:09:36,42.00999
2019-06-21 14:10:31,42.00999
2019-06-21 14:11:20,42.02998
2019-06-21 14:15:15,42.02998
2019-06-21 14:16:19,41.84999
2019-06-21 14:19:14,41.84999
2019-06-21 14:19:45,41.92999
2019-06-21 14:20:40,41.92999
2019-06-21 14:20:45,42.28999
2019-06-21 14:21:40,42.28999
2019-06-21 14:21:49,42.05998
2019-06-21 14:23:44,42.05998
2019-06-21 14:24:17,42.49999
2019-06-21 14:24:37,41.83999
2019-06-21 14:25:32,41.83999
2019-06-21 14:25:48,42.30999
2019-06-21 14:26:09,41.76999
2019-06-21 14:27:04,41.76999
2019-06-21 14:28:08,41.12999
2019-06-21 14:30:03,41.12999
2019-06-21 14:30:58,41.25999
2019-06-21 14:31:53,41.25999
2019-06-21 14:32:06,40.99999
2019-06-21 14:33:01,40.99999
2019-06-21 14:33:36,40.67999
2019-06-21 14:34:28,40.18999
2019-06-21 14:35:24,40.18999
2019-06-21 14:35:45,39.89999
2019-06-21 14:36:40,39.89999
2019-06-21 14:37:38,40.50999
2019-06-21 14:38:33,40.50999
2019-06-21 14:39:06,40.83999
2019-06-21 14:39:49,41.29999
2019-06-21 14:40:44,41.29999
2019-06-21 14:40:58,41.84999
2019-06-21 14:41:53,41.84999
2019-06-21 14:42:32,42.25999
2019-06-21 14:43:28,42.25999
2019-06-21 14:44:06,42.54999
2019-06-21 14:46:01,42.54999
2019-06-21 14:46:10,42.32999
2019-06-21 14:49:05,42.32999
2019-06-21 14:49:38,42.03999
2019-06-21 14:50:19,42.24999
2019-06-21 14:54:14,42.24999
2019-06-21 14:54:25,41.73
2019-06-21 14:56:20,41.73
2019-06-21 14:57:05,41.23999
2019-06-21 14:57:32,41.63
2019-06-21 15:00:27,41.63
2019-06-21 15:00:37,40.77999
2019-06-21 15:01:10,41.05
2019-06-21 15:01:55,40.49999
2019-06-21 15:02:27,40.92999
2019-06-21 15:03:07,40.49999
2019-06-21 15:05:03,40.49999
2019-06-21 15:05:37,40.84999
2019-06-21 15:06:32,40.84999
2019-06-21 15:06:42,41.35999
2019-06-21 15:07:37,41.35999
2019-06-21 15:08:14,41.43999
2019-06-21 15:10:09,41.43999
2019-06-21 15:10:42,40.86999
2019-06-21 15:11:14,41.06999
2019-06-21 15:12:04,41.19999
2019-06-21 15:17:59,41.19999
2019-06-21 15:18:28,41.58998
2019-06-21 15:19:23,41.25999
2019-06-21 15:19:55,41.32999
2019-06-21 15:20:50,41.32999
2019-06-21 15:20:59,41.56998
2019-06-21 15:21:42,41.24998
2019-06-21 15:22:30,40.80999
2019-06-21 15:23:15,40.24999
2019-06-21 15:24:04,40.43999
2019-06-21 15:25:59,40.43999
2019-06-21 15:26:49,40.31999
2019-06-21 15:27:47,39.86999
2019-06-21 15:28:34,40.44999
2019-06-21 15:31:29,40.44999
2019-06-21 15:32:08,40.99999
2019-06-21 15:32:43,40.92999
2019-06-21 15:33:32,40.70999
2019-06-21 15:34:14,40.90999
2019-06-21 15:34:48,41.6
2019-06-21 15:35:13,41.18999
2019-06-21 15:35:48,41.54998
2019-06-21 15:36:44,41.94999
2019-06-21 15:38:39,41.94999
2019-06-21 15:39:35,42.25999
2019-06-21 15:40:13,41.81999
2019-06-21 15:40:56,42.18998
2019-06-21 15:41:46,41.70999
2019-06-21 15:42:20,42.31999
2019-06-21 15:42:45,42.00999
2019-06-21 15:43:39,42.21998
2019-06-21 15:45:33,42.21998
2019-06-21 15:46:33,42.02998
2019-06-21 15:47:27,42.02998
2019-06-21 15:48:05,41.93999
2019-06-21 15:48:59,41.93999
2019-06-21 15:49:40,41.79999
2019-06-21 15:50:35,41.79999
2019-06-21 15:50:44,41.24998
2019-06-21 15:51:16,41.74999
2019-06-21 15:52:11,41.74999
2019-06-21 15:52:23,41.60999
2019-06-21 15:59:19,41.60999
2019-06-21 16:00:07,41.30999
2019-06-21 16:00:50,41.60999
2019-06-21 16:02:46,41.60999
2019-06-21 16:03:04,41.93999
2019-06-21 16:04:59,41.93999
2019-06-21 16:05:13,42.32999
2019-06-21 16:05:48,41.97999
2019-06-21 16:07:44,41.97999
2019-06-21 16:08:31,41.60999
2019-06-21 16:09:25,41.60999
2019-06-21 16:10:22,41.48998
2019-06-21 16:11:16,41.48998
2019-06-21 16:12:08,41.67999
2019-06-21 16:13:03,41.67999
2019-06-21 16:13:32,42.42999
2019-06-21 16:13:49,41.70999
2019-06-21 16:14:13,42.22998
2019-06-21 16:14:46,41.85999
2019-06-21 16:16:41,41.85999
2019-06-21 16:16:47,41.71999
2019-06-21 16:17:42,41.71999
2019-06-21 16:18:18,41.66999
2019-06-21 16:19:09,41.54998
2019-06-21 16:20:04,41.54998
2019-06-21 16:20:22,41.25999
2019-06-21 16:20:57,41.50998
2019-06-21 16:21:52,41.50998
2019-06-21 16:22:07,41.58998
2019-06-21 16:24:02,41.58998
2019-06-21 16:24:42,41.43999
2019-06-21 16:25:36,41.43999
2019-06-21 16:25:49,42.22998
2019-06-21 16:26:06,41.69999
2019-06-21 16:29:01,41.69999
2019-06-21 16:29:28,42.04999
2019-06-21 16:30:24,42.04999
2019-06-21 16:31:27,42.3
2019-06-21 16:32:27,42.64999
2019-06-21 16:33:14,42.85998
2019-06-21 16:34:03,43.46998
2019-06-21 16:34:37,43.30998
2019-06-21 16:36:33,43.30998
2019-06-21 16:37:08,43.57999
2019-06-21 16:37:52,42.84998
2019-06-21 16:38:29,43.08999
2019-06-21 16:40:23,43.08999
2019-06-21 16:40:30,42.50999
2019-06-21 16:41:24,42.50999
2019-06-21 16:41:39,42.17998
2019-06-21 16:42:39,41.50998
2019-06-21 16:43:16,41.95998
2019-06-21 16:43:40,41.34998
2019-06-21 16:44:35,41.34998
2019-06-21 16:45:37,40.91999
2019-06-21 16:46:31,40.91999
2019-06-21 16:47:22,40.35999
2019-06-21 16:48:01,40.46999
2019-06-21 16:48:47,40.73
2019-06-21 16:49:22,41.05999
2019-06-21 16:50:16,41.05999
2019-06-21 16:50:53,40.67999
2019-06-21 16:51:32,41.19999
2019-06-21 16:52:27,41.19999
2019-06-21 16:53:04,41.69999
2019-06-21 16:53:58,41.69999
2019-06-21 16:54:29,41.99998
2019-06-21 16:55:11,41.88999
2019-06-21 16:57:06,41.88999
2019-06-21 16:57:23,41.68999
2019-06-21 16:58:20,42.17998
2019-06-21 16:59:10,41.97999
2019-06-21 16:59:44,42.39999
2019-06-21 17:00:39,42.39999
2019-06-21 17:00:44,42.98999
2019-06-21 17:01:33,43.26999
2019-06-21 17:02:18,43.56
2019-06-21 17:03:13,43.56
2019-06-21 17:03:38,44.00999
2019-06-21 17:04:31,43.66999
2019-06-21 17:05:27,43.66999
2019-06-21 17:05:51,43.24998
2019-06-21 17:06:46,43.24998
2019-06-21 17:07:05,43.13999
2019-06-21 17:07:59,43.13999
2019-06-21 17:08:11,42.91999
2019-06-21 17:10:06,42.91999
2019-06-21 17:10:22,42.46999
2019-06-21 17:11:20,42.65999
2019-06-21 17:12:03,42.10999
2019-06-21 17:13:00,41.48998
2019-06-21 17:13:56,41.20999
2019-06-21 17:15:52,41.20999
2019-06-21 17:16:48,41.38998
2019-06-21 17:18:43,41.38998
2019-06-21 17:19:06,41.73999
2019-06-21 17:21:02,41.73999
2019-06-21 17:21:07,41.97999
2019-06-21 17:21:47,42.50999
2019-06-21 17:22:42,42.50999
2019-06-21 17:23:04,43.06999
2019-06-21 17:23:41,43.38998
2019-06-21 17:24:25,43.95998
2019-06-21 17:24:58,43.53
2019-06-21 17:25:23,44.20999
2019-06-21 17:25:41,43.71999
2019-06-21 17:26:36,43.71999
2019-06-21 17:27:27,43.57999
2019-06-21 17:29:22,43.57999
2019-06-21 17:30:16,44.00999
2019-06-21 17:31:11,44.00999
2019-06-21 17:31:46,43.49998
2019-06-21 17:32:15,43.73999
2019-06-21 17:33:10,43.73999
2019-06-21 17:33:25,43.39998
2019-06-21 17:33:49,43.62999
2019-06-21 17:34:34,43.79999
2019-06-21 17:35:21,44.09998
2019-06-21 17:36:07,43.62999
2019-06-21 17:39:01,43.62999
2019-06-21 17:39:08,43.24998
2019-06-21 17:39:43,42.88999
2019-06-21 17:40:28,42.34
2019-06-21 17:40:51,42.80998
2019-06-21 17:41:46,42.80998
2019-06-21 17:42:09,42.47999
2019-06-21 17:44:04,42.47999
2019-06-21 17:44:52,42.99999
2019-06-21 17:45:24,42.49999
2019-06-21 17:45:45,43.15999
2019-06-21 17:46:17,42.61999
2019-06-21 17:46:47,43.32999
2019-06-21 17:47:14,42.96999
2019-06-21 17:51:08,42.96999
2019-06-21 17:51:42,43.12999
2019-06-21 17:52:13,43.35999
2019-06-21 17:57:08,43.35999
2019-06-21 17:57:48,43.85999
2019-06-21 17:58:43,43.85999
2019-06-21 17:59:08,44.26999
2019-06-21 18:00:07,43.92999
2019-06-21 18:00:46,44.34999
2019-06-21 18:01:38,44.09998
2019-06-21 18:02:17,44.35999
2019-06-21 18:03:08,44.63998
2019-06-21 18:04:03,44.63998
2019-06-21 18:04:52,44.30999
2019-06-21 18:05:35,44.45999
2019-06-21 18:06:31,44.05998
2019-06-21 18:07:06,44.30999
2019-06-21 18:07:48,44.11998
2019-06-21 18:09:42,44.11998
2019-06-21 18:09:49,43.82999
2019-06-21 18:10:29,44.24999
2019-06-21 18:10:56,43.83999
2019-06-21 18:11:52,43.83999
2019-06-21 18:12:34,44.00999
2019-06-21 18:13:18,43.73999
2019-06-21 18:13:53,43.99998
2019-06-21 18:14:47,43.99998
2019-06-21 18:15:26,44.3
2019-06-21 18:16:09,44.02998
2019-06-21 18:16:51,44.63998
2019-06-21 18:18:45,44.63998
2019-06-21 18:19:01,44.82999
2019-06-21 18:21:56,44.82999
2019-06-21 18:22:43,44.98999
2019-06-21 18:25:38,44.98999
2019-06-21 18:25:57,45.64999
2019-06-21 18:26:35,46.1
2019-06-21 18:27:12,46.65998
2019-06-21 18:29:07,46.65998
2019-06-21 18:29:12,46.51998
2019-06-21 18:30:08,46.51998
2019-06-21 18:30:37,46.62998
2019-06-21 18:31:32,46.62998
2019-06-21 18:32:14,46.23999
2019-06-21 18:33:09,45.81998
2019-06-21 18:37:04,45.81998
2019-06-21 18:37:53,45.41998
2019-06-21 18:38:39,45.68999
2019-06-21 18:39:17,45.55999
2019-06-21 18:41:11,45.55999
2019-06-21 18:42:12,45.93998
2019-06-21 18:42:29,45.27998
2019-06-21 18:42:56,45.77998
2019-06-21 18:43:51,45.77998
2019-06-21 18:44:23,45.37998
2019-06-21 18:44:58,45.65999
2019-06-21 18:45:53,45.65999
2019-06-21 18:46:39,45.95998
2019-06-21 18:47:04,45.53999
2019-06-21 18:47:43,45.98998
2019-06-21 18:49:38,45.98998
2019-06-21 18:49:59,46.59998
2019-06-21 18:50:53,46.59998
2019-06-21 18:51:33,46.93999
2019-06-21 18:52:28,46.93999
2019-06-21 18:52:54,47.30998
2019-06-21 18:53:17,47.84998
2019-06-21 18:54:16,48.27999
2019-06-21 18:55:11,48.27999
2019-06-21 18:55:33,48.57998
2019-06-21 18:56:24,48.99998
2019-06-21 18:58:18,48.99998
2019-06-21 18:58:41,49.37
2019-06-21 18:59:40,49.56998
2019-06-21 19:00:11,50.15999
2019-06-21 19:00:41,49.72998
2019-06-21 19:01:21,50.21999
2019-06-21 19:02:16,50.21999
2019-06-21 19:03:08,50.62
2019-06-21 19:04:03,50.62
2019-06-21 19:05:03,51.11998
2019-06-21 19:06:02,51.77998
2019-06-21 19:06:47,52.19999
2019-06-21 19:07:40,52.65999
2019-06-21 19:08:34,52.65999
2019-06-21 19:08:53,53.05998
2019-06-21 19:09:15,52.89999
2019-06-21 19:10:08,52.89999
2019-06-21 19:10:25,53.38999
2019-06-21 19:12:19,53.38999
2019-06-21 19:13:05,53.68998
2019-06-21 19:14:00,53.68998
2019-06-21 19:14:37,54.06998
2019-06-21 19:16:42,54.06998
2019-06-21 19:16:56,53.91999
2019-06-21 19:17:29,54.34998
2019-06-21 19:18:24,54.80998
2019-06-21 19:18:58,55.60998
2019-06-21 19:19:22,56.45999
2019-06-21 19:20:00,57.12999
2019-06-21 19:20:51,57.44998
2019-06-21 19:21:31,57.91999
2019-06-21 19:22:26,57.91999
2019-06-21 19:22:50,58.49998
2019-06-21 19:23:45,58.49998
2019-06-21 19:24:02,58.3
2019-06-21 19:24:43,58.33999
2019-06-21 19:25:16,58.62998
2019-06-21 19:26:02,59.11999
2019-06-21 19:27:57,59.11999
2019-06-21 19:28:30,59.23998
2019-06-21 19:29:25,59.23998
2019-06-21 19:30:27,58.60999
2019-06-21 19:30:52,59.10999
2019-06-21 19:31:31,58.78998
2019-06-21 19:32:26,58.78998
2019-06-21 19:33:20,58.41999
2019-06-21 19:33:46,58.80998
2019-06-21 19:34:41,58.80998
2019-06-21 19:34:46,58.55999
2019-06-21 19:36:41,58.55999
2019-06-21 19:37:10,58.78998
2019-06-21 19:37:52,58.42999
2019-06-21 19:38:25,59.06999
2019-06-21 19:38:55,58.38999
2019-06-21 19:39:18,58.85998
2019-06-21 19:40:13,58.85998
2019-06-21 19:40:22,58.51999
2019-06-21 19:41:17,58.51999
2019-06-21 19:42:05,58.80998
2019-06-21 19:42:59,58.80998
2019-06-21 19:43:05,58.58999
2019-06-21 19:44:00,58.58999
2019-06-21 19:44:14,59.03999
2019-06-21 19:44:45,58.81998
2019-06-21 19:46:40,58.81998
2019-06-21 19:46:57,59.26999
2019-06-21 19:48:52,59.26999
2019-06-21 19:49:29,59.69999
2019-06-21 19:50:23,59.69999
2019-06-21 19:50:46,59.52999
2019-06-21 19:51:40,59.52999
2019-06-21 19:51:48,59.68999
2019-06-21 19:52:37,59.20998
2019-06-21 19:53:11,59.67999
2019-06-21 19:54:00,59.11999
2019-06-21 19:54:55,59.11999
2019-06-21 19:55:20,58.75998
2019-06-21 19:55:58,58.57999
2019-06-21 19:56:53,58.38999
2019-06-21 19:57:48,58.38999
2019-06-21 19:58:16,58.04998
2019-06-21 19:59:11,58.04998
2019-06-21 19:59:36,57.88998
2019-06-21 20:00:30,57.88998
2019-06-21 20:00:57,58.13998
2019-06-21 20:02:50,58.13998
2019-06-21 20:02:58,58.41999
2019-06-21 20:03:53,58.41999
2019-06-21 20:04:26,58.48999
2019-06-21 20:05:02,58.74998
2019-06-21 20:05:30,59.21999
2019-06-21 20:07:24,59.21999
2019-06-21 20:07:33,59.75999
2019-06-21 20:08:21,60.06998
2019-06-21 20:11:15,60.06998
2019-06-21 20:11:37,60.55998
2019-06-21 20:12:07,60.32999
2019-06-21 20:13:02,60.32999
2019-06-21 20:13:15,60.04998
2019-06-21 20:17:10,60.04998
2019-06-21 20:18:12,59.84998
2019-06-21 20:20:06,59.84998
2019-06-21 20:20:55,59.56
2019-06-21 20:23:50,59.56
2019-06-21 20:24:19,58.88999
2019-06-21 20:25:13,58.88999
2019-06-21 20:25:39,58.60999
2019-06-21 20:26:25,58.69998
2019-06-21 20:26:49,58.18998
2019-06-21 20:27:44,58.18998
2019-06-21 20:28:09,57.60999
2019-06-21 20:28:54,57.80999
2019-06-21 20:29:25,57.39999
2019-06-21 20:30:19,57.39999
2019-06-21 20:30:31,57.71999
2019-06-21 20:31:06,57.50998
2019-06-21 20:32:01,57.94999
2019-06-21 20:32:55,57.94999
2019-06-21 20:33:50,58.14998
2019-06-21 20:34:45,58.65998
2019-06-21 20:35:32,58.27
2019-06-21 20:36:17,58.52999
2019-06-21 20:41:12,58.52999
2019-06-21 20:42:09,58.72998
2019-06-21 20:43:04,58.72998
2019-06-21 20:43:18,58.98
2019-06-21 20:45:12,58.98
2019-06-21 20:45:38,59.23998
2019-06-21 20:47:32,59.23998
2019-06-21 20:47:56,59.52999
2019-06-21 20:48:50,59.52999
2019-06-21 20:49:27,59.59
2019-06-21 20:50:22,60.12998
2019-06-21 20:50:46,59.74999
2019-06-21 20:52:40,59.74999
2019-06-21 20:52:48,59.41998
2019-06-21 20:53:14,59.59999
2019-06-21 20:54:09,59.59999
2019-06-21 20:54:30,59.90999
2019-06-21 20:55:23,59.90999
2019-06-21 20:55:36,59.75999
2019-06-21 20:56:30,59.75999
2019-06-21 20:56:49,59.29999
2019-06-21 20:57:44,59.29999
2019-06-21 20:58:31,59.53999
2019-06-21 20:59:25,59.25999
2019-06-21 21:01:19,59.25999
2019-06-21 21:02:15,59.15999
2019-06-21 21:03:13,59.11999
2019-06-21 21:04:07,59.11999
2019-06-21 21:04:20,59.57999
2019-06-21 21:04:51,59.23998
2019-06-21 21:05:13,59.66999
2019-06-21 21:06:08,59.66999
2019-06-21 21:07:00,59.41998
2019-06-21 21:07:54,59.41998
2019-06-21 21:08:02,59.73999
2019-06-21 21:08:29,59.38998
2019-06-21 21:09:23,59.38998
2019-06-21 21:09:35,58.95999
2019-06-21 21:10:10,59.67999
2019-06-21 21:10:26,58.92999
2019-06-21 21:11:21,58.92999
2019-06-21 21:11:26,59.02999
2019-06-21 21:14:21,59.02999
2019-06-21 21:14:45,59.33998
2019-06-21 21:15:39,59.33998
2019-06-21 21:15:51,59.80999
2019-06-21 21:16:45,59.80999
2019-06-21 21:17:11,60.38999
2019-06-21 21:18:06,60.38999
2019-06-21 21:19:10,59.95998
2019-06-21 21:19:38,60.46999
2019-06-21 21:20:26,59.84998
2019-06-21 21:21:20,59.84998
2019-06-21 21:22:03,59.43998
2019-06-21 21:22:57,59.43998
2019-06-21 21:23:07,59.73999
2019-06-21 21:26:02,59.73999
2019-06-21 21:26:09,59.28999
2019-06-21 21:26:33,59.74999
2019-06-21 21:27:16,59.50998
2019-06-21 21:28:10,59.50998
2019-06-21 21:29:01,59.80999
2019-06-21 21:29:55,59.80999
2019-06-21 21:30:52,60.01998
2019-06-21 21:32:47,60.01998
2019-06-21 21:33:11,59.68999
2019-06-21 21:34:00,59.98998
2019-06-21 21:34:23,59.64999
2019-06-21 21:35:08,59.26999
2019-06-21 21:35:40,59.52
2019-06-21 21:37:35,59.52
2019-06-21 21:37:52,59.70999
2019-06-21 21:38:46,59.70999
2019-06-21 21:39:08,59.32999
2019-06-21 21:41:02,59.32999
2019-06-21 21:41:12,59.08999
2019-06-21 21:42:01,58.75998
2019-06-21 21:42:57,58.48999
2019-06-21 21:43:52,58.48999
2019-06-21 21:44:08,58.02998
2019-06-21 21:45:03,58.02998
2019-06-21 21:45:11,58.31999
2019-06-21 21:46:05,58.31999
2019-06-21 21:46:21,58.56998
2019-06-21 21:47:01,59.00999
2019-06-21 21:47:57,59.00999
2019-06-21 21:48:56,59.35999
2019-06-21 21:49:50,59.35999
2019-06-21 21:50:34,59.68999
2019-06-21 21:51:28,59.68999
2019-06-21 21:51:34,59.96999
2019-06-21 21:52:29,59.96999
2019-06-21 21:52:57,59.70999
2019-06-21 21:53:37,59.44998
2019-06-21 21:54:32,59.44998
2019-06-21 21:54:44,59.08999
2019-06-21 21:55:22,58.75998
2019-06-21 21:56:07,58.28999
2019-06-21 21:56:42,58.45999
2019-06-21 21:57:37,58.45999
2019-06-21 21:57:45,58.18998
2019-06-21 21:58:39,58.18998
2019-06-21 21:59:25,58.37
2019-06-21 22:01:20,58.37
2019-06-21 22:02:22,58.56998
2019-06-21 22:05:16,58.56998
2019-06-21 22:05:45,59.12999
2019-06-21 22:07:40,59.12999
2019-06-21 22:08:10,59.59
2019-06-21 22:09:04,59.59
2019-06-21 22:09:12,60.03999
2019-06-21 22:10:06,60.03999
2019-06-21 22:10:40,60.2
2019-06-21 22:12:35,60.2
2019-06-21 22:13:15,59.97998
2019-06-21 22:14:09,59.74999
2019-06-21 22:15:00,60.14998
2019-06-21 22:15:48,59.80999
2019-06-21 22:16:42,59.80999
2019-06-21 22:16:51,60.12998
2019-06-21 22:17:38,59.81998
2019-06-21 22:18:32,59.81998
2019-06-21 22:19:04,59.87999
2019-06-21 22:19:59,59.87999
2019-06-21 22:20:08,59.59999
2019-06-21 22:22:02,59.59999
2019-06-21 22:22:13,59.17999
2019-06-21 22:23:08,59.17999
2019-06-21 22:23:27,59.34998
2019-06-21 22:26:23,59.34998
2019-06-21 22:27:27,59.71999
2019-06-21 22:28:22,59.71999
2019-06-21 22:28:29,59.42999
2019-06-21 22:29:04,59.63999
2019-06-21 22:29:58,59.63999
2019-06-21 22:30:56,59.79999
2019-06-21 22:31:51,59.79999
2019-06-21 22:32:18,59.65999
2019-06-21 22:33:13,59.65999
2019-06-21 22:33:40,60.06998
2019-06-21 22:34:34,60.06998
2019-06-21 22:34:45,59.64999
2019-06-21 22:35:27,59.81998
2019-06-21 22:37:21,59.81998
2019-06-21 22:37:57,59.66999
2019-06-21 22:38:51,59.66999
2019-06-21 22:39:46,59.73999
2019-06-21 22:40:40,59.73999
2019-06-21 22:40:47,59.88998
2019-06-21 22:42:41,59.88998
2019-06-21 22:43:02,60.24999
2019-06-21 22:43:57,60.24999
2019-06-21 22:44:55,60.57999
2019-06-21 22:45:49,60.57999
2019-06-21 22:45:58,60.96999
2019-06-21 22:46:30,60.63998
2019-06-21 22:47:28,60.82999
2019-06-21 22:48:23,60.82999
2019-06-21 22:48:37,60.70998
2019-06-21 22:49:29,60.39999
2019-06-21 22:50:23,60.39999
2019-06-21 22:50:55,60.14998
2019-06-21 22:53:50,60.14998
2019-06-21 22:54:30,59.89999
2019-06-21 22:55:25,59.89999
2019-06-21 22:56:11,59.79999
2019-06-21 22:58:06,59.79999
2019-06-21 22:58:12,59.47998
2019-06-21 22:58:31,60.04998
2019-06-21 23:00:25,60.04998
2019-06-21 23:01:12,60.13998
2019-06-21 23:02:07,60.13998
2019-06-21 23:02:16,59.66999
2019-06-21 23:03:13,59.25999
2019-06-21 23:05:07,59.25999
2019-06-21 23:05:36,59.44998
2019-06-21 23:06:20,59.04999
2019-06-21 23:06:55,59.20998
2019-06-21 23:07:22,59.38998
2019-06-21 23:08:17,59.38998
2019-06-21 23:08:55,59.57999
2019-06-21 23:09:51,59.57999
2019-06-21 23:10:07,59.99998
2019-06-21 23:10:50,59.66999
2019-06-21 23:11:29,60.13998
2019-06-21 23:13:24,60.13998
2019-06-21 23:13:54,60.54999
2019-06-21 23:14:50,60.54999
2019-06-21 23:15:01,60.38999
2019-06-21 23:15:55,60.38999
2019-06-21 23:16:18,60.63998
2019-06-21 23:17:13,60.63998
2019-06-21 23:18:02,60.82999
2019-06-21 23:18:58,60.82999
2019-06-21 23:19:17,61.10999
2019-06-21 23:21:12,61.10999
2019-06-21 23:21:54,61.05999
2019-06-21 23:22:16,60.62998
2019-06-21 23:23:14,60.30999
2019-06-21 23:24:09,60.30999
2019-06-21 23:24:45,60.03999
2019-06-21 23:25:22,59.70999
2019-06-21 23:25:48,59.20998
2019-06-21 23:26:45,58.89999
2019-06-21 23:27:29,58.65998
2019-06-21 23:28:24,58.65998
2019-06-21 23:28:30,58.22998
2019-06-21 23:29:25,58.22998
2019-06-21 23:29:51,58.05998
2019-06-21 23:30:41,57.92999
2019-06-21 23:31:37,57.92999
2019-06-21 23:32:02,57.66
2019-06-21 23:32:58,58.03999
2019-06-21 23:33:42,57.93999
2019-06-21 23:34:36,57.93999
2019-06-21 23:34:57,58.33999
2019-06-21 23:35:55,58.17998
2019-06-21 23:36:48,58.57999
2019-06-21 23:38:43,58.57999
2019-06-21 23:38:51,58.76998
2019-06-21 23:39:18,59.04999
2019-06-21 23:40:10,59.44998
2019-06-21 23:40:52,58.92999
2019-06-21 23:41:23,59.32999
2019-06-21 23:42:17,59.32999
2019-06-21 23:42:30,59.13999
2019-06-21 23:43:10,59.55
2019-06-21 23:45:04,59.55
2019-06-21 23:45:34,59.94998
2019-06-21 23:46:28,59.94998
2019-06-21 23:47:08,60.35999
2019-06-21 23:49:02,60.35999
2019-06-21 23:49:14,60.52998
2019-06-21 23:50:09,60.52998
2019-06-21 23:50:50,60.99999
2019-06-21 23:51:24,60.62998
2019-06-21 23:52:18,60.62998
2019-06-21 23:52:47,60.75998
2019-06-21 23:53:41,60.75998
2019-06-21 23:54:20,60.43999
2019-06-21 23:55:14,60.43999
2019-06-21 23:55:24,60.27999
2019-06-21 23:56:19,60.27999
2019-06-21 23:56:29,59.88998
2019-06-21 23:58:23,59.88998
2019-06-21 23:59:18,59.33998
2019-06-22 00:03:12,59.33998
2019-06-22 00:03:37,59.19999
2019-06-22 00:05:32,59.19999
2019-06-22 00:06:07,58.82998
2019-06-22 00:06:51,59.28999
2019-06-22 00:07:45,59.28999
2019-06-22 00:08:12,59.03999
2019-06-22 00:08:57,59.28999
2019-06-22 00:11:52,59.28999
2019-06-22 00:11:58,59.49998
2019-06-22 00:12:46,60.04998
2019-06-22 00:13:41,60.04998
2019-06-22 00:14:26,60.56998
2019-06-22 00:16:21,60.56998
2019-06-22 00:16:38,60.75998
2019-06-22 00:21:32,60.75998
2019-06-22 00:21:43,60.55998
2019-06-22 00:23:38,60.55998
2019-06-22 00:24:26,60.32999
2019-06-22 00:25:20,60.32999
2019-06-22 00:25:33,59.62
2019-06-22 00:25:56,60.13998
2019-06-22 00:26:16,59.59
2019-06-22 00:27:13,59.15999
2019-06-22 00:28:08,59.15999
2019-06-22 00:28:49,58.89999
2019-06-22 00:31:44,58.89999
2019-06-22 00:31:52,58.40999
2019-06-22 00:32:16,58.89999
2019-06-22 00:34:10,58.89999
2019-06-22 00:35:04,59.33998
2019-06-22 00:36:59,59.33998
2019-06-22 00:37:36,59.62
2019-06-22 00:38:26,59.91998
2019-06-22 00:39:20,59.91998
2019-06-22 00:39:52,60.06998
2019-06-22 00:40:50,60.31999
2019-06-22 00:41:45,60.31999
2019-06-22 00:42:15,61.01999
2019-06-22 00:45:10,61.01999
2019-06-22 00:45:48,61.32998
2019-06-22 00:47:42,61.32998
2019-06-22 00:48:15,61.43999
2019-06-22 00:51:10,61.43999
2019-06-22 00:51:30,60.93999
2019-06-22 00:52:07,61.17999
2019-06-22 00:52:38,60.84
2019-06-22 00:53:33,60.84
2019-06-22 00:54:00,60.59998
2019-06-22 00:54:28,60.89999
2019-06-22 00:54:52,60.57999
2019-06-22 00:56:47,60.57999
2019-06-22 00:57:20,60.12998
2019-06-22 00:58:15,60.12998
2019-06-22 00:59:05,59.46998
2019-06-22 00:59:59,59.52
2019-06-22 01:00:50,58.99999
2019-06-22 01:01:26,59.06999
2019-06-22 01:03:19,59.06999
2019-06-22 01:03:29,58.64999
2019-06-22 01:04:07,59.16999
2019-06-22 01:06:02,59.16999
2019-06-22 01:06:20,59.46998
2019-06-22 01:09:14,59.46998
2019-06-22 01:10:17,59.74999
2019-06-22 01:11:12,59.74999
2019-06-22 01:11:24,59.92999
2019-06-22 01:12:19,59.92999
2019-06-22 01:12:26,60.21999
2019-06-22 01:13:21,60.21999
2019-06-22 01:13:56,60.58998
2019-06-22 01:14:49,60.58998
2019-06-22 01:15:52,61.09999
2019-06-22 01:16:47,61.09999
2019-06-22 01:16:53,60.87999
2019-06-22 01:17:30,61.48
2019-06-22 01:19:24,61.48
2019-06-22 01:20:27,61.81998
2019-06-22 01:21:07,61.31998
2019-06-22 01:22:02,61.31998
2019-06-22 01:22:49,61.48
2019-06-22 01:23:44,61.48
2019-06-22 01:23:55,61.73999
2019-06-22 01:24:33,61.55999
2019-06-22 01:25:27,61.55999
2019-06-22 01:25:40,61.21999
2019-06-22 01:26:34,61.21999
2019-06-22 01:26:48,60.51999
2019-06-22 01:27:30,60.69998
2019-06-22 01:28:24,60.69998
2019-06-22 01:28:46,60.21999
2019-06-22 01:29:23,60.47999
2019-06-22 01:30:17,60.47999
2019-06-22 01:30:57,60.28999
2019-06-22 01:31:43,60.00998
2019-06-22 01:32:37,60.00998
2019-06-22 01:32:54,59.60999
2019-06-22 01:34:49,59.60999
2019-06-22 01:35:35,59.48998
2019-06-22 01:36:29,59.48998
2019-06-22 01:36:36,59.69999
2019-06-22 01:37:21,59.38998
2019-06-22 01:37:48,59.66999
2019-06-22 01:38:47,59.47998
2019-06-22 01:39:22,59.78999
2019-06-22 01:41:16,59.78999
2019-06-22 01:41:57,60.09998
2019-06-22 01:42:51,60.09998
2019-06-22 01:43:11,60.33999
2019-06-22 01:44:06,60.33999
2019-06-22 01:44:56,60.48999
2019-06-22 01:46:50,60.48999
2019-06-22 01:47:03,60.97999
2019-06-22 01:47:58,60.97999
2019-06-22 01:48:14,61.52
2019-06-22 01:48:47,61.07999
2019-06-22 01:49:09,61.61999
2019-06-22 01:50:03,61.61999
2019-06-22 01:51:01,61.96998
2019-06-22 01:51:56,62.56998
2019-06-22 01:52:37,62.54998
2019-06-22 01:53:23,62.25999
2019-06-22 01:55:17,62.25999
2019-06-22 01:55:47,61.80998
2019-06-22 01:56:17,61.24998
2019-06-22 01:57:12,61.24998
2019-06-22 01:57:38,60.99999
2019-06-22 01:58:33,60.99999
2019-06-22 01:58:51,60.64999
2019-06-22 01:59:44,60.64999
2019-06-22 01:59:51,60.16
2019-06-22 02:00:49,59.80999
2019-06-22 02:01:23,59.29999
2019-06-22 02:02:18,59.29999
2019-06-22 02:03:10,58.89999
2019-06-22 02:04:04,58.89999
2019-06-22 02:04:29,58.50999
2019-06-22 02:05:23,58.50999
2019-06-22 02:06:08,58.71999
2019-06-22 02:08:03,58.71999
2019-06-22 02:08:13,59.10999
2019-06-22 02:09:07,59.10999
2019-06-22 02:09:15,59.49998
2019-06-22 02:10:15,59.68999
2019-06-22 02:11:14,60.24999
2019-06-22 02:12:14,59.83999
2019-06-22 02:12:29,60.64999
2019-06-22 02:13:24,60.64999
2019-06-22 02:14:04,61.25999
2019-06-22 02:14:49,61.48999
2019-06-22 02:15:34,61.72999
2019-06-22 02:16:18,61.94998
2019-06-22 02:17:48,62.90999
2019-06-22 02:18:43,62.90999
2019-06-22 02:19:21,62.8
2019-06-22 02:22:16,62.8
2019-06-22 02:22:23,62.29999
2019-06-22 02:22:59,61.75999
2019-06-22 02:23:53,61.75999
2019-06-22 02:24:38,61.32998
2019-06-22 02:25:32,61.08999
2019-06-22 02:26:11,60.64999
2019-06-22 02:27:05,60.64999
2019-06-22 02:27:14,60.82999
2019-06-22 02:27:34,60.23
2019-06-22 02:28:28,60.23
2019-06-22 02:28:44,59.88998
2019-06-22 02:29:25,59.50998
2019-06-22 02:30:19,59.50998
2019-06-22 02:31:08,59.07999
2019-06-22 02:31:48,58.59998
2019-06-22 02:32:43,58.59998
2019-06-22 02:33:36,58.71999
2019-06-22 02:34:31,58.71999
2019-06-22 02:34:39,59.34998
2019-06-22 02:35:09,58.95
2019-06-22 02:35:40,59.42999
2019-06-22 02:36:33,59.80999
2019-06-22 02:37:12,60.37999
2019-06-22 02:38:07,60.37999
2019-06-22 02:38:53,61.05999
2019-06-22 02:39:44,61.30998
2019-06-22 02:40:37,61.30998
2019-06-22 02:40:50,61.42998
2019-06-22 02:41:20,62.00998
2019-06-22 02:42:10,61.80998
2019-06-22 02:42:51,61.89999
2019-06-22 02:43:20,62.39999
2019-06-22 02:44:14,62.39999
2019-06-22 02:44:45,62.91999
2019-06-22 02:45:12,62.64998
2019-06-22 02:46:06,62.64998
2019-06-22 02:46:34,62.35999
2019-06-22 02:47:28,62.35999
2019-06-22 02:47:53,62.27999
2019-06-22 02:48:12,61.82999
2019-06-22 02:48:59,61.40998
2019-06-22 02:49:41,61.65999
2019-06-22 02:50:35,61.65999
2019-06-22 02:51:31,61.50999
2019-06-22 02:52:26,61.50999
2019-06-22 02:53:17,61.25999
2019-06-22 02:54:12,61.25999
2019-06-22 02:54:27,61.32998
2019-06-22 02:55:21,61.32998
2019-06-22 02:55:28,61.67999
2019-06-22 02:55:54,61.32998
2019-06-22 02:56:27,60.92999
2019-06-22 02:57:06,60.38999
2019-06-22 02:57:42,60.04998
2019-06-22 02:58:02,60.57999
2019-06-22 02:58:56,60.57999
2019-06-22 02:59:51,61.02999
2019-06-22 03:00:30,60.54999
2019-06-22 03:00:58,60.84
2019-06-22 03:01:36,60.50999
2019-06-22 03:03:29,60.50999
2019-06-22 03:03:46,60.17999
2019-06-22 03:04:40,60.17999
2019-06-22 03:04:59,59.87999
2019-06-22 03:05:53,59.87999
2019-06-22 03:06:05,59.23998
2019-06-22 03:08:00,59.23998
2019-06-22 03:08:14,59.62999
2019-06-22 03:09:08,59.62999
2019-06-22 03:09:48,59.86999
2019-06-22 03:10:44,60.44999
2019-06-22 03:11:34,60.20999
2019-06-22 03:12:08,60.65998
2019-06-22 03:13:03,60.65998
2019-06-22 03:13:39,61.26998
2019-06-22 03:13:59,60.90999
2019-06-22 03:14:22,61.45999
2019-06-22 03:15:16,61.45999
2019-06-22 03:15:40,62.16
2019-06-22 03:16:11,62.12
2019-06-22 03:17:05,62.12
2019-06-22 03:17:12,62.43999
2019-06-22 03:17:31,62.13999
2019-06-22 03:18:02,62.50999
2019-06-22 03:18:46,63.12998
2019-06-22 03:19:38,63.58999
2019-06-22 03:20:14,62.80999
2019-06-22 03:20:30,63.38
2019-06-22 03:21:08,63.03999
2019-06-22 03:21:53,62.84999
2019-06-22 03:22:29,62.39999
2019-06-22 03:23:00,61.91998
2019-06-22 03:23:30,61.31998
2019-06-22 03:24:25,61.31998
2019-06-22 03:24:52,61.92999
2019-06-22 03:25:42,62.20999
2019-06-22 03:26:30,62.52998
2019-06-22 03:27:00,62.19999
2019-06-22 03:27:36,61.88998
2019-06-22 03:28:17,61.32998
2019-06-22 03:29:02,61.04999
2019-06-22 03:29:56,61.04999
2019-06-22 03:30:57,60.59998
2019-06-22 03:31:51,60.84
2019-06-22 03:32:21,60.66998
2019-06-22 03:33:15,60.66998
2019-06-22 03:33:56,61.02999
2019-06-22 03:34:35,60.85999
2019-06-22 03:35:29,60.85999
2019-06-22 03:35:54,61.31998
2019-06-22 03:36:23,60.84
2019-06-22 03:37:15,61.50999
2019-06-22 03:37:55,61.25999
2019-06-22 03:38:48,61.36998
2019-06-22 03:39:32,61.89999
2019-06-22 03:40:27,61.89999
2019-06-22 03:41:22,61.57999
2019-06-22 03:41:51,62.33999
2019-06-22 03:42:22,62.10999
2019-06-22 03:45:16,62.10999
2019-06-22 03:45:37,61.39998
2019-06-22 03:46:31,61.39998
2019-06-22 03:46:38,60.92999
2019-06-22 03:46:59,60.21999
2019-06-22 03:47:38,60.65998
2019-06-22 03:48:04,61.21999
2019-06-22 03:48:41,62.06998
2019-06-22 03:49:12,61.69999
2019-06-22 03:49:50,61.91998
2019-06-22 03:50:21,62.36999
2019-06-22 03:51:15,62.36999
2019-06-22 03:52:07,61.98998
2019-06-22 03:52:24,61.40998
2019-06-22 03:53:13,62.51998
2019-06-22 03:53:31,62.06998
2019-06-22 03:54:02,62.73
2019-06-22 03:54:57,62.73
2019-06-22 03:55:20,62.49998
2019-06-22 03:57:14,62.49998
2019-06-22 03:57:24,62.52998
2019-06-22 03:58:15,62.00998
2019-06-22 03:58:40,62.42999
2019-06-22 03:59:06,61.91998
2019-06-22 03:59:49,61.52
2019-06-22 04:00:43,61.52
2019-06-22 04:01:04,61.16998
2019-06-22 04:02:58,61.16998
2019-06-22 04:03:51,60.71998
2019-06-22 04:05:45,60.71998
2019-06-22 04:06:32,61.36998
2019-06-22 04:06:52,61.05999
2019-06-22 04:07:47,61.46999
2019-06-22 04:08:41,61.46999
2019-06-22 04:08:54,61.63999
2019-06-22 04:09:49,61.63999
2019-06-22 04:10:26,61.70999
2019-06-22 04:11:20,61.70999
2019-06-22 04:11:35,62.13
2019-06-22 04:16:29,62.13
2019-06-22 04:16:57,62.61998
2019-06-22 04:17:19,61.86999
2019-06-22 04:18:07,61.20998
2019-06-22 04:18:35,60.52998
2019-06-22 04:19:14,60.01998
2019-06-22 04:19:42,60.53999
2019-06-22 04:20:16,61.38998
2019-06-22 04:21:11,61.38998
2019-06-22 04:21:45,60.84
2019-06-22 04:22:29,60.69998
2019-06-22 04:23:25,61.53999
2019-06-22 04:24:19,61.53999
2019-06-22 04:24:40,61.26998
2019-06-22 04:27:35,61.26998
2019-06-22 04:27:58,61.48
2019-06-22 04:28:53,61.48
2019-06-22 04:29:01,61.70999
2019-06-22 04:29:57,61.70999
2019-06-22 04:30:24,62.22999
2019-06-22 04:30:50,61.87998
2019-06-22 04:31:23,61.97998
2019-06-22 04:32:21,62.19999
2019-06-22 04:33:15,62.19999
2019-06-22 04:34:15,62.41998
2019-06-22 04:35:10,62.41998
2019-06-22 04:35:18,61.85999
2019-06-22 04:35:43,62.09
2019-06-22 04:36:37,62.09
2019-06-22 04:37:01,61.81998
2019-06-22 04:37:57,61.90998
2019-06-22 04:38:51,61.90998
2019-06-22 04:39:08,61.36998
2019-06-22 04:39:40,60.8
2019-06-22 04:40:07,60.40999
2019-06-22 04:40:39,59.98998
2019-06-22 04:41:35,59.98998
2019-06-22 04:42:05,60.55998
2019-06-22 04:43:05,60.2
2019-06-22 04:43:55,60.58998
2019-06-22 04:44:49,60.58998
2019-06-22 04:44:59,61.06998
2019-06-22 04:45:49,60.76998
2019-06-22 04:46:29,61.25999
2019-06-22 04:48:23,61.25999
2019-06-22 04:48:51,61.95998
2019-06-22 04:49:16,61.55999
2019-06-22 04:49:52,61.94998
2019-06-22 04:50:46,61.94998
2019-06-22 04:51:25,62.34999
2019-06-22 04:52:20,62.34999
2019-06-22 04:52:45,62.71999
2019-06-22 04:53:39,62.71999
2019-06-22 04:54:05,63.19998
2019-06-22 04:54:38,62.68998
2019-06-22 04:55:38,63.10999
2019-06-22 04:56:33,63.10999
2019-06-22 04:57:02,63.62999
2019-06-22 04:57:57,63.62999
2019-06-22 04:58:25,63.28998
2019-06-22 04:58:44,64.23999
2019-06-22 04:59:00,63.77998
2019-06-22 04:59:46,63.13998
2019-06-22 05:00:02,63.89998
2019-06-22 05:00:22,63.13998
2019-06-22 05:00:49,63.66999
2019-06-22 05:01:43,63.66999
2019-06-22 05:02:06,63.26998
2019-06-22 05:02:59,63.50999
2019-06-22 05:03:55,63.50999
2019-06-22 05:04:03,63.18998
2019-06-22 05:05:00,63.44999
2019-06-22 05:05:33,63.07999
2019-06-22 05:06:27,63.07999
2019-06-22 05:07:32,62.83999
2019-06-22 05:08:26,62.83999
2019-06-22 05:09:25,62.50999
2019-06-22 05:10:20,62.50999
2019-06-22 05:10:47,61.94998
2019-06-22 05:13:41,61.94998
2019-06-22 05:14:35,61.61999
2019-06-22 05:15:25,61.85999
2019-06-22 05:16:12,61.20998
2019-06-22 05:16:52,60.67999
2019-06-22 05:17:46,60.67999
2019-06-22 05:18:13,61.31998
2019-06-22 05:19:08,61.31998
2019-06-22 05:19:25,61.03999
2019-06-22 05:19:53,60.49998
2019-06-22 05:20:25,59.67999
2019-06-22 05:21:05,60.31999
2019-06-22 05:21:43,61.06998
2019-06-22 05:22:27,61.78999
2019-06-22 05:23:08,62.18999
2019-06-22 05:24:02,62.18999
2019-06-22 05:24:18,62.52998
2019-06-22 05:25:12,62.52998
2019-06-22 05:26:07,63.12998
2019-06-22 05:27:03,63.51999
2019-06-22 05:27:35,64.17999
2019-06-22 05:28:29,64.17999
2019-06-22 05:29:07,64.48997
2019-06-22 05:30:01,64.48997
2019-06-22 05:30:17,64.28998
2019-06-22 05:32:11,64.28998
2019-06-22 05:32:24,64.74998
2019-06-22 05:32:53,64.22998
2019-06-22 05:33:19,64.66998
2019-06-22 05:33:58,64.56998
2019-06-22 05:34:47,64.26999
2019-06-22 05:35:41,64.26999
2019-06-22 05:36:25,63.63998
2019-06-22 05:36:56,63.92998
2019-06-22 05:37:50,63.92998
2019-06-22 05:38:26,63.51999
2019-06-22 05:40:21,63.51999
2019-06-22 05:40:54,63.10999
2019-06-22 05:41:34,62.43999
2019-06-22 05:41:58,61.87998
2019-06-22 05:42:25,62.46999
2019-06-22 05:43:19,62.46999
2019-06-22 05:43:25,62.80999
2019-06-22 05:43:47,62.53999
2019-06-22 05:44:15,62.20999
2019-06-22 05:45:13,62.05998
2019-06-22 05:46:04,61.61999
2019-06-22 05:46:58,61.61999
2019-06-22 05:47:15,62.01998
2019-06-22 05:47:34,61.53999
2019-06-22 05:49:29,61.53999
2019-06-22 05:50:04,61.04999
2019-06-22 05:50:30,60.73998
2019-06-22 05:51:24,60.73998
2019-06-22 05:51:33,61.28999
2019-06-22 05:52:29,61.71999
2019-06-22 05:52:51,62.37999
2019-06-22 05:53:45,62.37999
2019-06-22 05:54:27,62.58998
2019-06-22 05:55:21,62.58998
2019-06-22 05:55:37,62.97999
2019-06-22 05:56:34,63.59999
2019-06-22 05:57:10,64.12999
2019-06-22 05:58:05,64.12999
2019-06-22 05:58:29,64.70999
2019-06-22 05:59:23,64.70999
2019-06-22 06:00:22,65.40999
2019-06-22 06:00:42,64.85999
2019-06-22 06:01:36,64.85999
2019-06-22 06:02:32,64.16998
2019-06-22 06:03:19,63.85999
2019-06-22 06:04:06,63.60999
2019-06-22 06:04:48,63.20998
2019-06-22 06:05:41,63.20998
2019-06-22 06:06:20,63.38
2019-06-22 06:07:17,63.18998
2019-06-22 06:08:11,63.70998
2019-06-22 06:08:38,63.23998
2019-06-22 06:09:23,63.47999
2019-06-22 06:10:17,63.47999
2019-06-22 06:10:26,63.02998
2019-06-22 06:11:14,62.44999
2019-06-22 06:14:08,62.44999
2019-06-22 06:14:22,62.18999
2019-06-22 06:15:18,61.90998
2019-06-22 06:16:08,61.67999
2019-06-22 06:16:38,61.11999
2019-06-22 06:18:32,61.11999
2019-06-22 06:19:21,60.92999
2019-06-22 06:20:01,60.68998
2019-06-22 06:20:55,60.68998
2019-06-22 06:21:11,61.10999
2019-06-22 06:22:05,61.10999
2019-06-22 06:22:42,60.60999
2019-06-22 06:23:03,61.52999
2019-06-22 06:23:57,61.52999
2019-06-22 06:24:27,62.10999
2019-06-22 06:25:21,62.10999
2019-06-22 06:25:31,62.22999
2019-06-22 06:26:04,62.59998
2019-06-22 06:26:43,63.32998
2019-06-22 06:27:35,63.79998
2019-06-22 06:28:26,64.09
2019-06-22 06:29:20,64.01999
2019-06-22 06:30:13,64.01999
2019-06-22 06:31:10,63.72999
2019-06-22 06:31:48,63.76998
2019-06-22 06:32:41,64.03999
2019-06-22 06:33:35,64.03999
2019-06-22 06:33:56,63.79998
2019-06-22 06:34:38,63.38
2019-06-22 06:35:17,63.08999
2019-06-22 06:36:11,63.08999
2019-06-22 06:37:00,62.30999
2019-06-22 06:37:38,62.77
2019-06-22 06:38:13,62.12
2019-06-22 06:41:08,62.12
2019-06-22 06:41:22,61.69999
2019-06-22 06:42:17,61.69999
2019-06-22 06:42:30,61.29998
2019-06-22 06:43:24,61.29998
2019-06-22 06:44:09,61.55999
2019-06-22 06:46:04,61.55999
2019-06-22 06:46:23,61.92999
2019-06-22 06:47:18,61.92999
2019-06-22 06:47:32,62.32999
2019-06-22 06:48:26,62.32999
2019-06-22 06:48:45,62.13
2019-06-22 06:49:19,62.49998
2019-06-22 06:50:15,62.18999
2019-06-22 06:50:34,62.73
2019-06-22 06:51:05,62.16999
2019-06-22 06:51:32,62.55998
2019-06-22 06:52:21,63.00999
2019-06-22 06:53:15,62.81999
2019-06-22 06:53:34,63.48999
2019-06-22 06:54:19,63.04999
2019-06-22 06:54:53,63.60999
2019-06-22 06:55:12,63.15998
2019-06-22 06:58:07,63.15998
2019-06-22 06:58:57,63.22998
2019-06-22 06:59:51,63.22998
2019-06-22 06:59:59,63.33998
2019-06-22 07:00:54,63.33998
2019-06-22 07:01:09,63.76998
2019-06-22 07:01:34,63.48999
2019-06-22 07:01:56,64.14999
2019-06-22 07:02:20,63.69999
2019-06-22 07:03:06,63.83998
2019-06-22 07:03:50,63.61999
2019-06-22 07:04:44,63.61999
2019-06-22 07:05:05,63.18998
2019-06-22 07:06:59,63.18998
2019-06-22 07:07:06,62.92999
2019-06-22 07:07:39,62.33999
2019-06-22 07:09:33,62.33999
2019-06-22 07:09:58,62.16
2019-06-22 07:10:33,62.55998
2019-06-22 07:10:56,62.12
2019-06-22 07:11:49,62.12
2019-06-22 07:12:09,61.66999
2019-06-22 07:15:04,61.66999
2019-06-22 07:15:25,61.31998
2019-06-22 07:16:19,61.31998
2019-06-22 07:16:40,61.62999
2019-06-22 07:18:34,61.62999
2019-06-22 07:19:01,61.88998
2019-06-22 07:19:54,61.91998
2019-06-22 07:20:27,62.31999
2019-06-22 07:24:21,62.31999
2019-06-22 07:25:19,62.05998
2019-06-22 07:25:57,62.64998
2019-06-22 07:28:52,62.64998
2019-06-22 07:29:05,62.35999
2019-06-22 07:29:59,62.35999
2019-06-22 07:30:24,61.57999
2019-06-22 07:30:57,61.18999
2019-06-22 07:31:29,60.70998
2019-06-22 07:31:55,60.95999
2019-06-22 07:32:49,60.95999
2019-06-22 07:32:57,60.58998
2019-06-22 07:33:51,60.58998
2019-06-22 07:34:19,60.50999
2019-06-22 07:35:13,60.50999
2019-06-22 07:35:41,60.81
2019-06-22 07:36:35,60.81
2019-06-22 07:37:18,61.55999
2019-06-22 07:38:13,61.55999
2019-06-22 07:38:25,61.29998
2019-06-22 07:39:13,61.60999
2019-06-22 07:40:07,61.60999
2019-06-22 07:40:39,61.21999
2019-06-22 07:41:13,61.73999
2019-06-22 07:41:39,61.31998
2019-06-22 07:42:33,61.31998
2019-06-22 07:42:47,61.59999
2019-06-22 07:43:14,61.16998
2019-06-22 07:45:08,61.16998
2019-06-22 07:45:25,60.61998
2019-06-22 07:47:19,60.61998
2019-06-22 07:48:03,60.01998
2019-06-22 07:48:46,60.23
2019-06-22 07:49:40,60.23
2019-06-22 07:50:34,60.53999
2019-06-22 07:51:29,60.53999
2019-06-22 07:52:02,60.88999
2019-06-22 07:52:47,60.51999
2019-06-22 07:53:12,60.74998
2019-06-22 07:54:06,60.74998
2019-06-22 07:54:17,60.28999
2019-06-22 07:55:04,60.52998
2019-06-22 07:57:57,60.52998
2019-06-22 07:58:25,60.84999
2019-06-22 07:59:20,60.84999
2019-06-22 07:59:26,60.62998
2019-06-22 07:59:48,61.25999
2019-06-22 08:00:07,60.94999
2019-06-22 08:01:02,60.94999
2019-06-22 08:01:46,60.84999
2019-06-22 08:02:41,60.84999
2019-06-22 08:03:07,60.75998
2019-06-22 08:04:02,60.75998
2019-06-22 08:04:13,61.10999
2019-06-22 08:05:07,61.10999
2019-06-22 08:06:06,61.31998
2019-06-22 08:06:58,61.73999
2019-06-22 08:08:53,61.73999
2019-06-22 08:09:03,62.22999
2019-06-22 08:09:57,61.93998
2019-06-22 08:11:50,61.93998
2019-06-22 08:12:17,61.63999
2019-06-22 08:13:07,61.31998
2019-06-22 08:14:02,60.82999
2019-06-22 08:14:56,60.82999
2019-06-22 08:15:24,60.31999
2019-06-22 08:17:18,60.31999
2019-06-22 08:18:12,60.12998
2019-06-22 08:19:11,60.51999
2019-06-22 08:19:36,60.2
2019-06-22 08:21:31,60.2
2019-06-22 08:22:20,60.54999
2019-06-22 08:23:12,60.18999
2019-06-22 08:25:06,60.18999
2019-06-22 08:25:19,59.92999
2019-06-22 08:28:12,59.92999
2019-06-22 08:28:24,59.70999
2019-06-22 08:30:17,59.70999
2019-06-22 08:30:26,60.16
2019-06-22 08:31:20,60.71998
2019-06-22 08:31:53,60.46999
2019-06-22 08:33:47,60.46999
2019-06-22 08:34:45,60.92999
2019-06-22 08:35:11,60.43999
2019-06-22 08:36:05,60.43999
2019-06-22 08:37:03,60.23999
2019-06-22 08:38:02,59.81998
2019-06-22 08:38:57,59.81998
2019-06-22 08:39:44,59.40998
2019-06-22 08:40:38,59.40998
2019-06-22 08:41:27,59.74999
2019-06-22 08:41:54,59.52
2019-06-22 08:43:49,59.52
2019-06-22 08:44:23,59.72999
2019-06-22 08:46:03,60.2
2019-06-22 08:46:58,60.2
2019-06-22 08:47:22,60.68998
2019-06-22 08:48:06,60.18999
2019-06-22 08:48:26,60.46999
2019-06-22 08:48:53,60.84
2019-06-22 08:49:20,61.40998
2019-06-22 08:52:14,61.40998
2019-06-22 08:52:39,61.53999
2019-06-22 08:56:33,61.53999
2019-06-22 08:57:21,61.86999
2019-06-22 08:59:15,61.86999
2019-06-22 08:59:29,61.70999
2019-06-22 09:02:23,61.70999
2019-06-22 09:02:56,61.16998
2019-06-22 09:03:43,60.81
2019-06-22 09:04:31,60.54999
2019-06-22 09:05:25,60.54999
2019-06-22 09:05:37,60.47999
2019-06-22 09:06:25,60.17999
2019-06-22 09:06:57,59.76999
2019-06-22 09:07:51,59.76999
2019-06-22 09:08:51,59.65999
2019-06-22 09:09:13,59.02999
2019-06-22 09:11:06,59.02999
2019-06-22 09:12:12,59.28999
2019-06-22 09:13:05,59.28999
2019-06-22 09:14:10,60.05998
2019-06-22 09:15:04,60.05998
2019-06-22 09:15:39,60.53999
2019-06-22 09:18:33,60.53999
2019-06-22 09:19:29,60.67999
2019-06-22 09:20:09,61.17999
2019-06-22 09:21:03,61.17999
2019-06-22 09:21:11,61.82999
2019-06-22 09:21:42,61.55999
2019-06-22 09:22:17,61.99998
2019-06-22 09:24:11,61.99998
2019-06-22 09:24:20,62.16999
2019-06-22 09:24:52,61.60999
2019-06-22 09:25:19,62.13
2019-06-22 09:26:03,61.62999
2019-06-22 09:26:36,62.01998
2019-06-22 09:26:57,61.62999
2019-06-22 09:27:51,61.62999
2019-06-22 09:28:38,61.48
2019-06-22 09:29:31,61.48
2019-06-22 09:30:15,61.10999
2019-06-22 09:31:02,61.50999
2019-06-22 09:31:56,61.50999
2019-06-22 09:32:31,61.14999
2019-06-22 09:33:25,61.14999
2019-06-22 09:33:36,61.55999
2019-06-22 09:33:54,61.12999
2019-06-22 09:34:44,60.97999
2019-06-22 09:35:38,60.97999
2019-06-22 09:36:11,60.62998
2019-06-22 09:38:05,60.62998
2019-06-22 09:39:00,60.29999
2019-06-22 09:39:55,60.29999
2019-06-22 09:40:21,59.92999
2019-06-22 09:40:50,60.33999
2019-06-22 09:42:44,60.33999
2019-06-22 09:43:33,59.95998
2019-06-22 09:43:57,60.49998
2019-06-22 09:44:20,60.17999
2019-06-22 09:45:14,60.70998
2019-06-22 09:46:05,60.54999
2019-06-22 09:46:59,60.54999
2019-06-22 09:47:14,60.69998
2019-06-22 09:48:08,60.69998
2019-06-22 09:49:07,60.47999
2019-06-22 09:49:40,61.04999
2019-06-22 09:50:34,61.04999
2019-06-22 09:50:56,60.63998
2019-06-22 09:51:32,61.05999
2019-06-22 09:51:58,60.45998
2019-06-22 09:52:52,60.45998
2019-06-22 09:53:16,60.23
2019-06-22 09:54:10,60.23
2019-06-22 09:54:36,60.40999
2019-06-22 09:55:26,60.10998
2019-06-22 09:55:56,60.48999
2019-06-22 09:56:50,60.48999
2019-06-22 09:57:28,60.8
2019-06-22 10:00:22,60.8
2019-06-22 10:00:54,61.10999
2019-06-22 10:01:49,61.10999
2019-06-22 10:02:00,60.99999
2019-06-22 10:02:54,60.99999
2019-06-22 10:03:33,61.10999
2019-06-22 10:04:27,61.10999
2019-06-22 10:05:31,61.53999
2019-06-22 10:06:06,61.15999
2019-06-22 10:06:48,61.52999
2019-06-22 10:07:21,61.28999
2019-06-22 10:08:15,61.28999
2019-06-22 10:08:29,61.83999
2019-06-22 10:08:57,61.38998
2019-06-22 10:09:50,61.38998
2019-06-22 10:10:12,61.06998
2019-06-22 10:11:07,60.46999
2019-06-22 10:11:56,59.91998
2019-06-22 10:12:43,59.75999
2019-06-22 10:13:27,59.08999
2019-06-22 10:14:21,59.08999
2019-06-22 10:14:56,58.85998
2019-06-22 10:15:42,58.61999
2019-06-22 10:17:36,58.61999
2019-06-22 10:18:26,58.88999
2019-06-22 10:18:48,59.27998
2019-06-22 10:19:43,59.27998
2019-06-22 10:20:03,59.69999
2019-06-22 10:20:57,59.69999
2019-06-22 10:21:35,59.10999
2019-06-22 10:21:53,59.66999
2019-06-22 10:22:47,59.66999
2019-06-22 10:23:36,59.96999
2019-06-22 10:24:30,59.96999
2019-06-22 10:24:43,60.27999
2019-06-22 10:25:37,60.27999
2019-06-22 10:26:01,60.41999
2019-06-22 10:26:28,60.94999
2019-06-22 10:27:22,60.94999
2019-06-22 10:28:04,61.25999
2019-06-22 10:28:59,61.70999
2019-06-22 10:29:53,61.70999
2019-06-22 10:30:40,62.24999
2019-06-22 10:31:06,61.86999
2019-06-22 10:35:00,61.86999
2019-06-22 10:35:38,61.41998
2019-06-22 10:37:32,61.41998
2019-06-22 10:38:13,61.03999
2019-06-22 10:40:07,61.03999
2019-06-22 10:40:17,60.60999
2019-06-22 10:40:40,60.08998
2019-06-22 10:41:12,59.35999
2019-06-22 10:41:42,58.91999
2019-06-22 10:42:04,58.30999
2019-06-22 10:42:32,57.85999
2019-06-22 10:43:00,57.48998
2019-06-22 10:43:26,56.91998
2019-06-22 10:44:06,56.09998
2019-06-22 10:44:31,55.68999
2019-06-22 10:44:54,54.92999
2019-06-22 10:45:28,54.34998
2019-06-22 10:46:12,53.84999
2019-06-22 10:48:06,53.84999
2019-06-22 10:48:26,53.51998
2019-06-22 10:49:20,53.04998
2019-06-22 10:50:14,53.04998
2019-06-22 10:50:41,53.43999
2019-06-22 10:50:59,54.28999
2019-06-22 10:51:22,55.16999
2019-06-22 10:51:44,56.00999
2019-06-22 10:52:09,56.54999
2019-06-22 10:52:27,57.29999
2019-06-22 10:52:55,58.28999
2019-06-22 10:53:27,58.76998
2019-06-22 10:53:46,59.30998
2019-06-22 10:54:17,59.70999
2019-06-22 10:54:39,60.23
2019-06-22 10:55:29,60.81
2019-06-22 10:55:53,61.55
2019-06-22 10:56:26,62.20999
2019-06-22 10:56:58,61.70999
2019-06-22 10:57:27,61.24998
2019-06-22 10:57:59,60.69998
2019-06-22 10:58:53,60.69998
2019-06-22 10:59:20,60.11998
2019-06-22 10:59:46,59.33998
2019-06-22 11:00:07,58.65998
2019-06-22 11:00:29,57.93999
2019-06-22 11:01:05,57.24998
2019-06-22 11:01:35,56.54999
2019-06-22 11:01:52,55.49998
2019-06-22 11:02:14,54.85999
2019-06-22 11:02:37,54.28999
2019-06-22 11:03:05,53.60999
2019-06-22 11:03:24,52.95998
2019-06-22 11:03:46,52.37998
2019-06-22 11:04:06,51.73998
2019-06-22 11:04:49,50.91998
2019-06-22 11:05:17,50.26999
2019-06-22 11:05:45,49.73998
2019-06-22 11:06:01,49.08998
2019-06-22 11:06:16,48.36999
2019-06-22 11:06:40,47.75999
2019-06-22 11:06:54,46.88999
2019-06-22 11:07:18,45.87998
2019-06-22 11:07:46,45.24998
2019-06-22 11:08:12,44.48999
2019-06-22 11:08:40,43.68999
2019-06-22 11:08:57,42.77998
2019-06-22 11:09:20,42.00999
2019-06-22 11:09:38,41.34998
2019-06-22 11:10:33,41.34998
2019-06-22 11:11:30,41.77999
2019-06-22 11:11:57,41.14999
2019-06-22 11:12:39,41.58998
2019-06-22 11:13:04,42.14998
2019-06-22 11:13:51,42.80998
2019-06-22 11:14:17,42.27999
2019-06-22 11:14:41,41.69999
2019-06-22 11:15:35,41.69999
2019-06-22 11:16:20,41.00999
2019-06-22 11:17:06,40.06
2019-06-22 11:17:42,40.41999
2019-06-22 11:18:13,40.89999
2019-06-22 11:19:11,40.42999
2019-06-22 11:19:59,41.17999
2019-06-22 11:20:17,40.82999
2019-06-22 11:21:04,41.86999
2019-06-22 11:21:32,42.48999
2019-06-22 11:22:06,42.86998
2019-06-22 11:22:42,43.33998
2019-06-22 11:23:25,43.79999
2019-06-22 11:24:19,43.79999
2019-06-22 11:24:39,44.23
2019-06-22 11:25:30,44.63998
2019-06-22 11:26:24,44.63998
2019-06-22 11:26:51,45.05999
2019-06-22 11:27:46,45.53999
2019-06-22 11:28:04,46.44999
2019-06-22 11:28:36,46.06998
2019-06-22 11:29:33,46.77
2019-06-22 11:30:27,46.77
2019-06-22 11:31:07,47.20998
2019-06-22 11:31:28,46.73
2019-06-22 11:32:08,47.09998
2019-06-22 11:32:58,47.80998
2019-06-22 11:33:22,47.04999
2019-06-22 11:33:48,47.67999
2019-06-22 11:34:21,48.57998
2019-06-22 11:34:57,47.67999
2019-06-22 11:35:29,47.77998
2019-06-22 11:36:03,47.51999
2019-06-22 11:36:17,46.75999
2019-06-22 11:37:11,46.75999
2019-06-22 11:37:29,46.93999
2019-06-22 11:37:51,46.65998
2019-06-22 11:38:45,46.65998
2019-06-22 11:39:24,46.53999
2019-06-22 11:39:51,45.88998
2019-06-22 11:41:45,45.88998
2019-06-22 11:42:02,45.31998
2019-06-22 11:42:23,45.91998
2019-06-22 11:43:21,45.41998
2019-06-22 11:43:43,45.80998
2019-06-22 11:44:18,45.53999
2019-06-22 11:44:48,44.91999
2019-06-22 11:45:42,44.91999
2019-06-22 11:45:53,44.26999
2019-06-22 11:46:27,44.84999
2019-06-22 11:46:50,44.49998
2019-06-22 11:47:15,44.17999
2019-06-22 11:48:04,44.67999
2019-06-22 11:48:35,44.34999
2019-06-22 11:49:26,44.98999
2019-06-22 11:49:49,44.46999
2019-06-22 11:50:19,44.67999
2019-06-22 11:50:46,45.06999
2019-06-22 11:51:39,45.06999
2019-06-22 11:52:26,45.46999
2019-06-22 11:53:20,45.46999
2019-06-22 11:54:14,45.59999
2019-06-22 11:54:36,46.04998
2019-06-22 11:55:30,46.04998
2019-06-22 11:55:51,46.36999
2019-06-22 11:56:22,46.98999
2019-06-22 11:57:02,46.44999
2019-06-22 11:57:56,46.44999
2019-06-22 11:58:17,46.85999
2019-06-22 11:59:16,47.21999
2019-06-22 11:59:54,47.75999
2019-06-22 12:00:48,47.75999
2019-06-22 12:01:28,48.02999
2019-06-22 12:02:21,48.02999
2019-06-22 12:02:29,47.61999
2019-06-22 12:03:06,47.81998
2019-06-22 12:04:02,47.53999
2019-06-22 12:04:43,47.72999
2019-06-22 12:05:37,47.72999
2019-06-22 12:06:10,48.41998
2019-06-22 12:06:55,49.06998
2019-06-22 12:07:37,49.82998
2019-06-22 12:08:05,50.19999
2019-06-22 12:08:58,50.90999
2019-06-22 12:09:37,51.69998
2019-06-22 12:10:11,52.35999
2019-06-22 12:10:45,52.87998
2019-06-22 12:11:06,53.74998
2019-06-22 12:11:36,54.63999
2019-06-22 12:12:29,54.63999
2019-06-22 12:12:37,55.16999
2019-06-22 12:13:07,55.55998
2019-06-22 12:13:33,56.41999
2019-06-22 12:14:12,57.02
2019-06-22 12:16:06,57.02
2019-06-22 12:17:11,57.52998
2019-06-22 12:18:11,57.25999
2019-06-22 12:18:37,57.74999
2019-06-22 12:19:11,58.07999
2019-06-22 12:20:04,58.41999
2019-06-22 12:20:57,58.41999
2019-06-22 12:21:07,57.94999
2019-06-22 12:21:55,58.62998
2019-06-22 12:22:28,58.31999
2019-06-22 12:23:28,57.73999
2019-06-22 12:24:22,57.73999
2019-06-22 12:24:47,58.03999
2019-06-22 12:25:07,57.66999
2019-06-22 12:25:45,57.34998
2019-06-22 12:26:22,56.84998
2019-06-22 12:27:10,56.96999
2019-06-22 12:28:04,56.96999
2019-06-22 12:28:38,57.55998
2019-06-22 12:29:17,57.19999
2019-06-22 12:29:49,57.62
2019-06-22 12:30:42,57.62
2019-06-22 12:31:15,57.91999
2019-06-22 12:32:14,58.32999
2019-06-22 12:32:59,58.88999
2019-06-22 12:33:57,59.29999
2019-06-22 12:34:37,59.56999
2019-06-22 12:35:17,59.02999
2019-06-22 12:36:12,59.02999
2019-06-22 12:36:46,58.62998
2019-06-22 12:37:21,58.44999
2019-06-22 12:37:40,57.98998
2019-06-22 12:38:33,57.98998
2019-06-22 12:38:57,57.73999
2019-06-22 12:39:19,57.36999
2019-06-22 12:40:12,57.36999
2019-06-22 12:41:18,57.03999
2019-06-22 12:42:11,57.03999
2019-06-22 12:43:03,57.55998
2019-06-22 12:43:54,57.40998
2019-06-22 12:44:23,57.81999
2019-06-22 12:45:17,57.81999
2019-06-22 12:46:17,58.10999
2019-06-22 12:46:42,57.24998
2019-06-22 12:47:37,57.24998
2019-06-22 12:47:55,56.31999
2019-06-22 12:48:49,56.31999
2019-06-22 12:49:02,55.86999
2019-06-22 12:49:51,55.57998
2019-06-22 12:50:18,54.85999
2019-06-22 12:50:55,55.18999
2019-06-22 12:51:39,55.53999
2019-06-22 12:52:05,56.03999
2019-06-22 12:52:39,56.75999
2019-06-22 12:53:11,56.47999
2019-06-22 12:53:36,56.99999
2019-06-22 12:54:29,57.63
2019-06-22 12:54:53,58.18998
2019-06-22 12:55:40,58.59998
2019-06-22 12:56:28,58.95
2019-06-22 12:57:12,59.18999
2019-06-22 12:57:35,59.87999
2019-06-22 12:58:28,60.21999
2019-06-22 12:59:23,60.21999
2019-06-22 12:59:35,60.39999
2019-06-22 13:00:29,60.39999
2019-06-22 13:00:42,60.21999
2019-06-22 13:01:37,60.21999
2019-06-22 13:01:55,60.64999
2019-06-22 13:02:49,60.64999
2019-06-22 13:03:35,60.21999
2019-06-22 13:04:04,60.64999
2019-06-22 13:04:32,60.44999
2019-06-22 13:05:22,60.26999
2019-06-22 13:06:23,59.80999
2019-06-22 13:07:16,59.80999
2019-06-22 13:08:06,59.60999
2019-06-22 13:10:00,59.60999
2019-06-22 13:10:56,59.40998
2019-06-22 13:11:56,59.18999
2019-06-22 13:12:27,58.80998
2019-06-22 13:12:57,58.45999
2019-06-22 13:13:36,57.86999
2019-06-22 13:14:30,57.86999
2019-06-22 13:14:54,57.41998
2019-06-22 13:15:51,57.60999
2019-06-22 13:16:49,57.49998
2019-06-22 13:17:18,57.06999
2019-06-22 13:19:11,57.06999
2019-06-22 13:19:19,56.74998
2019-06-22 13:20:03,57.02
2019-06-22 13:20:56,57.02
2019-06-22 13:21:42,56.73998
2019-06-22 13:22:37,57.02999
2019-06-22 13:23:31,57.02999
2019-06-22 13:23:50,57.28999
2019-06-22 13:25:43,57.28999
2019-06-22 13:26:09,57.64999
2019-06-22 13:28:03,57.64999
2019-06-22 13:29:02,57.18999
2019-06-22 13:29:29,57.83999
2019-06-22 13:30:22,57.83999
2019-06-22 13:31:07,58.03999
2019-06-22 13:31:56,57.80999
2019-06-22 13:32:50,57.80999
2019-06-22 13:33:52,57.6
2019-06-22 13:34:46,57.6
2019-06-22 13:35:25,57.85999
2019-06-22 13:35:57,58.20998
2019-06-22 13:36:50,58.20998
2019-06-22 13:37:13,58.07999
2019-06-22 13:39:07,58.07999
2019-06-22 13:40:01,58.3
2019-06-22 13:40:56,58.3
2019-06-22 13:41:34,57.85999
2019-06-22 13:42:27,57.30999
2019-06-22 13:43:02,57.81999
2019-06-22 13:43:20,57.30999
2019-06-22 13:44:13,57.30999
2019-06-22 13:44:34,56.99
2019-06-22 13:45:27,56.99
2019-06-22 13:46:20,56.72999
2019-06-22 13:47:02,56.34
2019-06-22 13:47:36,56.84998
2019-06-22 13:47:55,56.34
2019-06-22 13:48:26,55.81999
2019-06-22 13:49:20,55.81999
2019-06-22 13:50:00,55.33999
2019-06-22 13:50:30,55.65998
2019-06-22 13:51:24,55.65998
2019-06-22 13:51:46,55.87999
2019-06-22 13:52:27,56.23998
2019-06-22 13:53:20,56.23998
2019-06-22 13:53:48,56.69999
2019-06-22 13:54:41,56.69999
2019-06-22 13:54:51,57.53998
2019-06-22 13:55:40,57.99998
2019-06-22 13:56:33,57.99998
2019-06-22 13:57:23,58.35999
2019-06-22 13:57:46,58.77998
2019-06-22 13:58:37,59.10999
2019-06-22 13:59:31,59.10999
2019-06-22 14:00:23,59.28999
2019-06-22 14:00:49,59.03999
2019-06-22 14:01:07,58.00999
2019-06-22 14:02:02,58.00999
2019-06-22 14:02:15,57.12999
2019-06-22 14:02:37,56.43999
2019-06-22 14:03:31,56.43999
2019-06-22 14:03:45,55.73
2019-06-22 14:04:25,55.23999
2019-06-22 14:04:58,54.51999
2019-06-22 14:05:33,54.01999
2019-06-22 14:06:33,53.47999
2019-06-22 14:07:28,52.76999
2019-06-22 14:08:00,51.88999
2019-06-22 14:08:45,51.77998
2019-06-22 14:09:16,51.23
2019-06-22 14:10:05,51.58999
2019-06-22 14:10:59,51.58999
2019-06-22 14:11:46,52.38998
2019-06-22 14:12:08,52.94998
2019-06-22 14:12:31,53.77
2019-06-22 14:13:02,54.65999
2019-06-22 14:13:57,55.44998
2019-06-22 14:14:29,56.19998
2019-06-22 14:15:06,56.86998
2019-06-22 14:15:39,57.53998
2019-06-22 14:16:14,57.88998
2019-06-22 14:16:44,58.47999
2019-06-22 14:17:17,59.00999
2019-06-22 14:18:10,59.74999
2019-06-22 14:19:03,59.74999
2019-06-22 14:19:42,60.08998
2019-06-22 14:20:36,60.08998
2019-06-22 14:20:43,59.75999
2019-06-22 14:21:21,60.03999
2019-06-22 14:22:15,60.03999
2019-06-22 14:22:50,60.43999
2019-06-22 14:23:43,60.43999
2019-06-22 14:23:59,60.00998
2019-06-22 14:24:52,60.00998
2019-06-22 14:25:15,59.63999
2019-06-22 14:25:39,59.31998
2019-06-22 14:26:13,58.77998
2019-06-22 14:28:07,58.77998
2019-06-22 14:28:46,58.35999
2019-06-22 14:29:28,57.83999
2019-06-22 14:30:21,57.83999
2019-06-22 14:30:57,57.66999
2019-06-22 14:31:34,57.24998
2019-06-22 14:32:28,57.24998
2019-06-22 14:32:42,56.68999
2019-06-22 14:33:14,56.34
2019-06-22 14:34:07,56.34
2019-06-22 14:34:50,56.06998
2019-06-22 14:35:43,56.06998
2019-06-22 14:36:07,56.37
2019-06-22 14:37:01,56.60999
2019-06-22 14:38:55,56.60999
2019-06-22 14:39:31,56.34
2019-06-22 14:39:58,56.76998
2019-06-22 14:40:52,56.76998
2019-06-22 14:41:20,57.37998
2019-06-22 14:41:58,57.03999
2019-06-22 14:42:51,57.68999
2019-06-22 14:43:08,57.05999
2019-06-22 14:43:45,57.30999
2019-06-22 14:44:09,57.52998
2019-06-22 14:44:45,58.04998
2019-06-22 14:45:16,58.60999
2019-06-22 14:46:09,58.60999
2019-06-22 14:46:53,58.95
2019-06-22 14:47:46,58.95
2019-06-22 14:48:15,59.22999
2019-06-22 14:49:09,59.22999
2019-06-22 14:49:19,58.93999
2019-06-22 14:51:12,58.93999
2019-06-22 14:51:47,58.65998
2019-06-22 14:52:40,58.65998
2019-06-22 14:53:11,58.15998
2019-06-22 14:54:04,58.15998
2019-06-22 14:55:05,57.83999
2019-06-22 14:55:59,57.83999
2019-06-22 14:56:49,57.69999
2019-06-22 14:57:43,57.69999
2019-06-22 14:57:56,57.37998
2019-06-22 14:59:49,57.37998
2019-06-22 15:00:42,57.92999
2019-06-22 15:01:03,57.80999
2019-06-22 15:02:00,57.57998
2019-06-22 15:02:55,57.57998
2019-06-22 15:03:24,57.35999
2019-06-22 15:04:18,57.35999
2019-06-22 15:05:09,57.46999
2019-06-22 15:09:03,57.46999
2019-06-22 15:10:01,57.80999
2019-06-22 15:10:57,57.39999
2019-06-22 15:11:57,57.64999
2019-06-22 15:12:37,57.20999
2019-06-22 15:13:23,57.27998
2019-06-22 15:15:17,57.27998
2019-06-22 15:15:26,57.57998
2019-06-22 15:17:20,57.57998
2019-06-22 15:17:30,58.04998
2019-06-22 15:18:16,57.78999
2019-06-22 15:18:54,58.02998
2019-06-22 15:19:49,58.02998
2019-06-22 15:20:17,58.27
2019-06-22 15:21:11,58.27
2019-06-22 15:22:11,58.48999
2019-06-22 15:25:05,58.48999
2019-06-22 15:25:21,58.51999
2019-06-22 15:26:14,58.15998
2019-06-22 15:27:08,58.15998
2019-06-22 15:28:06,57.39999
2019-06-22 15:28:19,58.27999
2019-06-22 15:29:13,58.27999
2019-06-22 15:29:19,58.03999
2019-06-22 15:35:13,58.03999
2019-06-22 15:35:29,58.39999
2019-06-22 15:36:23,58.39999
2019-06-22 15:37:20,58.65998
2019-06-22 15:38:17,59.00999
2019-06-22 15:38:59,58.65998
2019-06-22 15:39:53,58.65998
2019-06-22 15:40:02,58.88
2019-06-22 15:40:55,58.88
2019-06-22 15:41:20,59.19999
2019-06-22 15:42:16,58.78998
2019-06-22 15:42:59,58.96999
2019-06-22 15:43:53,58.96999
2019-06-22 15:44:01,58.57999
2019-06-22 15:44:34,59.18999
2019-06-22 15:45:20,58.88999
2019-06-22 15:47:15,58.88999
2019-06-22 15:47:41,59.11999
2019-06-22 15:48:34,59.11999
2019-06-22 15:48:52,58.55999
2019-06-22 15:49:11,58.98
2019-06-22 15:51:05,58.98
2019-06-22 15:51:14,59.23998
2019-06-22 15:53:08,59.23998
2019-06-22 15:54:14,58.78998
2019-06-22 15:54:41,58.88999
2019-06-22 15:56:34,58.88999
2019-06-22 15:56:47,58.62998
2019-06-22 15:57:30,58.82998
2019-06-22 15:59:24,58.82998
2019-06-22 16:00:27,58.38999
2019-06-22 16:00:52,58.95
2019-06-22 16:01:16,58.51999
2019-06-22 16:02:10,58.51999
2019-06-22 16:02:57,58.14998
2019-06-22 16:03:30,58.38999
2019-06-22 16:05:24,58.38999
2019-06-22 16:05:45,58.08998
2019-06-22 16:06:28,57.90999
2019-06-22 16:07:27,57.47998
2019-06-22 16:08:20,57.47998
2019-06-22 16:08:46,57.20999
2019-06-22 16:09:05,56.41
2019-06-22 16:09:52,55.96999
2019-06-22 16:10:37,56.45999
2019-06-22 16:11:34,56.24998
2019-06-22 16:13:28,56.24998
2019-06-22 16:13:39,56.51999
2019-06-22 16:14:37,56.00999
2019-06-22 16:15:23,55.47998
2019-06-22 16:16:04,55.07999
2019-06-22 16:16:58,55.07999
2019-06-22 16:17:05,54.57999
2019-06-22 16:17:59,54.57999
2019-06-22 16:18:08,54.05999
2019-06-22 16:18:41,53.49998
2019-06-22 16:19:35,53.49998
2019-06-22 16:20:27,53.17999
2019-06-22 16:21:21,53.17999
2019-06-22 16:21:28,53.52998
2019-06-22 16:22:22,53.52998
2019-06-22 16:22:49,53.73998
2019-06-22 16:23:27,54.12999
2019-06-22 16:24:00,54.89999
2019-06-22 16:24:36,54.46999
2019-06-22 16:24:55,54.78999
2019-06-22 16:25:22,54.97998
2019-06-22 16:26:09,55.27999
2019-06-22 16:27:02,55.27999
2019-06-22 16:27:22,55.62998
2019-06-22 16:28:17,56.21998
2019-06-22 16:29:09,56.77998
2019-06-22 16:30:08,57.08999
2019-06-22 16:30:48,57.53998
2019-06-22 16:31:42,57.53998
2019-06-22 16:31:52,57.71999
2019-06-22 16:33:46,57.71999
2019-06-22 16:34:19,58.13998
2019-06-22 16:34:37,57.72999
2019-06-22 16:35:31,57.72999
2019-06-22 16:35:55,57.43998
2019-06-22 16:39:49,57.43998
2019-06-22 16:40:26,57.36999
2019-06-22 16:40:56,57.05999
2019-06-22 16:41:46,56.87998
2019-06-22 16:43:40,56.87998
2019-06-22 16:44:20,56.32999
2019-06-22 16:44:43,56.88998
2019-06-22 16:45:04,56.30998
2019-06-22 16:45:24,56.66998
2019-06-22 16:46:18,56.66998
2019-06-22 16:46:33,56.18998
2019-06-22 16:48:27,56.18998
2019-06-22 16:48:50,55.36999
2019-06-22 16:49:26,55.74999
2019-06-22 16:49:46,55.10999
2019-06-22 16:50:42,55.46999
2019-06-22 16:51:36,55.46999
2019-06-22 16:51:50,55.26999
2019-06-22 16:52:17,55.96999
2019-06-22 16:53:12,55.56998
2019-06-22 16:53:57,56.03999
2019-06-22 16:54:50,56.03999
2019-06-22 16:55:04,56.37
2019-06-22 16:55:47,56.80998
2019-06-22 16:56:34,56.55999
2019-06-22 16:57:26,56.55999
2019-06-22 16:57:52,56.99
2019-06-22 16:58:14,56.53999
2019-06-22 16:59:11,56.86998
2019-06-22 17:00:04,56.86998
2019-06-22 17:00:18,57.05999
2019-06-22 17:01:12,57.05999
2019-06-22 17:01:32,57.56998
2019-06-22 17:01:50,57.10999
2019-06-22 17:02:44,57.10999
2019-06-22 17:02:56,57.57998
2019-06-22 17:03:18,57.03999
2019-06-22 17:03:56,57.26999
2019-06-22 17:05:50,57.26999
2019-06-22 17:06:02,56.99999
2019-06-22 17:08:56,56.99999
2019-06-22 17:09:18,57.10999
2019-06-22 17:10:10,56.68999
2019-06-22 17:12:03,56.68999
2019-06-22 17:12:22,56.00999
2019-06-22 17:12:44,56.54999
2019-06-22 17:13:26,56.12998
2019-06-22 17:14:21,56.12998
2019-06-22 17:14:36,56.41999
2019-06-22 17:15:30,56.41999
2019-06-22 17:15:45,55.92999
2019-06-22 17:16:04,56.50999
2019-06-22 17:16:37,56.09998
2019-06-22 17:17:31,56.09998
2019-06-22 17:17:37,56.37
2019-06-22 17:19:32,56.37
2019-06-22 17:19:46,56.04999
2019-06-22 17:20:15,56.50999
2019-06-22 17:20:46,56.13998
2019-06-22 17:22:40,56.13998
2019-06-22 17:22:55,56.38999
2019-06-22 17:24:49,56.38999
2019-06-22 17:25:23,56.13998
2019-06-22 17:26:18,56.13998
2019-06-22 17:26:47,55.53999
2019-06-22 17:27:10,55.80999
2019-06-22 17:29:03,55.80999
2019-06-22 17:29:24,55.33999
2019-06-22 17:30:17,55.33999
2019-06-22 17:30:25,55.06
2019-06-22 17:31:17,54.62999
2019-06-22 17:33:10,54.62999
2019-06-22 17:33:24,54.25998
2019-06-22 17:35:18,54.25998
2019-06-22 17:35:57,54.82999
2019-06-22 17:36:51,54.82999
2019-06-22 17:37:07,55.25999
2019-06-22 17:38:01,55.25999
2019-06-22 17:38:40,55.44998
2019-06-22 17:39:23,55.78999
2019-06-22 17:40:17,55.78999
2019-06-22 17:40:27,55.16999
2019-06-22 17:41:02,55.35999
2019-06-22 17:41:56,55.35999
2019-06-22 17:42:21,54.94998
2019-06-22 17:43:15,54.94998
2019-06-22 17:43:36,55.19999
2019-06-22 17:44:29,55.19999
2019-06-22 17:44:45,55.80999
2019-06-22 17:46:39,55.80999
2019-06-22 17:47:12,56.16998
2019-06-22 17:48:03,56.29998
2019-06-22 17:48:57,56.29998
2019-06-22 17:49:34,56.72999
2019-06-22 17:50:28,56.72999
2019-06-22 17:50:40,56.51999
2019-06-22 17:51:34,56.51999
2019-06-22 17:52:23,56.19998
2019-06-22 17:53:04,55.76999
2019-06-22 17:54:02,55.30999
2019-06-22 17:54:56,55.30999
2019-06-22 17:55:07,54.95998
2019-06-22 17:55:33,54.49999
2019-06-22 17:57:26,54.49999
2019-06-22 17:58:27,54.60999
2019-06-22 17:58:56,54.35998
2019-06-22 17:59:50,54.35998
2019-06-22 18:00:50,54.82999
2019-06-22 18:01:51,54.62999
2019-06-22 18:02:45,54.62999
2019-06-22 18:02:56,55.10999
2019-06-22 18:03:21,54.81998
2019-06-22 18:03:52,55.33999
2019-06-22 18:04:42,54.92999
2019-06-22 18:05:09,55.35999
2019-06-22 18:06:09,55.73
2019-06-22 18:06:38,55.30999
2019-06-22 18:07:23,55.64998
2019-06-22 18:08:17,55.64998
2019-06-22 18:09:15,55.36999
2019-06-22 18:09:49,55.7
2019-06-22 18:10:38,55.98999
2019-06-22 18:11:33,55.98999
2019-06-22 18:11:51,55.89999
2019-06-22 18:12:29,56.25998
2019-06-22 18:13:24,56.25998
2019-06-22 18:13:39,56.74998
2019-06-22 18:15:32,56.74998
2019-06-22 18:16:03,56.81998
2019-06-22 18:16:51,57.21999
2019-06-22 18:17:18,56.73998
2019-06-22 18:18:16,57.16999
2019-06-22 18:18:41,56.45999
2019-06-22 18:18:59,57.26999
2019-06-22 18:19:24,56.71999
2019-06-22 18:22:17,56.71999
2019-06-22 18:23:02,56.45999
2019-06-22 18:24:55,56.45999
2019-06-22 18:25:05,55.97999
2019-06-22 18:25:41,56.32999
2019-06-22 18:26:35,56.32999
2019-06-22 18:27:32,56.09998
2019-06-22 18:28:11,56.41
2019-06-22 18:28:43,56.19998
2019-06-22 18:29:44,55.90999
2019-06-22 18:31:37,55.90999
2019-06-22 18:32:00,55.38998
2019-06-22 18:32:54,55.38998
2019-06-22 18:33:42,55.02998
2019-06-22 18:35:36,55.02998
2019-06-22 18:36:31,55.20999
2019-06-22 18:37:26,55.20999
2019-06-22 18:38:02,55.43999
2019-06-22 18:38:52,55.93999
2019-06-22 18:39:44,55.73999
2019-06-22 18:40:38,55.73999
2019-06-22 18:41:03,56.11999
2019-06-22 18:41:29,55.54998
2019-06-22 18:42:09,55.68999
2019-06-22 18:43:02,55.68999
2019-06-22 18:43:29,56.09998
2019-06-22 18:45:24,56.09998
2019-06-22 18:45:42,55.73999
2019-06-22 18:46:15,56.64999
2019-06-22 18:46:30,56.18998
2019-06-22 18:46:55,55.81999
2019-06-22 18:47:42,56.00999
2019-06-22 18:48:35,56.00999
2019-06-22 18:48:46,55.8
2019-06-22 18:51:39,55.8
2019-06-22 18:51:53,55.33999
2019-06-22 18:52:18,55.66998
2019-06-22 18:53:07,56.37
2019-06-22 18:53:39,56.10999
2019-06-22 18:54:14,55.80999
2019-06-22 18:55:08,55.80999
2019-06-22 18:55:15,56.07999
2019-06-22 18:56:09,56.07999
2019-06-22 18:56:50,56.34
2019-06-22 18:58:44,56.34
2019-06-22 18:59:19,56.46999
2019-06-22 19:00:12,56.46999
2019-06-22 19:00:26,56.39999
2019-06-22 19:01:21,56.39999
2019-06-22 19:01:28,56.79998
2019-06-22 19:02:18,56.65999
2019-06-22 19:06:12,56.65999
2019-06-22 19:06:18,56.82998
2019-06-22 19:06:51,56.38999
2019-06-22 19:07:16,56.55999
2019-06-22 19:08:10,56.55999
2019-06-22 19:08:21,56.80998
2019-06-22 19:08:51,56.58999
2019-06-22 19:10:46,56.58999
2019-06-22 19:10:58,56.20998
2019-06-22 19:11:51,56.20998
2019-06-22 19:12:36,55.92999
2019-06-22 19:13:29,55.92999
2019-06-22 19:14:05,56.15998
2019-06-22 19:14:34,56.80998
2019-06-22 19:15:09,56.57999
2019-06-22 19:16:03,56.57999
2019-06-22 19:16:28,56.85999
2019-06-22 19:18:24,56.85999
2019-06-22 19:19:11,56.99
2019-06-22 19:19:45,57.26999
2019-06-22 19:21:54,57.26999
2019-06-22 19:22:55,57.75999
2019-06-22 19:23:26,57.24998
2019-06-22 19:23:57,57.46999
2019-06-22 19:24:54,57.21999
2019-06-22 19:25:50,57.53998
2019-06-22 19:26:06,56.83998
2019-06-22 19:26:43,57.33999
2019-06-22 19:28:37,57.33999
2019-06-22 19:28:52,56.99999
2019-06-22 19:30:46,56.99999
2019-06-22 19:31:14,56.78999
2019-06-22 19:32:01,56.78999
2019-06-22 19:32:51,56.45999
2019-06-22 19:33:11,56.14999
2019-06-22 19:34:04,56.14999
2019-06-22 19:34:39,55.59998
2019-06-22 19:36:34,55.59998
2019-06-22 19:36:59,56.20998
2019-06-22 19:37:30,55.88999
2019-06-22 19:38:24,55.88999
2019-06-22 19:38:44,56.08998
2019-06-22 19:39:27,56.50999
2019-06-22 19:40:21,56.50999
2019-06-22 19:40:37,57.05999
2019-06-22 19:41:37,57.05999
2019-06-22 19:41:58,57.30999
2019-06-22 19:42:34,57.56998
2019-06-22 19:43:11,57.91999
2019-06-22 19:43:59,58.60999
2019-06-22 19:44:28,58.09998
2019-06-22 19:45:21,58.09998
2019-06-22 19:45:32,58.3
2019-06-22 19:46:22,57.62
2019-06-22 19:47:21,56.99999
2019-06-22 19:48:16,56.99999
2019-06-22 19:49:01,56.60999
2019-06-22 19:49:53,56.34
2019-06-22 19:50:46,56.34
2019-06-22 19:51:42,55.81999
2019-06-22 19:51:58,56.49999
2019-06-22 19:54:52,56.49999
2019-06-22 19:55:41,56.23998
2019-06-22 19:56:34,56.23998
2019-06-22 19:56:42,55.99998
2019-06-22 19:57:35,55.99998
2019-06-22 19:57:48,55.76999
2019-06-22 19:58:27,55.61998
2019-06-22 19:59:21,55.61998
2019-06-22 20:00:07,55.21999
2019-06-22 20:01:02,55.74999
2019-06-22 20:01:56,55.74999
2019-06-22 20:02:01,55.51998
2019-06-22 20:03:00,55.62998
2019-06-22 20:03:57,55.95999
2019-06-22 20:05:50,55.95999
2019-06-22 20:06:25,56.30998
2019-06-22 20:07:09,56.44999
2019-06-22 20:07:55,56.73998
2019-06-22 20:10:49,56.73998
2019-06-22 20:10:54,56.92998
2019-06-22 20:11:53,57.46999
2019-06-22 20:12:47,57.46999
2019-06-22 20:13:14,57.83999
2019-06-22 20:13:34,57.28999
2019-06-22 20:14:01,57.71999
2019-06-22 20:14:54,57.71999
2019-06-22 20:15:25,58.09998
2019-06-22 20:15:54,57.58998
2019-06-22 20:16:48,57.58998
2019-06-22 20:17:18,58.05998
2019-06-22 20:17:39,57.42999
2019-06-22 20:19:32,57.42999
2019-06-22 20:19:42,57.6
2019-06-22 20:20:36,57.6
2019-06-22 20:20:58,57.34998
2019-06-22 20:23:52,57.34998
2019-06-22 20:24:38,57.52998
2019-06-22 20:25:31,57.52998
2019-06-22 20:25:44,58.01998
2019-06-22 20:26:38,58.01998
2019-06-22 20:26:56,57.63999
2019-06-22 20:31:51,57.63999
2019-06-22 20:32:04,57.89999
2019-06-22 20:33:57,57.89999
2019-06-22 20:34:12,58.12998
2019-06-22 20:35:04,58.12998
2019-06-22 20:35:21,58.39999
2019-06-22 20:35:57,58.08998
2019-06-22 20:36:54,58.37999
2019-06-22 20:37:40,58.95
2019-06-22 20:38:07,58.57999
2019-06-22 20:38:43,58.96999
2019-06-22 20:39:20,58.63998
2019-06-22 20:40:16,58.63998
2019-06-22 20:40:28,58.44999
2019-06-22 20:42:21,58.44999
2019-06-22 20:43:10,58.27
2019-06-22 20:44:05,58.27
2019-06-22 20:44:39,58.62998
2019-06-22 20:49:33,58.62998
2019-06-22 20:50:16,59.06999
2019-06-22 20:50:40,58.35999
2019-06-22 20:51:22,58.76998
2019-06-22 20:53:16,58.76998
2019-06-22 20:54:08,58.32999
2019-06-22 20:54:34,58.91
2019-06-22 20:56:28,58.91
2019-06-22 20:56:38,58.72998
2019-06-22 20:57:32,58.72998
2019-06-22 20:57:50,58.85998
2019-06-22 20:59:44,58.85998
2019-06-22 21:00:10,59.09999
2019-06-22 21:00:45,58.66998
2019-06-22 21:01:15,58.95999
2019-06-22 21:02:08,58.95999
2019-06-22 21:02:37,58.21998
2019-06-22 21:03:05,58.65998
2019-06-22 21:03:40,58.40999
2019-06-22 21:04:16,57.90999
2019-06-22 21:05:09,57.90999
2019-06-22 21:05:29,57.69999
2019-06-22 21:06:22,57.69999
2019-06-22 21:06:31,57.38998
2019-06-22 21:07:30,57.69999
2019-06-22 21:08:23,57.69999
2019-06-22 21:08:37,57.92999
2019-06-22 21:09:31,57.92999
2019-06-22 21:09:50,58.33999
2019-06-22 21:10:44,58.33999
2019-06-22 21:11:36,58.77998
2019-06-22 21:12:14,58.37
2019-06-22 21:13:01,59.10999
2019-06-22 21:13:20,58.53999
2019-06-22 21:13:57,58.74998
2019-06-22 21:14:30,59.20998
2019-06-22 21:15:18,58.76998
2019-06-22 21:15:41,59.23998
2019-06-22 21:16:27,58.95999
2019-06-22 21:17:15,59.27998
2019-06-22 21:21:08,59.27998
2019-06-22 21:21:50,58.81998
2019-06-22 21:22:38,59.16999
2019-06-22 21:23:31,59.16999
2019-06-22 21:24:06,59.37998
2019-06-22 21:24:43,58.61999
2019-06-22 21:26:38,58.61999
2019-06-22 21:26:45,58.38999
2019-06-22 21:27:26,57.73999
2019-06-22 21:29:18,57.73999
2019-06-22 21:30:16,57.90999
2019-06-22 21:31:09,57.90999
2019-06-22 21:31:27,57.68999
2019-06-22 21:32:21,57.68999
2019-06-22 21:33:05,57.38998
2019-06-22 21:33:41,57.74999
2019-06-22 21:34:24,57.34998
2019-06-22 21:35:18,57.34998
2019-06-22 21:35:37,57.51998
2019-06-22 21:36:23,57.78999
2019-06-22 21:37:08,58.24
2019-06-22 21:37:41,58.04998
2019-06-22 21:38:32,57.47998
2019-06-22 21:42:26,57.47998
2019-06-22 21:43:32,57.83999
2019-06-22 21:44:02,57.75999
2019-06-22 21:48:55,57.75999
2019-06-22 21:49:10,57.95998
2019-06-22 21:50:04,57.95998
2019-06-22 21:50:32,57.88998
2019-06-22 21:51:28,58.12998
2019-06-22 21:52:20,58.12998
2019-06-22 21:52:49,57.70999
2019-06-22 21:55:42,57.70999
2019-06-22 21:55:58,57.91999
2019-06-22 21:57:52,57.91999
2019-06-22 21:58:22,58.37999
2019-06-22 22:00:16,58.37999
2019-06-22 22:00:48,58.3
2019-06-22 22:01:36,57.97999
2019-06-22 22:02:01,58.27999
2019-06-22 22:02:45,57.76999
2019-06-22 22:03:33,57.48998
2019-06-22 22:04:27,57.48998
2019-06-22 22:05:17,57.09999
2019-06-22 22:06:17,57.40998
2019-06-22 22:08:11,57.40998
2019-06-22 22:08:41,57.86999
2019-06-22 22:09:08,58.31999
2019-06-22 22:11:01,58.31999
2019-06-22 22:11:45,57.94999
2019-06-22 22:12:38,57.94999
2019-06-22 22:12:57,58.05998
2019-06-22 22:13:28,57.80999
2019-06-22 22:16:21,57.80999
2019-06-22 22:17:05,58.12998
2019-06-22 22:18:58,58.12998
2019-06-22 22:19:40,58.27999
2019-06-22 22:20:34,58.27999
2019-06-22 22:21:36,57.69999
2019-06-22 22:21:54,58.44999
2019-06-22 22:22:22,58.05998
2019-06-22 22:23:14,58.05998
2019-06-22 22:23:26,58.48999
2019-06-22 22:23:57,57.82999
2019-06-22 22:24:29,58.16998
2019-06-22 22:27:22,58.16998
2019-06-22 22:27:49,57.71999
2019-06-22 22:28:40,57.85999
2019-06-22 22:29:33,57.85999
2019-06-22 22:30:32,57.99998
2019-06-22 22:37:26,57.99998
2019-06-22 22:37:36,58.11998
2019-06-22 22:38:29,58.11998
2019-06-22 22:38:53,57.91999
2019-06-22 22:39:46,57.91999
2019-06-22 22:40:06,58.38999
2019-06-22 22:40:59,58.01998
2019-06-22 22:41:51,58.01998
2019-06-22 22:42:00,58.3
2019-06-22 22:42:49,58.03999
2019-06-22 22:43:45,58.06998
2019-06-22 22:44:35,58.54999
2019-06-22 22:45:17,58.34999
2019-06-22 22:46:10,58.57999
2019-06-22 22:47:04,58.57999
2019-06-22 22:47:36,58.08998
2019-06-22 22:47:58,58.41999
2019-06-22 22:48:55,58.76998
2019-06-22 22:50:48,58.76998
2019-06-22 22:51:08,58.99999
2019-06-22 22:55:01,58.99999
2019-06-22 22:55:33,58.63998
2019-06-22 22:56:09,58.91999
2019-06-22 22:58:01,58.91999
2019-06-22 22:58:30,58.63998
2019-06-22 23:01:24,58.63998
2019-06-22 23:01:43,58.86998
2019-06-22 23:03:36,58.86998
2019-06-22 23:03:55,59.10999
2019-06-22 23:07:48,59.10999
2019-06-22 23:08:03,58.75998
2019-06-22 23:09:02,58.37
2019-06-22 23:09:55,58.03999
2019-06-22 23:10:53,57.57998
2019-06-22 23:11:46,57.57998
2019-06-22 23:11:53,57.14999
2019-06-22 23:13:46,57.14999
2019-06-22 23:14:04,57.38998
2019-06-22 23:14:53,57.02
2019-06-22 23:15:29,57.40998
2019-06-22 23:16:23,57.81999
2019-06-22 23:17:16,58.11998
2019-06-22 23:18:12,58.55999
2019-06-22 23:19:05,58.55999
2019-06-22 23:19:43,59.01999
2019-06-22 23:20:36,59.01999
2019-06-22 23:21:23,58.42999
2019-06-22 23:22:07,58.86998
2019-06-22 23:23:00,58.86998
2019-06-22 23:23:09,58.72998
2019-06-22 23:24:06,58.45999
2019-06-22 23:25:59,58.45999
2019-06-22 23:27:04,58.27
2019-06-22 23:29:58,58.27
2019-06-22 23:30:19,58.01998
2019-06-22 23:31:11,58.01998
2019-06-22 23:31:33,57.57998
2019-06-22 23:32:06,58.15998
2019-06-22 23:32:43,57.80999
2019-06-22 23:33:15,58.09998
2019-06-22 23:34:08,58.09998
2019-06-22 23:34:46,58.27999
2019-06-22 23:36:39,58.27999
2019-06-22 23:37:46,58.80998
2019-06-22 23:38:18,58.64999
2019-06-22 23:40:10,58.64999
2019-06-22 23:41:13,58.86998
2019-06-22 23:41:59,59.39998
2019-06-22 23:42:39,59.07999
2019-06-22 23:43:33,59.07999
2019-06-22 23:44:32,59.31998
2019-06-22 23:45:25,59.31998
2019-06-22 23:45:45,59.15999
2019-06-22 23:46:23,59.60999
2019-06-22 23:49:16,59.60999
2019-06-22 23:49:51,60.07998
2019-06-22 23:50:31,59.83999
2019-06-22 23:51:24,59.83999
2019-06-22 23:52:10,60.07998
2019-06-22 23:53:02,59.80999
2019-06-22 23:53:55,59.80999
2019-06-22 23:54:19,59.33998
2019-06-22 23:55:12,59.33998
2019-06-22 23:56:16,58.57999
2019-06-22 23:57:09,58.57999
2019-06-22 23:57:19,57.87999
2019-06-22 23:57:48,57.13999
2019-06-22 23:58:41,57.13999
2019-06-22 23:59:03,57.76999
2019-06-22 23:59:54,58.27999
2019-06-23 00:00:46,57.99998
2019-06-23 00:02:39,57.99998
2019-06-23 00:03:39,58.27
2019-06-23 00:04:32,58.27
2019-06-23 00:04:55,58.58999
2019-06-23 00:06:48,58.58999
2019-06-23 00:07:06,58.74998
2019-06-23 00:07:59,58.74998
2019-06-23 00:08:12,59.21999
2019-06-23 00:10:04,59.21999
2019-06-23 00:10:12,59.73999
2019-06-23 00:12:04,59.73999
2019-06-23 00:12:33,59.87999
2019-06-23 00:13:28,59.56
2019-06-23 00:15:21,59.56
2019-06-23 00:15:42,59.15999
2019-06-23 00:16:32,59.50998
2019-06-23 00:17:29,58.96999
2019-06-23 00:18:00,59.22999
2019-06-23 00:20:53,59.22999
2019-06-23 00:21:10,58.86998
2019-06-23 00:21:35,59.27998
2019-06-23 00:25:28,59.27998
2019-06-23 00:25:56,59.86999
2019-06-23 00:26:17,59.57999
2019-06-23 00:29:10,59.57999
2019-06-23 00:30:16,59.96999
2019-06-23 00:31:10,59.62999
2019-06-23 00:32:03,59.62999
2019-06-23 00:32:15,59.90999
2019-06-23 00:33:08,59.90999
2019-06-23 00:34:12,59.65999
2019-06-23 00:35:02,59.89999
2019-06-23 00:35:56,59.89999
2019-06-23 00:36:18,59.49998
2019-06-23 00:40:11,59.49998
2019-06-23 00:40:43,59.19999
2019-06-23 00:41:27,59.27998
2019-06-23 00:42:25,59.60999
2019-06-23 00:43:17,59.21999
2019-06-23 00:43:52,59.34998
2019-06-23 00:44:32,59.53999
2019-06-23 00:45:25,59.53999
2019-06-23 00:46:31,59.91998
2019-06-23 00:46:56,59.53999
2019-06-23 00:47:44,59.77999
2019-06-23 00:48:37,59.77999
2019-06-23 00:49:12,60.07998
2019-06-23 00:50:05,60.07998
2019-06-23 00:50:59,59.72999
2019-06-23 00:51:52,59.72999
2019-06-23 00:52:14,59.98998
2019-06-23 00:53:07,59.98998
2019-06-23 00:53:45,59.59999
2019-06-23 00:54:21,59.98998
2019-06-23 00:54:59,59.65999
2019-06-23 00:55:52,59.65999
2019-06-23 00:56:14,59.92999
2019-06-23 00:57:07,59.92999
2019-06-23 00:57:25,59.59999
2019-06-23 00:58:07,59.76999
2019-06-23 00:58:52,59.98998
2019-06-23 00:59:40,59.68999
2019-06-23 01:02:33,59.68999
2019-06-23 01:03:11,59.43998
2019-06-23 01:04:06,59.99998
2019-06-23 01:05:00,59.83999
2019-06-23 01:05:54,59.83999
2019-06-23 01:06:42,59.63999
2019-06-23 01:09:35,59.63999
2019-06-23 01:10:09,59.55
2019-06-23 01:11:02,59.55
2019-06-23 01:11:30,59.72999
2019-06-23 01:12:23,59.72999
2019-06-23 01:12:51,59.55
2019-06-23 01:13:44,59.55
2019-06-23 01:14:14,59.41998
2019-06-23 01:16:08,59.41998
2019-06-23 01:16:45,59.66999
2019-06-23 01:17:36,59.45998
2019-06-23 01:19:29,59.45998
2019-06-23 01:19:48,59.29999
2019-06-23 01:20:41,59.29999
2019-06-23 01:21:10,59.39998
2019-06-23 01:22:03,59.39998
2019-06-23 01:22:11,59.71999
2019-06-23 01:23:04,59.71999
2019-06-23 01:23:19,59.27998
2019-06-23 01:23:45,59.63999
2019-06-23 01:27:38,59.63999
2019-06-23 01:28:27,59.24998
2019-06-23 01:28:57,58.65998
2019-06-23 01:29:18,59.29999
2019-06-23 01:30:11,59.29999
2019-06-23 01:30:46,59.70999
2019-06-23 01:31:39,59.70999
2019-06-23 01:31:54,60.03999
2019-06-23 01:32:47,60.03999
2019-06-23 01:33:33,60.43999
2019-06-23 01:34:31,60.12998
2019-06-23 01:34:58,60.74998
2019-06-23 01:37:51,60.74998
2019-06-23 01:37:58,60.93999
2019-06-23 01:38:52,60.93999
2019-06-23 01:39:50,61.17999
2019-06-23 01:40:41,61.71999
2019-06-23 01:41:10,61.39998
2019-06-23 01:42:04,61.39998
2019-06-23 01:42:13,61.24998
2019-06-23 01:43:06,61.24998
2019-06-23 01:43:50,60.90999
2019-06-23 01:44:43,60.90999
2019-06-23 01:45:11,60.56998
2019-06-23 01:46:10,60.85999
2019-06-23 01:46:42,60.46999
2019-06-23 01:47:36,60.46999
2019-06-23 01:48:12,60.02998
2019-06-23 01:50:05,60.02998
2019-06-23 01:50:26,59.68999
2019-06-23 01:54:19,59.68999
2019-06-23 01:54:40,59.99998
2019-06-23 01:55:33,59.73999
2019-06-23 01:56:26,59.73999
2019-06-23 01:56:51,59.95998
2019-06-23 01:58:44,59.95998
2019-06-23 01:59:26,60.21999
2019-06-23 02:00:19,60.21999
2019-06-23 02:01:21,60.43999
2019-06-23 02:03:15,60.43999
2019-06-23 02:04:14,60.08998
2019-06-23 02:05:07,60.08998
2019-06-23 02:05:22,59.64999
2019-06-23 02:06:16,59.64999
2019-06-23 02:06:47,59.10999
2019-06-23 02:07:41,59.10999
2019-06-23 02:07:48,59.20998
2019-06-23 02:08:41,59.20998
2019-06-23 02:08:49,59.46998
2019-06-23 02:09:42,59.46998
2019-06-23 02:10:23,59.72999
2019-06-23 02:11:17,59.72999
2019-06-23 02:11:55,59.89999
2019-06-23 02:12:27,60.13998
2019-06-23 02:13:25,60.46999
2019-06-23 02:17:18,60.46999
2019-06-23 02:18:06,60.08998
2019-06-23 02:19:00,60.29999
2019-06-23 02:20:53,60.29999
2019-06-23 02:21:48,60.67999
2019-06-23 02:22:08,60.20999
2019-06-23 02:23:01,60.20999
2019-06-23 02:23:24,60.35999
2019-06-23 02:25:18,60.35999
2019-06-23 02:25:45,60.64999
2019-06-23 02:26:38,60.64999
2019-06-23 02:27:28,60.39999
2019-06-23 02:28:27,59.90999
2019-06-23 02:28:48,60.61998
2019-06-23 02:29:08,60.00998
2019-06-23 02:33:01,60.00998
2019-06-23 02:33:16,60.21999
2019-06-23 02:34:07,60.66998
2019-06-23 02:36:01,60.66998
2019-06-23 02:36:46,60.23999
2019-06-23 02:37:43,60.32999
2019-06-23 02:38:36,60.32999
2019-06-23 02:39:33,60.16
2019-06-23 02:40:23,59.81998
2019-06-23 02:41:16,59.81998
2019-06-23 02:41:34,59.38998
2019-06-23 02:42:27,59.38998
2019-06-23 02:43:18,59.24998
2019-06-23 02:46:12,59.24998
2019-06-23 02:46:53,59.18999
2019-06-23 02:47:40,58.79998
2019-06-23 02:48:25,59.10999
2019-06-23 02:49:03,58.78998
2019-06-23 02:49:56,58.78998
2019-06-23 02:50:13,59.08999
2019-06-23 02:51:05,59.08999
2019-06-23 02:51:17,58.95
2019-06-23 02:51:46,58.78998
2019-06-23 02:52:38,58.78998
2019-06-23 02:52:54,58.31999
2019-06-23 02:53:51,58.57999
2019-06-23 02:54:49,59.06999
2019-06-23 02:57:42,59.06999
2019-06-23 02:58:14,59.49998
2019-06-23 02:58:48,59.36998
2019-06-23 03:00:40,59.36998
2019-06-23 03:01:44,59.83999
2019-06-23 03:02:24,59.59
2019-06-23 03:03:17,59.59
2019-06-23 03:03:26,60.09998
2019-06-23 03:04:19,60.09998
2019-06-23 03:05:01,60.39999
2019-06-23 03:05:43,60.2
2019-06-23 03:06:37,60.2
2019-06-23 03:06:54,59.53999
2019-06-23 03:07:18,59.75999
2019-06-23 03:08:12,59.75999
2019-06-23 03:08:29,60.07998
2019-06-23 03:10:23,60.07998
2019-06-23 03:10:56,60.26999
2019-06-23 03:11:48,60.26999
2019-06-23 03:12:26,60.35999
2019-06-23 03:13:20,60.35999
2019-06-23 03:14:12,60.11998
2019-06-23 03:16:05,60.11998
2019-06-23 03:16:27,60.53999
2019-06-23 03:17:16,60.20999
2019-06-23 03:17:53,60.67999
2019-06-23 03:18:46,60.20999
2019-06-23 03:19:35,59.79999
2019-06-23 03:20:28,59.79999
2019-06-23 03:20:42,59.62999
2019-06-23 03:21:35,59.62999
2019-06-23 03:21:45,59.06999
2019-06-23 03:22:15,59.14999
2019-06-23 03:24:09,59.14999
2019-06-23 03:24:43,58.85998
2019-06-23 03:25:24,59.16999
2019-06-23 03:26:17,59.16999
2019-06-23 03:26:47,59.56999
2019-06-23 03:28:40,59.56999
2019-06-23 03:28:53,59.83999
2019-06-23 03:29:46,59.83999
2019-06-23 03:30:01,59.59
2019-06-23 03:30:34,59.83999
2019-06-23 03:31:28,59.83999
2019-06-23 03:31:55,60.27999
2019-06-23 03:32:46,59.79999
2019-06-23 03:33:24,60.24999
2019-06-23 03:34:18,60.24999
2019-06-23 03:34:39,60.06998
2019-06-23 03:35:07,60.23999
2019-06-23 03:36:01,60.23999
2019-06-23 03:36:18,60.56998
2019-06-23 03:39:12,60.56998
2019-06-23 03:39:26,60.17
2019-06-23 03:39:55,60.38999
2019-06-23 03:40:49,60.38999
2019-06-23 03:40:58,60.72998
2019-06-23 03:41:51,60.72998
2019-06-23 03:42:11,60.53999
2019-06-23 03:46:04,60.53999
2019-06-23 03:46:27,60.16
2019-06-23 03:47:09,60.51999
2019-06-23 03:47:48,60.16
2019-06-23 03:48:41,60.16
2019-06-23 03:48:55,59.73999
2019-06-23 03:49:46,59.19999
2019-06-23 03:50:38,59.19999
2019-06-23 03:51:39,58.95
2019-06-23 03:52:33,58.65998
2019-06-23 03:53:26,58.65998
2019-06-23 03:54:24,58.40999
2019-06-23 03:56:16,58.40999
2019-06-23 03:57:11,58.91
2019-06-23 03:58:05,58.91
2019-06-23 03:58:33,59.53999
2019-06-23 03:58:56,59.16999
2019-06-23 03:59:49,59.16999
2019-06-23 04:00:00,59.72999
2019-06-23 04:00:43,59.32999
2019-06-23 04:01:08,59.60999
2019-06-23 04:01:48,59.93999
2019-06-23 04:02:41,59.93999
2019-06-23 04:02:53,60.32999
2019-06-23 04:03:46,60.94999
2019-06-23 04:04:04,60.34999
2019-06-23 04:04:33,60.62998
2019-06-23 04:06:26,60.62998
2019-06-23 04:06:55,60.53999
2019-06-23 04:08:48,60.53999
2019-06-23 04:09:27,60.04998
2019-06-23 04:09:49,60.51999
2019-06-23 04:11:42,60.51999
2019-06-23 04:12:35,60.98999
2019-06-23 04:12:58,60.57999
2019-06-23 04:13:52,60.57999
2019-06-23 04:14:10,60.42999
2019-06-23 04:17:04,60.42999
2019-06-23 04:17:18,60.62998
2019-06-23 04:17:52,60.36999
2019-06-23 04:18:37,60.00998
2019-06-23 04:19:31,60.00998
2019-06-23 04:20:20,59.62
2019-06-23 04:23:12,59.62
2019-06-23 04:24:07,59.31998
2019-06-23 04:25:00,59.31998
2019-06-23 04:25:35,59.74999
2019-06-23 04:26:03,59.52999
2019-06-23 04:26:45,59.41998
2019-06-23 04:27:40,59.59999
2019-06-23 04:28:34,59.59999
2019-06-23 04:28:42,60.00998
2019-06-23 04:29:35,60.00998
2019-06-23 04:30:10,59.62999
2019-06-23 04:30:33,60.09998
2019-06-23 04:31:25,60.09998
2019-06-23 04:31:43,60.53999
2019-06-23 04:32:36,60.53999
2019-06-23 04:33:33,60.84999
2019-06-23 04:34:25,60.84999
2019-06-23 04:34:45,60.51999
2019-06-23 04:35:38,60.51999
2019-06-23 04:36:00,60.67999
2019-06-23 04:36:46,60.61998
2019-06-23 04:37:32,60.21999
2019-06-23 04:38:19,60.52998
2019-06-23 04:38:58,60.23
2019-06-23 04:39:38,60.69998
2019-06-23 04:40:20,60.35999
2019-06-23 04:43:14,60.35999
2019-06-23 04:43:40,60.50999
2019-06-23 04:45:33,60.50999
2019-06-23 04:45:47,60.2
2019-06-23 04:46:40,60.56998
2019-06-23 04:47:29,60.01998
2019-06-23 04:48:27,60.26999
2019-06-23 04:49:08,59.94998
2019-06-23 04:50:02,59.94998
2019-06-23 04:50:25,59.64999
2019-06-23 04:51:17,59.64999
2019-06-23 04:51:55,59.96999
2019-06-23 04:54:48,59.96999
2019-06-23 04:55:17,59.77999
2019-06-23 04:55:57,59.50998
2019-06-23 04:56:36,60.07998
2019-06-23 04:57:18,59.74999
2019-06-23 04:58:08,59.11999
2019-06-23 04:58:45,59.83999
2019-06-23 04:59:30,60.37999
2019-06-23 05:00:24,60.37999
2019-06-23 05:00:50,60.71998
2019-06-23 05:02:44,60.71998
2019-06-23 05:02:54,61.19998
2019-06-23 05:04:46,61.19998
2019-06-23 05:05:32,61.09999
2019-06-23 05:07:24,61.09999
2019-06-23 05:08:20,60.60999
2019-06-23 05:09:12,60.60999
2019-06-23 05:09:28,60.10998
2019-06-23 05:10:21,60.10998
2019-06-23 05:10:33,59.94998
2019-06-23 05:11:25,59.94998
2019-06-23 05:12:02,59.67999
2019-06-23 05:12:55,59.67999
2019-06-23 05:13:06,59.60999
2019-06-23 05:13:48,59.10999
2019-06-23 05:14:17,59.42999
2019-06-23 05:15:10,59.42999
2019-06-23 05:15:26,59.19999
2019-06-23 05:16:20,59.52999
2019-06-23 05:17:12,59.52999
2019-06-23 05:17:56,59.88998
2019-06-23 05:18:48,59.88998
2019-06-23 05:18:56,59.77999
2019-06-23 05:19:48,59.77999
2019-06-23 05:20:10,60.10998
2019-06-23 05:20:44,60.57999
2019-06-23 05:21:11,60.14998
2019-06-23 05:21:50,60.45998
2019-06-23 05:22:43,60.45998
2019-06-23 05:22:55,61.01999
2019-06-23 05:23:46,60.65998
2019-06-23 05:24:06,60.84999
2019-06-23 05:24:59,60.84999
2019-06-23 05:25:21,60.45998
2019-06-23 05:27:14,60.45998
2019-06-23 05:27:38,60.18999
2019-06-23 05:28:31,60.18999
2019-06-23 05:28:49,59.97998
2019-06-23 05:29:38,59.77999
2019-06-23 05:30:32,59.77999
2019-06-23 05:30:55,59.49998
2019-06-23 05:31:24,59.15999
2019-06-23 05:31:51,58.70998
2019-06-23 05:32:09,58.31999
2019-06-23 05:32:41,58.82998
2019-06-23 05:33:05,59.44998
2019-06-23 05:33:51,59.84998
2019-06-23 05:34:43,59.84998
2019-06-23 05:35:02,60.08998
2019-06-23 05:35:53,60.39999
2019-06-23 05:37:47,60.39999
2019-06-23 05:38:01,60.14998
2019-06-23 05:39:53,60.14998
2019-06-23 05:40:25,60.48999
2019-06-23 05:41:18,60.48999
2019-06-23 05:42:25,60.95999
2019-06-23 05:44:18,60.95999
2019-06-23 05:45:05,61.26998
2019-06-23 05:45:59,61.26998
2019-06-23 05:46:39,61.57999
2019-06-23 05:47:16,60.99999
2019-06-23 05:47:52,61.38998
2019-06-23 05:48:44,61.38998
2019-06-23 05:49:00,60.90999
2019-06-23 05:49:54,60.90999
2019-06-23 05:50:37,60.28999
2019-06-23 05:52:30,60.28999
2019-06-23 05:53:33,60.16
2019-06-23 05:54:03,59.84998
2019-06-23 05:56:56,59.84998
2019-06-23 05:57:15,60.09998
2019-06-23 05:58:08,60.09998
2019-06-23 05:58:32,60.55998
2019-06-23 05:59:24,60.55998
2019-06-23 05:59:49,61.09999
2019-06-23 06:00:24,60.78998
2019-06-23 06:01:17,60.78998
2019-06-23 06:02:05,60.43999
2019-06-23 06:02:40,60.00998
2019-06-23 06:03:33,60.00998
2019-06-23 06:04:37,60.18999
2019-06-23 06:05:30,60.18999
2019-06-23 06:06:17,59.94998
2019-06-23 06:07:10,59.94998
2019-06-23 06:07:33,60.16
2019-06-23 06:08:26,60.27999
2019-06-23 06:10:19,60.27999
2019-06-23 06:10:35,59.95998
2019-06-23 06:11:35,59.79999
2019-06-23 06:12:23,59.45998
2019-06-23 06:13:16,59.45998
2019-06-23 06:13:55,59.86999
2019-06-23 06:14:22,59.45998
2019-06-23 06:14:53,59.80999
2019-06-23 06:15:53,59.46998
2019-06-23 06:16:25,59.67999
2019-06-23 06:19:18,59.67999
2019-06-23 06:19:41,60.05998
2019-06-23 06:20:21,59.74999
2019-06-23 06:21:14,59.74999
2019-06-23 06:21:41,60.05998
2019-06-23 06:26:35,60.05998
2019-06-23 06:26:53,60.23
2019-06-23 06:29:46,60.23
2019-06-23 06:29:56,59.91998
2019-06-23 06:30:32,60.16
2019-06-23 06:33:25,60.16
2019-06-23 06:34:28,60.40999
2019-06-23 06:35:21,60.40999
2019-06-23 06:36:19,60.13998
2019-06-23 06:36:44,60.50999
2019-06-23 06:37:37,60.50999
2019-06-23 06:38:38,60.84999
2019-06-23 06:39:31,60.84999
2019-06-23 06:39:53,61.19998
2019-06-23 06:40:46,61.19998
2019-06-23 06:41:05,61.14999
2019-06-23 06:41:55,61.42998
2019-06-23 06:42:48,61.42998
2019-06-23 06:43:20,60.93999
2019-06-23 06:44:16,61.02999
2019-06-23 06:44:40,60.56998
2019-06-23 06:45:27,59.96999
2019-06-23 06:46:06,60.10998
2019-06-23 06:49:59,60.10998
2019-06-23 06:50:53,59.87999
2019-06-23 06:51:38,59.67999
2019-06-23 06:54:30,59.67999
2019-06-23 06:55:14,59.76999
2019-06-23 06:57:07,59.76999
2019-06-23 06:57:15,59.99998
2019-06-23 06:59:07,59.99998
2019-06-23 06:59:24,60.47999
2019-06-23 07:01:17,60.47999
2019-06-23 07:01:53,60.36999
2019-06-23 07:02:46,60.36999
2019-06-23 07:03:03,60.20999
2019-06-23 07:04:56,60.20999
2019-06-23 07:05:52,59.98998
2019-06-23 07:07:45,59.98998
2019-06-23 07:08:19,59.80999
2019-06-23 07:08:47,59.55
2019-06-23 07:09:39,59.31998
2019-06-23 07:10:11,59.18999
2019-06-23 07:12:04,59.18999
2019-06-23 07:13:10,59.46998
2019-06-23 07:14:03,59.46998
2019-06-23 07:14:12,59.89999
2019-06-23 07:15:05,59.89999
2019-06-23 07:15:25,59.70999
2019-06-23 07:16:00,60.29999
2019-06-23 07:16:30,60.00998
2019-06-23 07:17:15,60.41999
2019-06-23 07:17:53,60.14998
2019-06-23 07:18:46,60.14998
2019-06-23 07:19:39,59.83999
2019-06-23 07:20:05,60.31999
2019-06-23 07:21:59,60.31999
2019-06-23 07:22:25,60.65998
2019-06-23 07:23:06,60.37999
2019-06-23 07:26:59,60.37999
2019-06-23 07:27:19,60.14998
2019-06-23 07:27:46,59.56999
2019-06-23 07:28:13,58.74998
2019-06-23 07:29:07,57.95998
2019-06-23 07:29:59,57.95998
2019-06-23 07:30:13,57.32999
2019-06-23 07:30:43,56.91998
2019-06-23 07:31:30,56.67999
2019-06-23 07:31:55,56.08998
2019-06-23 07:32:17,56.63998
2019-06-23 07:33:10,56.63998
2019-06-23 07:33:18,57.21999
2019-06-23 07:34:19,57.53998
2019-06-23 07:35:11,57.53998
2019-06-23 07:35:36,57.91999
2019-06-23 07:36:29,57.91999
2019-06-23 07:36:51,58.28999
2019-06-23 07:37:17,57.45998
2019-06-23 07:37:35,58.30999
2019-06-23 07:38:01,57.69999
2019-06-23 07:38:54,57.69999
2019-06-23 07:39:41,57.07999
2019-06-23 07:40:26,57.24998
2019-06-23 07:41:19,57.24998
2019-06-23 07:41:28,57.60999
2019-06-23 07:43:21,57.60999
2019-06-23 07:44:22,57.85999
2019-06-23 07:45:15,57.85999
2019-06-23 07:46:06,57.42999
2019-06-23 07:46:37,57.77999
2019-06-23 07:48:30,57.77999
2019-06-23 07:48:42,58.25999
2019-06-23 07:49:37,57.82999
2019-06-23 07:50:00,58.19998
2019-06-23 07:52:53,58.19998
2019-06-23 07:53:19,58.46999
2019-06-23 07:55:13,58.46999
2019-06-23 07:55:33,58.83998
2019-06-23 07:55:57,58.67999
2019-06-23 07:56:55,58.45999
2019-06-23 08:06:48,58.45999
2019-06-23 08:07:01,58.81998
2019-06-23 08:08:53,58.81998
2019-06-23 08:09:28,59.23998
2019-06-23 08:10:04,58.79998
2019-06-23 08:10:57,58.79998
2019-06-23 08:11:42,58.37999
2019-06-23 08:12:35,58.37999
2019-06-23 08:12:43,57.89999
2019-06-23 08:13:28,58.33999
2019-06-23 08:14:02,58.03999
2019-06-23 08:14:55,58.03999
2019-06-23 08:15:47,57.66999
2019-06-23 08:16:16,58.06998
2019-06-23 08:16:55,57.90999
2019-06-23 08:17:48,57.90999
2019-06-23 08:18:19,57.70999
2019-06-23 08:21:12,57.70999
2019-06-23 08:22:13,57.55998
2019-06-23 08:24:05,57.55998
2019-06-23 08:24:42,57.32999
2019-06-23 08:25:31,57.50998
2019-06-23 08:26:24,57.50998
2019-06-23 08:27:02,57.82999
2019-06-23 08:27:55,57.82999
2019-06-23 08:28:46,58.21998
2019-06-23 08:29:39,58.21998
2019-06-23 08:30:09,58.34999
2019-06-23 08:30:49,58.76998
2019-06-23 08:33:42,58.76998
2019-06-23 08:34:00,58.64999
2019-06-23 08:34:36,58.12998
2019-06-23 08:35:29,58.12998
2019-06-23 08:36:34,57.64999
2019-06-23 08:37:28,57.64999
2019-06-23 08:38:28,57.40998
2019-06-23 08:39:13,57.90999
2019-06-23 08:39:44,57.50998
2019-06-23 08:40:27,58.09998
2019-06-23 08:41:09,57.85999
2019-06-23 08:42:00,58.41999
2019-06-23 08:42:26,57.84999
2019-06-23 08:43:14,58.08998
2019-06-23 08:44:12,57.85999
2019-06-23 08:49:05,57.85999
2019-06-23 08:49:33,57.52998
2019-06-23 08:50:26,57.86999
2019-06-23 08:51:10,57.66999
2019-06-23 08:51:39,57.20999
2019-06-23 08:52:33,57.20999
2019-06-23 08:52:45,57.42999
2019-06-23 08:56:38,57.42999
2019-06-23 08:57:18,57.89999
2019-06-23 08:58:09,57.74999
2019-06-23 08:59:02,57.74999
2019-06-23 08:59:38,58.39999
2019-06-23 09:00:22,58.02998
2019-06-23 09:00:48,58.43999
2019-06-23 09:01:42,58.43999
2019-06-23 09:01:58,58.24
2019-06-23 09:02:50,58.24
2019-06-23 09:03:29,58.48999
2019-06-23 09:04:22,58.48999
2019-06-23 09:04:30,58.28999
2019-06-23 09:06:23,58.28999
2019-06-23 09:07:11,57.83999
2019-06-23 09:07:57,57.94999
2019-06-23 09:08:51,57.94999
2019-06-23 09:09:05,58.10999
2019-06-23 09:09:58,58.10999
2019-06-23 09:10:07,58.27999
2019-06-23 09:10:50,58.96999
2019-06-23 09:11:22,58.63998
2019-06-23 09:12:16,58.63998
2019-06-23 09:12:52,58.40999
2019-06-23 09:13:44,58.40999
2019-06-23 09:14:42,58.19998
2019-06-23 09:16:34,58.19998
2019-06-23 09:16:53,57.82999
2019-06-23 09:17:24,57.16999
2019-06-23 09:18:11,57.31998
2019-06-23 09:19:04,57.31998
2019-06-23 09:19:54,57.16999
2019-06-23 09:20:26,57.05
2019-06-23 09:21:10,56.85999
2019-06-23 09:22:03,56.85999
2019-06-23 09:22:49,57.25999
2019-06-23 09:23:41,57.25999
2019-06-23 09:23:54,57.63
2019-06-23 09:24:48,57.63
2019-06-23 09:25:51,57.92999
2019-06-23 09:26:44,57.92999
2019-06-23 09:26:53,58.09998
2019-06-23 09:27:47,58.09998
2019-06-23 09:28:20,58.52999
2019-06-23 09:30:13,58.52999
2019-06-23 09:31:08,58.75998
2019-06-23 09:31:41,58.50999
2019-06-23 09:33:34,58.50999
2019-06-23 09:34:04,58.67999
2019-06-23 09:36:57,58.67999
2019-06-23 09:37:57,58.95999
2019-06-23 09:38:55,59.22999
2019-06-23 09:39:47,58.81998
2019-06-23 09:40:30,58.42999
2019-06-23 09:41:13,58.60999
2019-06-23 09:42:05,58.60999
2019-06-23 09:42:26,58.69998
2019-06-23 09:44:18,58.69998
2019-06-23 09:44:53,58.63998
2019-06-23 09:45:47,58.63998
2019-06-23 09:46:29,58.37
2019-06-23 09:47:22,58.37
2019-06-23 09:47:45,57.95998
2019-06-23 09:48:38,57.95998
2019-06-23 09:48:46,57.98998
2019-06-23 09:49:38,57.98998
2019-06-23 09:50:17,57.72999
2019-06-23 09:51:09,57.72999
2019-06-23 09:52:06,57.40998
2019-06-23 09:52:29,57.85999
2019-06-23 09:53:02,57.33999
2019-06-23 09:53:53,57.80999
2019-06-23 09:54:13,57.15999
2019-06-23 09:55:09,57.24998
2019-06-23 09:57:03,57.24998
2019-06-23 09:57:19,57.73999
2019-06-23 09:57:40,57.34998
2019-06-23 09:58:33,57.34998
2019-06-23 09:59:07,57.93999
2019-06-23 09:59:39,57.51998
2019-06-23 10:00:17,58.03999
2019-06-23 10:01:15,57.75999
2019-06-23 10:02:07,57.75999
2019-06-23 10:02:38,57.85999
2019-06-23 10:03:07,56.05998
2019-06-23 10:03:15,58.06998
2019-06-23 10:03:51,57.72999
2019-06-23 10:05:43,57.72999
2019-06-23 10:06:33,58.35999
2019-06-23 10:07:27,58.35999
2019-06-23 10:08:05,58.59998
2019-06-23 10:08:28,58.35999
2019-06-23 10:09:21,58.35999
2019-06-23 10:09:36,57.90999
2019-06-23 10:10:29,57.90999
2019-06-23 10:11:16,57.70999
2019-06-23 10:12:07,57.55998
2019-06-23 10:12:39,57.08999
2019-06-23 10:13:32,57.08999
2019-06-23 10:14:30,56.72999
2019-06-23 10:15:23,56.72999
2019-06-23 10:16:18,56.50999
2019-06-23 10:17:13,56.27998
2019-06-23 10:18:05,56.27998
2019-06-23 10:18:24,56.05998
2019-06-23 10:18:45,56.73998
2019-06-23 10:19:38,56.73998
2019-06-23 10:19:59,56.66998
2019-06-23 10:20:36,57.15999
2019-06-23 10:21:04,56.92998
2019-06-23 10:21:57,56.92998
2019-06-23 10:22:50,57.05999
2019-06-23 10:23:42,57.40998
2019-06-23 10:24:12,57.73999
2019-06-23 10:25:06,57.73999
2019-06-23 10:25:36,57.34998
2019-06-23 10:26:21,57.52998
2019-06-23 10:26:43,57.24998
2019-06-23 10:27:43,57.27998
2019-06-23 10:30:35,57.27998
2019-06-23 10:31:29,57.55998
2019-06-23 10:32:12,57.81999
2019-06-23 10:33:06,57.81999
2019-06-23 10:33:25,58.19998
2019-06-23 10:33:58,57.93999
2019-06-23 10:34:50,57.93999
2019-06-23 10:35:08,58.01998
2019-06-23 10:36:01,58.01998
2019-06-23 10:36:51,57.68999
2019-06-23 10:37:28,57.97999
2019-06-23 10:38:07,58.35999
2019-06-23 10:38:59,58.35999
2019-06-23 10:39:39,58.88
2019-06-23 10:40:25,58.66998
2019-06-23 10:41:18,58.66998
2019-06-23 10:42:24,58.40999
2019-06-23 10:43:17,58.40999
2019-06-23 10:43:26,58.11998
2019-06-23 10:44:26,57.73999
2019-06-23 10:45:19,57.73999
2019-06-23 10:46:12,57.24998
2019-06-23 10:46:52,57.58998
2019-06-23 10:47:10,57.11999
2019-06-23 10:48:03,57.11999
2019-06-23 10:48:24,56.79998
2019-06-23 10:49:10,57.18999
2019-06-23 10:49:51,56.91998
2019-06-23 10:50:23,57.18999
2019-06-23 10:51:17,57.18999
2019-06-23 10:52:22,57.02999
2019-06-23 10:55:15,57.02999
2019-06-23 10:55:36,57.30999
2019-06-23 10:56:30,57.30999
2019-06-23 10:57:06,57.89999
2019-06-23 10:57:24,57.24998
2019-06-23 10:57:57,57.63
2019-06-23 10:59:49,57.63
2019-06-23 11:00:35,57.86999
2019-06-23 11:01:12,57.57998
2019-06-23 11:01:49,57.81999
2019-06-23 11:02:42,57.81999
2019-06-23 11:03:07,58.20998
2019-06-23 11:03:59,58.20998
2019-06-23 11:04:33,58.64999
2019-06-23 11:07:26,58.64999
2019-06-23 11:07:51,58.17998
2019-06-23 11:08:21,58.71999
2019-06-23 11:11:14,58.71999
2019-06-23 11:11:23,58.16998
2019-06-23 11:11:52,58.65998
2019-06-23 11:12:41,58.35999
2019-06-23 11:13:34,58.35999
2019-06-23 11:13:57,58.49998
2019-06-23 11:14:50,58.49998
2019-06-23 11:15:13,58.69998
2019-06-23 11:17:06,58.69998
2019-06-23 11:17:18,59.04999
2019-06-23 11:17:57,58.61999
2019-06-23 11:18:40,58.75998
2019-06-23 11:19:37,58.85998
2019-06-23 11:20:14,58.44999
2019-06-23 11:21:06,58.44999
2019-06-23 11:21:40,58.04998
2019-06-23 11:22:32,58.04998
2019-06-23 11:22:49,57.34998
2019-06-23 11:23:42,57.34998
2019-06-23 11:24:22,57.02
2019-06-23 11:24:54,57.24998
2019-06-23 11:25:43,56.80998
2019-06-23 11:26:29,57.07999
2019-06-23 11:28:22,57.07999
2019-06-23 11:28:59,56.87998
2019-06-23 11:29:52,56.87998
2019-06-23 11:30:47,57.03999
2019-06-23 11:31:41,57.03999
2019-06-23 11:31:56,56.78999
2019-06-23 11:32:49,56.78999
2019-06-23 11:33:12,56.39999
2019-06-23 11:34:06,56.39999
2019-06-23 11:34:43,55.90999
2019-06-23 11:35:08,56.39999
2019-06-23 11:35:35,56.01999
2019-06-23 11:36:28,56.01999
2019-06-23 11:36:42,56.12998
2019-06-23 11:37:35,56.12998
2019-06-23 11:38:26,56.51999
2019-06-23 11:42:18,56.51999
2019-06-23 11:42:25,56.34999
2019-06-23 11:43:19,56.34999
2019-06-23 11:43:40,56.74998
2019-06-23 11:44:33,56.74998
2019-06-23 11:45:12,57.11999
2019-06-23 11:46:05,57.11999
2019-06-23 11:47:07,57.41998
2019-06-23 11:48:03,57.69999
2019-06-23 11:48:55,57.69999
2019-06-23 11:49:59,57.29999
2019-06-23 11:50:51,57.29999
2019-06-23 11:50:59,56.78999
2019-06-23 11:51:51,56.78999
2019-06-23 11:52:43,56.17999
2019-06-23 11:53:31,56.38
2019-06-23 11:54:23,56.38
2019-06-23 11:54:49,56.03999
2019-06-23 11:55:29,56.14999
2019-06-23 11:57:23,56.14999
2019-06-23 11:57:48,56.01999
2019-06-23 11:58:41,56.01999
2019-06-23 11:58:59,56.46999
2019-06-23 11:59:38,56.03999
2019-06-23 12:00:07,56.32999
2019-06-23 12:01:02,56.57999
2019-06-23 12:01:55,56.57999
2019-06-23 12:02:28,56.87998
2019-06-23 12:03:29,57.09999
2019-06-23 12:05:22,57.09999
2019-06-23 12:05:48,56.86998
2019-06-23 12:06:26,56.45999
2019-06-23 12:07:11,56.09998
2019-06-23 12:08:04,56.09998
2019-06-23 12:08:34,55.54998
2019-06-23 12:09:33,54.88998
2019-06-23 12:10:28,54.28999
2019-06-23 12:11:18,54.49999
2019-06-23 12:12:11,54.49999
2019-06-23 12:13:03,54.99998
2019-06-23 12:13:47,55.44998
2019-06-23 12:14:40,55.44998
2019-06-23 12:14:48,55.92999
2019-06-23 12:15:14,55.53999
2019-06-23 12:15:49,55.7
2019-06-23 12:16:18,56.08998
2019-06-23 12:16:58,56.60999
2019-06-23 12:17:51,56.60999
2019-06-23 12:18:09,57.11999
2019-06-23 12:18:41,56.87998
2019-06-23 12:19:34,56.87998
2019-06-23 12:19:59,56.68999
2019-06-23 12:20:52,56.68999
2019-06-23 12:21:36,56.24998
2019-06-23 12:22:28,56.24998
2019-06-23 12:22:55,55.88999
2019-06-23 12:23:34,55.51998
2019-06-23 12:25:27,55.51998
2019-06-23 12:26:29,55.31998
2019-06-23 12:27:21,55.65998
2019-06-23 12:28:14,55.65998
2019-06-23 12:29:03,56.09998
2019-06-23 12:31:56,56.09998
2019-06-23 12:32:11,56.47999
2019-06-23 12:32:31,56.04999
2019-06-23 12:34:24,56.04999
2019-06-23 12:35:24,56.42999
2019-06-23 12:35:47,55.83999
2019-06-23 12:36:19,56.23998
2019-06-23 12:37:11,56.23998
2019-06-23 12:38:09,56.46999
2019-06-23 12:39:02,56.46999
2019-06-23 12:39:29,55.92999
2019-06-23 12:40:22,55.92999
2019-06-23 12:40:40,56.12998
2019-06-23 12:41:33,56.12998
2019-06-23 12:42:09,56.42999
2019-06-23 12:42:37,55.95999
2019-06-23 12:43:30,55.95999
2019-06-23 12:44:04,55.68999
2019-06-23 12:44:57,55.68999
2019-06-23 12:45:14,55.33999
2019-06-23 12:45:56,55.50999
2019-06-23 12:46:33,55.89999
2019-06-23 12:47:26,55.89999
2019-06-23 12:47:51,55.70999
2019-06-23 12:48:43,55.70999
2019-06-23 12:49:03,55.78999
2019-06-23 12:49:56,55.78999
2019-06-23 12:50:30,56.09998
2019-06-23 12:51:29,55.61998
2019-06-23 12:52:05,56.01999
2019-06-23 12:52:43,56.71999
2019-06-23 12:53:00,56.15998
2019-06-23 12:53:27,56.56999
2019-06-23 12:54:19,56.56999
2019-06-23 12:54:49,56.75999
2019-06-23 12:55:41,57.00999
2019-06-23 12:56:34,57.00999
2019-06-23 12:57:34,57.15999
2019-06-23 12:58:26,57.15999
2019-06-23 12:58:46,56.72999
2019-06-23 12:59:38,56.72999
2019-06-23 13:00:16,56.43999
2019-06-23 13:01:09,56.43999
2019-06-23 13:01:19,56.09998
2019-06-23 13:03:12,56.09998
2019-06-23 13:03:55,56.49999
2019-06-23 13:04:47,56.49999
2019-06-23 13:05:30,56.35999
2019-06-23 13:06:22,56.35999
2019-06-23 13:07:05,56.22998
2019-06-23 13:07:57,56.22998
2019-06-23 13:08:24,55.77999
2019-06-23 13:08:48,56.00999
2019-06-23 13:10:41,56.00999
2019-06-23 13:11:01,56.41999
2019-06-23 13:11:23,55.88999
2019-06-23 13:12:15,55.88999
2019-06-23 13:12:34,55.06999
2019-06-23 13:13:27,55.06999
2019-06-23 13:14:03,54.50999
2019-06-23 13:15:56,54.50999
2019-06-23 13:16:12,54.75999
2019-06-23 13:16:59,54.34998
2019-06-23 13:17:25,54.70998
2019-06-23 13:18:10,55.37999
2019-06-23 13:19:03,55.37999
2019-06-23 13:19:28,56.17999
2019-06-23 13:20:21,56.17999
2019-06-23 13:21:03,56.49999
2019-06-23 13:21:54,56.49999
2019-06-23 13:22:18,56.98
2019-06-23 13:23:11,56.48999
2019-06-23 13:24:03,56.48999
2019-06-23 13:24:59,56.12998
2019-06-23 13:25:51,56.12998
2019-06-23 13:26:49,55.67999
2019-06-23 13:27:38,55.30999
2019-06-23 13:28:31,55.30999
2019-06-23 13:29:00,54.95998
2019-06-23 13:29:38,55.42999
2019-06-23 13:30:05,55.05
2019-06-23 13:30:48,55.44998
2019-06-23 13:31:07,54.75999
2019-06-23 13:31:35,55.14999
2019-06-23 13:33:28,55.14999
2019-06-23 13:34:10,55.44998
2019-06-23 13:35:03,55.44998
2019-06-23 13:35:34,55.61998
2019-06-23 13:36:04,56.08998
2019-06-23 13:36:38,55.77999
2019-06-23 13:37:31,55.77999
2019-06-23 13:38:03,55.35999
2019-06-23 13:38:35,55.8
2019-06-23 13:38:56,55.56998
2019-06-23 13:39:26,54.92999
2019-06-23 13:39:49,55.34999
2019-06-23 13:40:42,55.34999
2019-06-23 13:41:39,55.06999
2019-06-23 13:42:38,55.35999
2019-06-23 13:43:31,55.35999
2019-06-23 13:44:06,54.78999
2019-06-23 13:44:59,54.78999
2019-06-23 13:45:45,54.43999
2019-06-23 13:46:39,53.89999
2019-06-23 13:47:31,53.89999
2019-06-23 13:48:08,53.46999
2019-06-23 13:48:49,52.99998
2019-06-23 13:49:19,52.48
2019-06-23 13:50:11,52.48
2019-06-23 13:50:46,52.06999
2019-06-23 13:51:37,52.06999
2019-06-23 13:51:51,51.71999
2019-06-23 13:52:23,51.46999
2019-06-23 13:55:16,51.46999
2019-06-23 13:55:25,51.23
2019-06-23 13:56:13,50.89999
2019-06-23 13:56:53,50.66999
2019-06-23 13:57:45,50.35999
2019-06-23 13:58:38,50.35999
2019-06-23 13:59:23,49.90998
2019-06-23 14:00:12,50.16999
2019-06-23 14:01:07,49.88998
2019-06-23 14:01:47,49.47999
2019-06-23 14:02:40,49.47999
2019-06-23 14:03:19,48.98999
2019-06-23 14:04:12,48.98999
2019-06-23 14:04:58,48.73
2019-06-23 14:05:37,47.96998
2019-06-23 14:06:09,48.29999
2019-06-23 14:06:34,47.79999
2019-06-23 14:07:26,47.79999
2019-06-23 14:07:43,47.49999
2019-06-23 14:08:12,47.20998
2019-06-23 14:09:03,46.73
2019-06-23 14:12:55,46.73
2019-06-23 14:13:44,46.33999
2019-06-23 14:14:25,46.95999
2019-06-23 14:14:45,46.65998
2019-06-23 14:15:38,46.65998
2019-06-23 14:16:10,46.87999
2019-06-23 14:17:02,46.87999
2019-06-23 14:17:40,46.53999
2019-06-23 14:18:14,46.74999
2019-06-23 14:19:15,46.39999
2019-06-23 14:19:41,46.77
2019-06-23 14:20:22,46.55998
2019-06-23 14:21:14,46.55998
2019-06-23 14:21:31,46.44999
2019-06-23 14:22:23,46.44999
2019-06-23 14:23:28,46.84999
2019-06-23 14:24:24,46.65998
2019-06-23 14:25:17,46.18999
2019-06-23 14:26:26,46.80999
2019-06-23 14:27:10,47.05999
2019-06-23 14:30:02,47.05999
2019-06-23 14:30:53,46.63998
2019-06-23 14:31:18,47.28998
2019-06-23 14:31:38,46.46999
2019-06-23 14:32:05,46.97999
2019-06-23 14:32:57,46.97999
2019-06-23 14:33:05,46.49998
2019-06-23 14:33:58,46.49998
2019-06-23 14:34:18,46.65998
2019-06-23 14:35:10,46.65998
2019-06-23 14:35:39,46.97999
2019-06-23 14:36:00,46.61998
2019-06-23 14:36:29,46.96999
2019-06-23 14:37:09,47.35999
2019-06-23 14:38:03,47.35999
2019-06-23 14:38:16,48.00999
2019-06-23 14:38:36,47.48999
2019-06-23 14:38:58,47.96998
2019-06-23 14:39:51,48.31998
2019-06-23 14:41:43,48.31998
2019-06-23 14:42:46,47.75999
2019-06-23 14:43:17,47.99999
2019-06-23 14:44:10,47.99999
2019-06-23 14:45:14,47.79999
2019-06-23 14:45:50,47.26998
2019-06-23 14:47:42,47.26998
2019-06-23 14:47:57,46.70998
2019-06-23 14:48:26,47.12998
2019-06-23 14:50:18,47.12998
2019-06-23 14:50:32,47.56999
2019-06-23 14:51:24,47.27998
2019-06-23 14:52:12,47.48
2019-06-23 14:55:05,47.48
2019-06-23 14:55:50,47.69999
2019-06-23 14:56:18,47.98998
2019-06-23 14:57:16,48.20999
2019-06-23 14:58:08,48.20999
2019-06-23 14:58:33,48.47998
2019-06-23 14:59:25,48.47998
2019-06-23 14:59:35,48.17999
2019-06-23 15:00:11,48.34998
2019-06-23 15:01:04,48.34998
2019-06-23 15:01:36,47.99999
2019-06-23 15:02:29,47.99999
2019-06-23 15:02:44,47.71999
2019-06-23 15:03:17,47.48999
2019-06-23 15:04:07,47.00999
2019-06-23 15:04:47,46.54998
2019-06-23 15:05:42,46.30999
2019-06-23 15:06:15,45.84998
2019-06-23 15:07:08,45.37998
2019-06-23 15:08:00,45.37998
2019-06-23 15:08:26,44.94999
2019-06-23 15:09:04,45.02999
2019-06-23 15:09:57,45.56999
2019-06-23 15:10:49,45.56999
2019-06-23 15:11:30,46.12
2019-06-23 15:12:23,46.12
2019-06-23 15:12:46,46.52998
2019-06-23 15:13:42,47.21999
2019-06-23 15:14:11,46.89999
2019-06-23 15:14:39,47.50999
2019-06-23 15:16:32,47.50999
2019-06-23 15:16:56,47.10999
2019-06-23 15:17:19,47.48999
2019-06-23 15:18:15,47.16998
2019-06-23 15:26:08,47.16998
2019-06-23 15:26:38,46.49998
2019-06-23 15:27:02,46.91999
2019-06-23 15:27:58,46.8
2019-06-23 15:28:50,46.8
2019-06-23 15:28:59,46.51998
2019-06-23 15:29:52,46.51998
2019-06-23 15:30:07,45.93998
2019-06-23 15:30:34,46.24999
2019-06-23 15:34:26,46.24999
2019-06-23 15:34:55,46.44999
2019-06-23 15:35:47,46.44999
2019-06-23 15:36:04,47.00999
2019-06-23 15:36:39,46.66998
2019-06-23 15:37:31,46.66998
2019-06-23 15:37:47,46.91999
2019-06-23 15:38:40,46.91999
2019-06-23 15:39:09,47.17999
2019-06-23 15:40:00,47.54999
2019-06-23 15:43:53,47.54999
2019-06-23 15:44:21,47.32998
2019-06-23 15:45:10,47.55999
2019-06-23 15:45:46,47.22998
2019-06-23 15:46:38,47.22998
2019-06-23 15:47:37,46.61998
2019-06-23 15:47:59,46.93999
2019-06-23 15:52:52,46.93999
2019-06-23 15:53:18,46.43999
2019-06-23 15:54:12,46.43999
2019-06-23 15:54:31,46.71999
2019-06-23 15:55:22,46.30999
2019-06-23 15:56:01,46.75999
2019-06-23 15:56:48,46.50999
2019-06-23 15:57:12,47.19998
2019-06-23 15:57:31,46.34999
2019-06-23 15:57:59,46.66998
2019-06-23 15:59:51,46.66998
2019-06-23 16:00:05,46.16999
2019-06-23 16:00:33,46.67998
2019-06-23 16:03:25,46.67998
2019-06-23 16:04:07,47.18999
2019-06-23 16:04:31,46.82999
2019-06-23 16:06:23,46.82999
2019-06-23 16:07:15,46.52998
2019-06-23 16:08:07,46.52998
2019-06-23 16:08:55,46.17999
2019-06-23 16:09:51,46.70998
2019-06-23 16:10:18,46.1
2019-06-23 16:11:11,46.1
2019-06-23 16:12:04,46.32999
2019-06-23 16:12:56,46.32999
2019-06-23 16:13:52,45.86999
2019-06-23 16:14:40,46.24999
2019-06-23 16:16:32,46.24999
2019-06-23 16:17:34,45.87998
2019-06-23 16:18:21,46.13
2019-06-23 16:20:14,46.13
2019-06-23 16:20:30,46.71999
2019-06-23 16:21:08,46.32999
2019-06-23 16:22:01,46.32999
2019-06-23 16:22:20,46.20999
2019-06-23 16:23:10,45.59999
2019-06-23 16:23:30,45.98998
2019-06-23 16:24:23,45.98998
2019-06-23 16:25:08,46.10999
2019-06-23 16:25:29,46.59998
2019-06-23 16:27:21,46.59998
2019-06-23 16:27:35,47.15998
2019-06-23 16:28:02,46.8
2019-06-23 16:28:55,46.42999
2019-06-23 16:30:47,46.42999
2019-06-23 16:31:49,46.07999
2019-06-23 16:32:20,46.41999
2019-06-23 16:33:12,46.41999
2019-06-23 16:33:31,46.18999
2019-06-23 16:34:13,46.51998
2019-06-23 16:36:05,46.51998
2019-06-23 16:36:45,46.78999
2019-06-23 16:37:39,46.78999
2019-06-23 16:38:26,47.24998
2019-06-23 16:39:18,47.24998
2019-06-23 16:39:39,46.78999
2019-06-23 16:40:06,47.14999
2019-06-23 16:40:58,47.14999
2019-06-23 16:42:03,46.88999
2019-06-23 16:42:55,46.88999
2019-06-23 16:43:17,46.71999
2019-06-23 16:43:57,46.24999
2019-06-23 16:44:51,46.24999
2019-06-23 16:45:46,46.12
2019-06-23 16:46:39,46.12
2019-06-23 16:47:15,46.29999
2019-06-23 16:48:07,46.29999
2019-06-23 16:48:22,45.77998
2019-06-23 16:48:48,46.03998
2019-06-23 16:49:41,46.03998
2019-06-23 16:50:43,45.78999
2019-06-23 16:51:36,45.78999
2019-06-23 16:52:28,45.93998
2019-06-23 16:53:21,45.93998
2019-06-23 16:54:10,45.68999
2019-06-23 16:55:02,45.68999
2019-06-23 16:55:23,45.18999
2019-06-23 16:56:12,45.42998
2019-06-23 16:58:05,45.42998
2019-06-23 16:58:28,45.91998
2019-06-23 16:59:04,45.59999
2019-06-23 16:59:29,46.02998
2019-06-23 17:00:22,46.27999
2019-06-23 17:01:15,46.27999
2019-06-23 17:01:46,46.80999
2019-06-23 17:02:21,46.47999
2019-06-23 17:03:13,46.47999
2019-06-23 17:03:51,47.00999
2019-06-23 17:06:44,47.00999
2019-06-23 17:07:09,47.41999
2019-06-23 17:08:01,47.41999
2019-06-23 17:08:42,47.85999
2019-06-23 17:09:34,47.85999
2019-06-23 17:09:46,47.50999
2019-06-23 17:10:05,48.09
2019-06-23 17:10:58,48.09
2019-06-23 17:11:12,47.61999
2019-06-23 17:12:03,47.61999
2019-06-23 17:13:10,47.44999
2019-06-23 17:13:44,47.05999
2019-06-23 17:14:22,46.68998
2019-06-23 17:15:14,46.68998
2019-06-23 17:15:22,46.23999
2019-06-23 17:17:14,46.23999
2019-06-23 17:17:23,46.10999
2019-06-23 17:18:03,46.62998
2019-06-23 17:20:56,46.62998
2019-06-23 17:21:29,46.17999
2019-06-23 17:22:06,46.56998
2019-06-23 17:22:35,46.12
2019-06-23 17:23:27,46.12
2019-06-23 17:24:03,46.40999
2019-06-23 17:24:56,46.40999
2019-06-23 17:25:11,46.77999
2019-06-23 17:25:57,47.20998
2019-06-23 17:26:49,47.20998
2019-06-23 17:27:28,47.64999
2019-06-23 17:28:21,47.64999
2019-06-23 17:28:37,48.39999
2019-06-23 17:29:12,47.99999
2019-06-23 17:29:41,48.29999
2019-06-23 17:30:27,48.85999
2019-06-23 17:32:21,48.85999
2019-06-23 17:33:22,49.08998
2019-06-23 17:34:14,49.08998
2019-06-23 17:34:51,48.80999
2019-06-23 17:37:45,48.80999
2019-06-23 17:38:17,48.34998
2019-06-23 17:40:07,48.34998
2019-06-23 17:41:10,47.85999
2019-06-23 17:41:34,48.20999
2019-06-23 17:42:00,47.82999
2019-06-23 17:42:52,47.82999
2019-06-23 17:43:13,47.18999
2019-06-23 17:44:05,47.18999
2019-06-23 17:44:56,46.78999
2019-06-23 17:45:33,46.54998
2019-06-23 17:46:27,45.91998
2019-06-23 17:47:19,45.91998
2019-06-23 17:48:11,45.55
2019-06-23 17:49:00,45.62999
2019-06-23 17:49:53,45.62999
2019-06-23 17:50:11,45.98998
2019-06-23 17:51:04,45.98998
2019-06-23 17:51:33,46.57999
2019-06-23 17:52:27,46.44999
2019-06-23 17:52:53,47.02999
2019-06-23 17:53:46,47.02999
2019-06-23 17:53:59,47.51999
2019-06-23 17:54:29,47.98998
2019-06-23 17:56:22,47.98998
2019-06-23 17:56:42,47.35999
2019-06-23 17:57:08,47.79999
2019-06-23 17:58:01,47.79999
2019-06-23 17:58:24,47.46999
2019-06-23 17:58:59,47.80998
2019-06-23 17:59:51,47.80998
2019-06-23 18:00:30,47.51999
2019-06-23 18:01:28,47.93998
2019-06-23 18:02:21,47.93998
2019-06-23 18:02:51,48.43999
2019-06-23 18:03:43,48.43999
2019-06-23 18:04:25,48.09999
2019-06-23 18:05:18,48.09999
2019-06-23 18:05:47,47.64999
2019-06-23 18:06:39,47.64999
2019-06-23 18:07:35,47.79999
2019-06-23 18:08:27,47.79999
2019-06-23 18:08:46,48.10999
2019-06-23 18:09:38,48.10999
2019-06-23 18:10:42,48.49998
2019-06-23 18:11:13,47.98998
2019-06-23 18:12:04,47.98998
2019-06-23 18:12:36,48.39999
2019-06-23 18:12:54,47.72999
2019-06-23 18:13:40,48.03999
2019-06-23 18:14:33,47.41999
2019-06-23 18:15:25,47.41999
2019-06-23 18:15:41,47.61999
2019-06-23 18:15:58,47.12998
2019-06-23 18:16:28,46.34999
2019-06-23 18:17:20,45.91998
2019-06-23 18:18:11,45.91998
2019-06-23 18:18:36,45.36998
2019-06-23 18:20:27,45.36998
2019-06-23 18:20:52,45.71999
2019-06-23 18:21:44,45.71999
2019-06-23 18:22:42,46.05998
2019-06-23 18:23:23,46.24999
2019-06-23 18:23:47,46.58998
2019-06-23 18:24:13,46.90999
2019-06-23 18:27:06,46.90999
2019-06-23 18:27:19,46.47999
2019-06-23 18:27:45,46.74
2019-06-23 18:28:38,46.74
2019-06-23 18:29:31,47.25998
2019-06-23 18:30:27,47.00999
2019-06-23 18:30:45,47.73998
2019-06-23 18:31:13,47.26998
2019-06-23 18:31:59,47.84998
2019-06-23 18:32:52,47.84998
2019-06-23 18:33:35,48.26999
2019-06-23 18:34:28,48.26999
2019-06-23 18:35:18,48.51998
2019-06-23 18:36:10,48.51998
2019-06-23 18:36:23,48.12999
2019-06-23 18:37:16,48.12999
2019-06-23 18:37:24,48.49998
2019-06-23 18:39:17,48.49998
2019-06-23 18:39:28,48.60998
2019-06-23 18:40:27,49.13998
2019-06-23 18:41:04,48.74999
2019-06-23 18:41:56,48.74999
2019-06-23 18:42:59,48.39999
2019-06-23 18:43:36,48.74999
2019-06-23 18:44:16,48.33999
2019-06-23 18:48:09,48.33999
2019-06-23 18:48:34,48.71999
2019-06-23 18:49:24,48.49998
2019-06-23 18:50:19,48.21999
2019-06-23 18:51:12,48.21999
2019-06-23 18:52:01,47.88998
2019-06-23 18:52:31,48.15999
2019-06-23 18:53:24,48.15999
2019-06-23 18:53:49,47.94998
2019-06-23 18:54:24,47.32998
2019-06-23 18:54:47,47.81998
2019-06-23 18:55:25,47.60999
2019-06-23 18:56:17,47.99999
2019-06-23 18:58:10,47.99999
2019-06-23 18:58:32,48.80999
2019-06-23 18:59:05,48.38998
2019-06-23 19:00:58,48.38998
2019-06-23 19:01:10,49.28999
2019-06-23 19:01:56,49.92999
2019-06-23 19:02:56,50.30998
2019-06-23 19:03:25,50.83999
2019-06-23 19:04:17,51.10998
2019-06-23 19:05:04,51.52998
2019-06-23 19:05:55,51.52998
2019-06-23 19:06:11,52.28999
2019-06-23 19:07:03,52.28999
2019-06-23 19:07:16,53.07998
2019-06-23 19:07:39,52.58999
2019-06-23 19:08:31,52.58999
2019-06-23 19:09:30,52.76999
2019-06-23 19:10:21,52.76999
2019-06-23 19:10:57,53.13999
2019-06-23 19:11:32,52.90998
2019-06-23 19:12:24,52.90998
2019-06-23 19:13:08,53.20999
2019-06-23 19:14:01,52.83999
2019-06-23 19:14:22,53.49998
2019-06-23 19:14:50,53.16999
2019-06-23 19:15:23,53.34999
2019-06-23 19:16:14,53.34999
2019-06-23 19:16:40,53.21999
2019-06-23 19:17:33,53.21999
2019-06-23 19:17:50,53.58998
2019-06-23 19:18:43,53.58998
2019-06-23 19:18:56,53.26999
2019-06-23 19:19:48,53.26999
2019-06-23 19:20:08,53.49998
2019-06-23 19:21:00,53.49998
2019-06-23 19:21:42,52.93999
2019-06-23 19:22:36,52.44998
2019-06-23 19:23:04,52.68999
2019-06-23 19:23:57,52.68999
2019-06-23 19:24:57,53.04998
2019-06-23 19:25:42,53.77999
2019-06-23 19:26:34,53.77999
2019-06-23 19:26:47,54.31998
2019-06-23 19:27:17,54.89999
2019-06-23 19:27:37,54.42
2019-06-23 19:27:58,55.21999
2019-06-23 19:28:50,55.21999
2019-06-23 19:29:02,55.52998
2019-06-23 19:29:24,56.23998
2019-06-23 19:30:08,56.78999
2019-06-23 19:32:01,56.78999
2019-06-23 19:32:58,56.50999
2019-06-23 19:34:50,56.50999
2019-06-23 19:35:05,56.72999
2019-06-23 19:35:56,56.72999
2019-06-23 19:36:13,57.40998
2019-06-23 19:36:48,56.77998
2019-06-23 19:37:05,57.62
2019-06-23 19:37:57,57.62
2019-06-23 19:38:53,57.97999
2019-06-23 19:39:35,57.68999
2019-06-23 19:40:28,57.68999
2019-06-23 19:40:45,57.48998
2019-06-23 19:41:38,57.48998
2019-06-23 19:42:19,57.19999
2019-06-23 19:44:10,57.19999
2019-06-23 19:44:21,57.05
2019-06-23 19:45:13,57.05
2019-06-23 19:45:55,57.46999
2019-06-23 19:46:54,57.11999
2019-06-23 19:47:38,56.75999
2019-06-23 19:48:19,57.05
2019-06-23 19:49:00,56.87998
2019-06-23 19:52:52,56.87998
2019-06-23 19:53:01,56.46999
2019-06-23 19:53:25,56.87998
2019-06-23 19:56:17,56.87998
2019-06-23 19:56:50,57.19999
2019-06-23 19:57:15,56.76998
2019-06-23 19:57:40,57.22999
2019-06-23 19:58:32,57.22999
2019-06-23 19:58:41,57.02
2019-06-23 19:59:33,57.02
2019-06-23 19:59:43,57.35999
2019-06-23 20:02:36,57.35999
2019-06-23 20:03:07,57.02
2019-06-23 20:03:42,57.57998
2019-06-23 20:04:09,57.05
2019-06-23 20:07:00,57.05
2019-06-23 20:07:41,57.42999
2019-06-23 20:08:10,56.98
2019-06-23 20:08:48,57.24998
2019-06-23 20:11:41,57.24998
2019-06-23 20:12:36,57.72999
2019-06-23 20:13:29,57.58998
2019-06-23 20:15:21,57.58998
2019-06-23 20:15:44,57.34998
2019-06-23 20:16:36,57.34998
2019-06-23 20:17:19,57.70999
2019-06-23 20:18:11,57.70999
2019-06-23 20:18:55,57.6
2019-06-23 20:19:38,57.98998
2019-06-23 20:20:09,57.50998
2019-06-23 20:20:39,57.81999
2019-06-23 20:21:05,57.53998
2019-06-23 20:23:57,57.53998
2019-06-23 20:24:58,57.23999
2019-06-23 20:25:50,57.23999
2019-06-23 20:26:33,56.92998
2019-06-23 20:28:25,56.92998
2019-06-23 20:28:43,56.38999
2019-06-23 20:29:07,56.90998
2019-06-23 20:29:42,56.68999
2019-06-23 20:30:35,56.68999
2019-06-23 20:30:49,56.23998
2019-06-23 20:31:10,56.68999
2019-06-23 20:32:07,56.90998
2019-06-23 20:34:59,56.90998
2019-06-23 20:35:21,57.05
2019-06-23 20:36:13,57.05
2019-06-23 20:36:49,57.75999
2019-06-23 20:37:13,56.99999
2019-06-23 20:37:31,57.49998
2019-06-23 20:38:24,57.49998
2019-06-23 20:39:00,57.90999
2019-06-23 20:39:40,57.85999
2019-06-23 20:40:32,57.85999
2019-06-23 20:40:49,57.68999
2019-06-23 20:41:17,57.93999
2019-06-23 20:43:10,57.93999
2019-06-23 20:44:10,58.15998
2019-06-23 20:47:02,58.15998
2019-06-23 20:47:39,57.94999
2019-06-23 20:48:12,58.16998
2019-06-23 20:49:04,58.16998
2019-06-23 20:49:26,58.33999
2019-06-23 20:52:18,58.33999
2019-06-23 20:52:41,57.88998
2019-06-23 20:56:33,57.88998
2019-06-23 20:57:12,57.50998
2019-06-23 20:58:04,57.50998
2019-06-23 20:58:15,56.87998
2019-06-23 20:59:00,56.25998
2019-06-23 20:59:52,56.25998
2019-06-23 21:00:21,55.74999
2019-06-23 21:01:01,55.33999
2019-06-23 21:01:46,55.09
2019-06-23 21:02:08,54.65999
2019-06-23 21:02:55,54.94998
2019-06-23 21:03:48,54.94998
2019-06-23 21:04:40,55.30999
2019-06-23 21:05:34,55.44998
2019-06-23 21:05:58,56.02998
2019-06-23 21:06:50,56.02998
2019-06-23 21:06:59,56.39999
2019-06-23 21:07:26,56.47999
2019-06-23 21:08:19,56.75999
2019-06-23 21:09:11,56.75999
2019-06-23 21:09:52,56.38999
2019-06-23 21:10:44,56.38999
2019-06-23 21:11:19,56.73998
2019-06-23 21:11:37,57.42999
2019-06-23 21:11:59,57.14999
2019-06-23 21:12:47,57.68999
2019-06-23 21:13:27,58.17998
2019-06-23 21:14:19,58.17998
2019-06-23 21:15:05,57.66999
2019-06-23 21:15:42,58.15998
2019-06-23 21:16:23,57.83999
2019-06-23 21:16:55,58.27
2019-06-23 21:17:44,58.60999
2019-06-23 21:18:37,58.60999
2019-06-23 21:19:18,58.50999
2019-06-23 21:19:37,57.73999
2019-06-23 21:20:05,57.90999
2019-06-23 21:21:57,57.90999
2019-06-23 21:23:02,57.69999
2019-06-23 21:23:54,57.69999
2019-06-23 21:24:15,57.22999
2019-06-23 21:24:50,57.70999
2019-06-23 21:25:22,57.37998
2019-06-23 21:26:14,57.37998
2019-06-23 21:27:17,57.23999
2019-06-23 21:28:03,56.65999
2019-06-23 21:28:28,57.06999
2019-06-23 21:29:15,56.65999
2019-06-23 21:30:09,56.27998
2019-06-23 21:30:56,56.50999
2019-06-23 21:31:40,55.45998
2019-06-23 21:31:57,56.65999
2019-06-23 21:32:19,56.38999
2019-06-23 21:33:11,56.38999
2019-06-23 21:33:55,56.74998
2019-06-23 21:34:49,56.82998
2019-06-23 21:35:41,56.95999
2019-06-23 21:36:09,57.81999
2019-06-23 21:36:25,57.20999
2019-06-23 21:37:16,57.47998
2019-06-23 21:37:52,57.12999
2019-06-23 21:40:44,57.12999
2019-06-23 21:40:56,57.41998
2019-06-23 21:45:49,57.41998
2019-06-23 21:46:47,57.30999
2019-06-23 21:47:44,56.96999
2019-06-23 21:48:06,57.32999
2019-06-23 21:49:04,57.00999
2019-06-23 21:49:53,57.42999
2019-06-23 21:50:45,57.42999
2019-06-23 21:51:22,57.09999
2019-06-23 21:52:04,57.36999
2019-06-23 21:52:52,57.10999
2019-06-23 21:53:27,56.72999
2019-06-23 21:54:19,56.72999
2019-06-23 21:54:48,56.18998
2019-06-23 21:55:45,56.37
2019-06-23 21:56:37,56.37
2019-06-23 21:56:53,56.50999
2019-06-23 21:57:48,56.80998
2019-06-23 21:58:34,56.99999
2019-06-23 21:59:33,57.18999
2019-06-23 22:00:29,57.46999
2019-06-23 22:01:04,57.74999
2019-06-23 22:03:56,57.74999
2019-06-23 22:04:08,58.07999
2019-06-23 22:04:55,57.63999
2019-06-23 22:05:31,57.97999
2019-06-23 22:06:21,57.81999
2019-06-23 22:09:14,57.81999
2019-06-23 22:09:35,58.28999
2019-06-23 22:11:28,58.28999
2019-06-23 22:12:00,58.39999
2019-06-23 22:12:43,57.75999
2019-06-23 22:14:35,57.75999
2019-06-23 22:15:16,57.86999
2019-06-23 22:16:09,57.86999
2019-06-23 22:16:30,57.30999
2019-06-23 22:16:52,57.95998
2019-06-23 22:17:11,57.48998
2019-06-23 22:20:03,57.48998
2019-06-23 22:20:14,57.27998
2019-06-23 22:21:06,57.27998
2019-06-23 22:21:19,57.03999
2019-06-23 22:22:04,56.60999
2019-06-23 22:22:58,56.20998
2019-06-23 22:23:24,56.51999
2019-06-23 22:25:17,56.51999
2019-06-23 22:25:48,57.00999
2019-06-23 22:26:41,57.00999
2019-06-23 22:26:48,56.74998
2019-06-23 22:27:22,57.33999
2019-06-23 22:29:15,57.33999
2019-06-23 22:29:25,57.98998
2019-06-23 22:30:08,58.61999
2019-06-23 22:32:01,58.61999
2019-06-23 22:32:25,59.26999
2019-06-23 22:32:53,58.76998
2019-06-23 22:33:49,59.02999
2019-06-23 22:37:41,59.02999
2019-06-23 22:37:53,59.20998
2019-06-23 22:38:45,59.20998
2019-06-23 22:39:34,59.59
2019-06-23 22:40:27,59.59
2019-06-23 22:40:36,59.10999
2019-06-23 22:41:23,58.72998
2019-06-23 22:42:16,58.72998
2019-06-23 22:42:36,58.51999
2019-06-23 22:43:28,58.51999
2019-06-23 22:44:32,58.98999
2019-06-23 22:44:58,58.60999
2019-06-23 22:46:51,58.60999
2019-06-23 22:47:06,58.11998
2019-06-23 22:47:59,58.11998
2019-06-23 22:48:56,57.72999
2019-06-23 22:53:49,57.72999
2019-06-23 22:54:42,57.26999
2019-06-23 22:55:23,57.02999
2019-06-23 22:56:16,57.02999
2019-06-23 22:57:06,57.44998
2019-06-23 22:57:48,57.29999
2019-06-23 22:58:41,57.29999
2019-06-23 22:59:18,57.56998
2019-06-23 22:59:53,57.89999
2019-06-23 23:00:37,58.40999
2019-06-23 23:01:30,58.40999
2019-06-23 23:01:45,58.20998
2019-06-23 23:02:24,58.37999
2019-06-23 23:03:17,58.37999
2019-06-23 23:03:37,58.74998
2019-06-23 23:05:29,58.74998
2019-06-23 23:05:57,58.57999
2019-06-23 23:06:45,58.30999
2019-06-23 23:07:37,58.30999
2019-06-23 23:08:17,58.67999
2019-06-23 23:08:40,58.34999
2019-06-23 23:09:36,58.51999
2019-06-23 23:10:29,58.51999
2019-06-23 23:11:01,58.86998
2019-06-23 23:11:54,58.86998
2019-06-23 23:12:28,58.74998
2019-06-23 23:13:14,58.50999
2019-06-23 23:16:07,58.50999
2019-06-23 23:16:46,58.61999
2019-06-23 23:17:34,58.42999
2019-06-23 23:18:27,58.42999
2019-06-23 23:18:48,58.24
2019-06-23 23:20:41,58.24
2019-06-23 23:21:27,57.80999
2019-06-23 23:22:06,58.09998
2019-06-23 23:22:33,57.53998
2019-06-23 23:23:26,57.53998
2019-06-23 23:24:04,56.92998
2019-06-23 23:24:56,56.92998
2019-06-23 23:25:42,56.70998
2019-06-23 23:26:34,56.70998
2019-06-23 23:26:54,56.41
2019-06-23 23:27:33,56.87998
2019-06-23 23:28:25,56.87998
2019-06-23 23:29:07,56.62999
2019-06-23 23:30:03,56.35999
2019-06-23 23:30:30,56.06998
2019-06-23 23:31:10,55.78999
2019-06-23 23:32:00,55.43999
2019-06-23 23:33:53,55.43999
2019-06-23 23:34:42,55.65998
2019-06-23 23:35:04,56.11999
2019-06-23 23:35:30,56.49999
2019-06-23 23:36:13,56.66998
2019-06-23 23:36:37,57.00999
2019-06-23 23:37:30,57.00999
2019-06-23 23:37:49,57.50998
2019-06-23 23:38:44,57.79999
2019-06-23 23:39:14,58.15998
2019-06-23 23:39:45,58.61999
2019-06-23 23:40:36,58.61999
2019-06-23 23:41:19,58.98
2019-06-23 23:42:11,58.98
2019-06-23 23:42:27,59.40998
2019-06-23 23:43:18,59.13999
2019-06-23 23:44:09,59.13999
2019-06-23 23:44:34,58.68999
2019-06-23 23:44:55,59.07999
2019-06-23 23:45:46,58.57999
2019-06-23 23:48:37,58.57999
2019-06-23 23:49:33,58.06998
2019-06-23 23:50:17,58.45999
2019-06-23 23:50:54,58.07999
2019-06-23 23:51:46,58.07999
2019-06-23 23:52:15,57.76999
2019-06-23 23:54:08,57.76999
2019-06-23 23:54:53,57.64999
2019-06-23 23:55:45,57.64999
2019-06-23 23:56:51,57.38998
2019-06-23 23:57:44,57.38998
2019-06-23 23:58:02,57.23999
2019-06-23 23:58:55,57.23999
2019-06-23 23:59:47,57.55998
2019-06-24 00:00:39,57.55998
2019-06-24 00:01:00,58.08998
2019-06-24 00:01:51,58.08998
2019-06-24 00:02:24,58.57999
2019-06-24 00:04:16,58.57999
2019-06-24 00:05:11,58.3
2019-06-24 00:05:50,58.48999
2019-06-24 00:06:42,58.48999
2019-06-24 00:07:28,58.10999
2019-06-24 00:07:47,58.60999
2019-06-24 00:10:39,58.60999
2019-06-24 00:10:59,58.99999
2019-06-24 00:11:26,58.39999
2019-06-24 00:11:42,59.27998
2019-06-24 00:11:58,58.56998
2019-06-24 00:12:32,58.83998
2019-06-24 00:13:25,58.83998
2019-06-24 00:14:01,59.04999
2019-06-24 00:14:57,58.70998
2019-06-24 00:15:49,58.70998
2019-06-24 00:16:20,58.95999
2019-06-24 00:17:03,58.63998
2019-06-24 00:17:55,58.63998
2019-06-24 00:18:34,58.38999
2019-06-24 00:19:26,58.38999
2019-06-24 00:19:38,57.85999
2019-06-24 00:22:29,57.85999
2019-06-24 00:23:12,57.57998
2019-06-24 00:23:52,57.88998
2019-06-24 00:24:39,57.35999
2019-06-24 00:25:12,57.64999
2019-06-24 00:26:03,57.64999
2019-06-24 00:26:18,57.26999
2019-06-24 00:27:10,57.26999
2019-06-24 00:28:11,57.56998
2019-06-24 00:29:09,57.83999
2019-06-24 00:31:01,57.83999
2019-06-24 00:31:18,57.57998
2019-06-24 00:32:04,57.32999
2019-06-24 00:32:57,57.32999
2019-06-24 00:33:40,57.74999
2019-06-24 00:34:32,57.74999
2019-06-24 00:35:02,58.10999
2019-06-24 00:35:53,58.19998
2019-06-24 00:36:15,58.81998
2019-06-24 00:36:46,58.28999
2019-06-24 00:37:10,59.04999
2019-06-24 00:38:01,59.04999
2019-06-24 00:38:24,58.81998
2019-06-24 00:38:48,59.37998
2019-06-24 00:39:26,58.92999
2019-06-24 00:39:56,59.35999
2019-06-24 00:40:48,59.35999
2019-06-24 00:41:41,59.30998
2019-06-24 00:42:29,58.91
2019-06-24 00:43:22,58.91
2019-06-24 00:43:57,59.37998
2019-06-24 00:44:26,59.08999
2019-06-24 00:45:24,58.43999
2019-06-24 00:45:54,58.88999
2019-06-24 00:46:46,58.88999
2019-06-24 00:47:00,58.46999
2019-06-24 00:47:52,58.46999
2019-06-24 00:48:12,58.03999
2019-06-24 00:50:04,58.03999
2019-06-24 00:50:42,57.70999
2019-06-24 00:51:34,58.03999
2019-06-24 00:52:26,58.03999
2019-06-24 00:53:06,58.27
2019-06-24 00:53:55,58.76998
2019-06-24 00:54:27,58.46999
2019-06-24 00:55:23,58.80998
2019-06-24 00:57:14,58.80998
2019-06-24 00:57:50,58.54999
2019-06-24 00:58:41,58.54999
2019-06-24 00:58:56,58.95
2019-06-24 00:59:53,58.77998
2019-06-24 01:00:44,58.77998
2019-06-24 01:00:50,59.26999
2019-06-24 01:05:41,59.26999
2019-06-24 01:06:09,58.75998
2019-06-24 01:06:50,59.11999
2019-06-24 01:07:22,58.78998
2019-06-24 01:08:22,58.78998
2019-06-24 01:08:42,58.98999
2019-06-24 01:11:42,58.98999
2019-06-24 01:12:01,59.35999
2019-06-24 01:12:22,58.58999
2019-06-24 01:12:46,59.08999
2019-06-24 01:13:39,58.85998
2019-06-24 01:14:38,58.85998
2019-06-24 01:15:34,59.07999
2019-06-24 01:16:34,59.07999
2019-06-24 01:16:42,58.92999
2019-06-24 01:19:42,58.92999
2019-06-24 01:20:37,58.74998
2019-06-24 01:21:18,59.13999
2019-06-24 01:22:05,59.02999
2019-06-24 01:22:50,58.88999
2019-06-24 01:23:42,58.53999
2019-06-24 01:24:42,58.53999
2019-06-24 01:24:50,58.88
2019-06-24 01:25:24,58.47999
2019-06-24 01:26:12,58.80998
2019-06-24 01:27:08,59.06999
2019-06-24 01:28:09,59.06999
2019-06-24 01:28:27,59.38998
2019-06-24 01:32:28,59.38998
2019-06-24 01:32:44,59.82999
2019-06-24 01:34:45,59.82999
2019-06-24 01:35:19,59.60999
2019-06-24 01:36:19,59.60999
2019-06-24 01:36:35,59.11999
2019-06-24 01:37:01,59.27998
2019-06-24 01:37:50,58.92999
2019-06-24 01:38:25,59.16999
2019-06-24 01:40:26,59.16999
2019-06-24 01:40:27,59.62999
2019-06-24 01:40:44,59.33998
2019-06-24 01:41:37,59.05999
2019-06-24 01:43:37,59.05999
2019-06-24 01:43:56,59.23998
2019-06-24 01:45:57,59.23998
2019-06-24 01:46:02,58.69998
2019-06-24 01:47:01,59.16999
2019-06-24 01:47:32,58.84998
2019-06-24 01:49:33,58.84998
2019-06-24 01:49:38,58.24
2019-06-24 01:50:12,58.71999
2019-06-24 01:53:12,58.71999
2019-06-24 01:53:40,58.91
2019-06-24 01:54:41,58.91
2019-06-24 01:55:00,58.98
2019-06-24 01:56:00,58.98
2019-06-24 01:56:06,59.07999
2019-06-24 01:58:06,59.07999
2019-06-24 01:58:46,59.40998
2019-06-24 01:59:17,59.23998
2019-06-24 02:07:17,59.23998
2019-06-24 02:07:44,58.95999
2019-06-24 02:08:44,58.95999
2019-06-24 02:09:25,59.25999
2019-06-24 02:10:03,58.96999
2019-06-24 02:13:04,58.96999
2019-06-24 02:13:17,58.76998
2019-06-24 02:14:17,58.76998
2019-06-24 02:15:06,58.54999
2019-06-24 02:16:06,58.54999
2019-06-24 02:16:16,58.98
2019-06-24 02:17:16,58.98
2019-06-24 02:17:19,58.65998
2019-06-24 02:17:56,58.93999
2019-06-24 02:18:56,58.93999
2019-06-24 02:19:35,58.75998
2019-06-24 02:21:35,58.75998
2019-06-24 02:22:08,58.06998
2019-06-24 02:24:08,58.06998
2019-06-24 02:24:31,57.69999
2019-06-24 02:26:31,57.69999
2019-06-24 02:26:50,58.11998
2019-06-24 02:27:51,58.11998
2019-06-24 02:28:46,58.58999
2019-06-24 02:29:28,58.22998
2019-06-24 02:30:28,58.22998
2019-06-24 02:31:16,58.37999
2019-06-24 02:32:17,58.37999
2019-06-24 02:32:28,58.74998
2019-06-24 02:33:16,58.96999
2019-06-24 02:34:13,59.29999
2019-06-24 02:35:13,59.29999
2019-06-24 02:36:03,59.70999
2019-06-24 02:36:25,59.37998
2019-06-24 02:37:26,59.37998
2019-06-24 02:37:39,59.65999
2019-06-24 02:38:39,59.65999
2019-06-24 02:38:40,59.36998
2019-06-24 02:40:40,59.36998
2019-06-24 02:41:27,59.01999
2019-06-24 02:42:27,59.01999
2019-06-24 02:42:58,58.69998
2019-06-24 02:44:58,58.69998
2019-06-24 02:45:19,58.14998
2019-06-24 02:46:20,58.14998
2019-06-24 02:46:34,57.63
2019-06-24 02:47:04,57.17999
2019-06-24 02:47:55,56.87998
2019-06-24 02:49:56,56.87998
2019-06-24 02:50:22,57.24998
2019-06-24 02:52:22,57.24998
2019-06-24 02:52:32,57.58998
2019-06-24 02:54:32,57.58998
2019-06-24 02:55:24,58.05998
2019-06-24 02:55:46,57.53998
2019-06-24 02:56:23,58.10999
2019-06-24 02:58:23,58.10999
2019-06-24 02:58:59,58.51999
2019-06-24 02:59:59,58.51999
2019-06-24 03:00:48,59.04999
2019-06-24 03:01:10,58.91999
2019-06-24 03:01:58,59.22999
2019-06-24 03:02:33,59.71999
2019-06-24 03:03:16,59.56
2019-06-24 03:06:17,59.56
2019-06-24 03:06:24,59.73999
2019-06-24 03:10:23,59.73999
2019-06-24 03:10:46,59.55
2019-06-24 03:13:46,59.55
2019-06-24 03:14:02,59.15999
2019-06-24 03:15:03,59.15999
2019-06-24 03:15:57,59.50998
2019-06-24 03:17:57,59.50998
2019-06-24 03:18:08,59.30998
2019-06-24 03:20:08,59.30998
2019-06-24 03:20:59,59.12999
2019-06-24 03:22:00,59.12999
2019-06-24 03:22:07,59.47998
2019-06-24 03:23:07,59.47998
2019-06-24 03:23:23,59.34998
2019-06-24 03:25:24,59.34998
2019-06-24 03:26:01,59.72999
2019-06-24 03:30:02,59.72999
2019-06-24 03:30:15,59.95998
2019-06-24 03:31:16,59.95998
2019-06-24 03:31:18,59.76999
2019-06-24 03:34:18,59.76999
2019-06-24 03:35:17,59.55
2019-06-24 03:39:17,59.65999
2019-06-24 03:39:18,59.55
2019-06-24 03:40:18,59.65999
2019-06-24 03:40:38,60.12998
2019-06-24 03:41:06,59.72999
2019-06-24 03:41:41,59.96999
2019-06-24 03:43:41,59.96999
2019-06-24 03:43:50,59.47998
2019-06-24 03:44:19,59.87999
2019-06-24 03:46:19,59.87999
2019-06-24 03:47:04,59.71999
2019-06-24 03:48:03,59.83999
2019-06-24 03:49:04,59.83999
2019-06-24 03:49:55,60.13998
2019-06-24 03:50:55,60.13998
2019-06-24 03:51:22,60.37999
2019-06-24 03:52:22,60.37999
2019-06-24 03:52:22,60.56998
2019-06-24 03:53:20,60.82999
2019-06-24 03:55:20,60.82999
2019-06-24 03:55:47,61.11999
2019-06-24 03:56:30,60.97999
2019-06-24 03:58:30,60.97999
2019-06-24 03:58:41,61.26998
2019-06-24 03:59:16,60.85999
2019-06-24 04:01:16,60.85999
2019-06-24 04:01:28,61.03999
2019-06-24 04:02:29,61.03999
2019-06-24 04:03:19,60.59998
2019-06-24 04:04:19,60.59998
2019-06-24 04:04:48,60.2
2019-06-24 04:05:48,60.2
2019-06-24 04:06:11,59.99998
2019-06-24 04:08:10,59.99998
2019-06-24 04:09:07,60.11998
2019-06-24 04:10:08,60.11998
2019-06-24 04:10:48,59.81998
2019-06-24 04:11:05,60.20999
2019-06-24 04:12:06,60.20999
2019-06-24 04:12:40,59.85999
2019-06-24 04:13:40,59.85999
2019-06-24 04:14:05,60.18999
2019-06-24 04:14:44,59.83999
2019-06-24 04:15:44,59.83999
2019-06-24 04:16:38,59.96999
2019-06-24 04:18:39,59.96999
2019-06-24 04:18:47,60.00998
2019-06-24 04:19:46,60.00998
2019-06-24 04:20:08,60.23999
2019-06-24 04:21:08,60.23999
2019-06-24 04:21:38,60.13998
2019-06-24 04:22:16,59.89999
2019-06-24 04:26:17,59.89999
2019-06-24 04:26:22,59.11999
2019-06-24 04:27:17,58.47999
2019-06-24 04:28:05,58.98
2019-06-24 04:28:37,59.43998
2019-06-24 04:29:21,59.74999
2019-06-24 04:29:51,59.34998
2019-06-24 04:30:51,59.34998
2019-06-24 04:30:59,59.52
2019-06-24 04:34:59,59.52
2019-06-24 04:35:15,59.07999
2019-06-24 04:36:09,59.49998
2019-06-24 04:37:10,59.49998
2019-06-24 04:37:51,59.99998
2019-06-24 04:38:51,59.99998
2019-06-24 04:38:57,60.48999
2019-06-24 04:39:19,59.90999
2019-06-24 04:39:45,60.38999
2019-06-24 04:40:20,59.99998
2019-06-24 04:40:44,60.50999
2019-06-24 04:41:04,60.14998
2019-06-24 04:42:03,60.75998
2019-06-24 04:42:22,60.35999
2019-06-24 04:44:22,60.35999
2019-06-24 04:45:02,59.96999
2019-06-24 04:46:02,59.96999
2019-06-24 04:46:22,60.27999
2019-06-24 04:46:48,59.79999
2019-06-24 04:47:19,60.13998
2019-06-24 04:50:19,60.13998
2019-06-24 04:50:23,60.08998
2019-06-24 04:53:22,60.08998
2019-06-24 04:53:52,59.85999
2019-06-24 04:54:52,59.85999
2019-06-24 04:55:42,60.10998
2019-06-24 04:56:42,60.10998
2019-06-24 04:57:02,59.90999
2019-06-24 04:57:41,60.49998
2019-06-24 04:58:06,60.23
2019-06-24 04:59:06,60.23
2019-06-24 04:59:22,59.80999
2019-06-24 05:02:23,59.80999
2019-06-24 05:02:59,60.21999
2019-06-24 05:12:00,60.21999
2019-06-24 05:12:55,60.00998
2019-06-24 05:13:54,60.00998
2019-06-24 05:14:34,60.40999
2019-06-24 05:15:03,59.94998
2019-06-24 05:15:56,59.69999
2019-06-24 05:16:55,59.69999
2019-06-24 05:17:08,60.02998
2019-06-24 05:20:08,60.02998
2019-06-24 05:20:47,59.62999
2019-06-24 05:21:31,59.87999
2019-06-24 05:23:32,59.87999
2019-06-24 05:24:31,60.37999
2019-06-24 05:25:31,60.37999
2019-06-24 05:25:54,60.16
2019-06-24 05:26:53,60.35999
2019-06-24 05:28:53,60.35999
2019-06-24 05:29:01,60.06998
2019-06-24 05:29:41,60.56998
2019-06-24 05:30:13,60.03999
2019-06-24 05:30:47,60.63998
2019-06-24 05:31:18,60.17999
2019-06-24 05:32:04,60.50999
2019-06-24 05:33:05,60.50999
2019-06-24 05:33:34,60.16
2019-06-24 05:33:57,60.36999
2019-06-24 05:34:40,60.03999
2019-06-24 05:39:41,60.03999
2019-06-24 05:39:42,59.91998
2019-06-24 05:40:29,60.16
2019-06-24 05:42:28,60.16
2019-06-24 05:42:57,60.47999
2019-06-24 05:43:32,60.30999
2019-06-24 05:44:33,60.30999
2019-06-24 05:45:05,60.00998
2019-06-24 05:45:54,60.25999
2019-06-24 05:46:28,59.84998
2019-06-24 05:47:01,60.21999
2019-06-24 05:47:37,59.85999
2019-06-24 05:48:38,59.85999
2019-06-24 05:48:43,60.16
2019-06-24 05:49:43,60.16
2019-06-24 05:50:05,59.79999
2019-06-24 05:51:05,59.79999
2019-06-24 05:51:06,60.00998
2019-06-24 05:55:05,60.21999
2019-06-24 05:55:05,60.00998
2019-06-24 05:56:06,60.21999
2019-06-24 05:56:45,60.40999
2019-06-24 05:57:45,60.11998
2019-06-24 05:58:44,60.11998
2019-06-24 05:58:46,60.50999
2019-06-24 06:00:46,60.50999
2019-06-24 06:01:16,60.27999
2019-06-24 06:02:14,60.74998
2019-06-24 06:02:49,60.42999
2019-06-24 06:03:49,60.42999
2019-06-24 06:03:52,60.97999
2019-06-24 06:04:10,60.59998
2019-06-24 06:05:02,60.46999
2019-06-24 06:05:56,59.99998
2019-06-24 06:06:56,59.99998
2019-06-24 06:07:05,60.09998
2019-06-24 06:07:46,60.59998
2019-06-24 06:08:46,60.59998
2019-06-24 06:09:01,60.13998
2019-06-24 06:09:28,60.34999
2019-06-24 06:10:28,60.34999
2019-06-24 06:11:23,60.06998
2019-06-24 06:13:24,60.06998
2019-06-24 06:14:10,59.67999
2019-06-24 06:15:02,59.96999
2019-06-24 06:17:02,59.96999
2019-06-24 06:17:11,60.17
2019-06-24 06:18:11,60.17
2019-06-24 06:18:27,59.87999
2019-06-24 06:20:28,59.87999
2019-06-24 06:20:28,59.65999
2019-06-24 06:21:04,59.10999
2019-06-24 06:22:03,59.10999
2019-06-24 06:22:28,58.81998
2019-06-24 06:23:01,58.41999
2019-06-24 06:24:01,58.41999
2019-06-24 06:24:22,58.21998
2019-06-24 06:24:53,58.74998
2019-06-24 06:25:53,58.74998
2019-06-24 06:26:04,58.99999
2019-06-24 06:26:40,59.27998
2019-06-24 06:27:21,59.66999
2019-06-24 06:28:19,60.17
2019-06-24 06:29:01,59.65999
2019-06-24 06:29:23,60.04998
2019-06-24 06:30:23,60.04998
2019-06-24 06:30:43,60.82999
2019-06-24 06:31:01,60.01998
2019-06-24 06:31:19,60.56998
2019-06-24 06:32:04,60.17
2019-06-24 06:32:30,59.71999
2019-06-24 06:33:24,59.52999
2019-06-24 06:36:24,59.52999
2019-06-24 06:36:27,59.23998
2019-06-24 06:37:27,59.23998
2019-06-24 06:38:16,58.68999
2019-06-24 06:39:16,58.68999
2019-06-24 06:39:56,58.19998
2019-06-24 06:40:57,58.19998
2019-06-24 06:41:26,57.47998
2019-06-24 06:41:47,57.87999
2019-06-24 06:42:42,57.63999
2019-06-24 06:45:42,57.63999
2019-06-24 06:46:02,57.88998
2019-06-24 06:50:03,57.88998
2019-06-24 06:50:45,57.64999
2019-06-24 06:51:45,57.64999
2019-06-24 06:52:16,57.35999
2019-06-24 06:54:17,57.35999
2019-06-24 06:54:42,57.43998
2019-06-24 06:55:43,57.43998
2019-06-24 06:55:45,57.39999
2019-06-24 06:56:21,57.00999
2019-06-24 06:56:44,56.55999
2019-06-24 06:57:16,56.20998
2019-06-24 06:57:39,55.84999
2019-06-24 06:58:05,55.35999
2019-06-24 07:00:05,55.35999
2019-06-24 07:00:12,55.78999
2019-06-24 07:00:49,55.19999
2019-06-24 07:02:49,55.19999
2019-06-24 07:03:09,54.95998
2019-06-24 07:04:09,54.59999
2019-06-24 07:04:10,54.95998
2019-06-24 07:04:58,55.01998
2019-06-24 07:05:45,54.80998
2019-06-24 07:06:34,55.17999
2019-06-24 07:07:32,54.58999
2019-06-24 07:08:32,54.58999
2019-06-24 07:09:07,54.83998
2019-06-24 07:09:39,54.45999
2019-06-24 07:10:11,54.61999
2019-06-24 07:10:47,54.98998
2019-06-24 07:11:23,55.39999
2019-06-24 07:11:59,54.86998
2019-06-24 07:12:29,54.55999
2019-06-24 07:13:30,54.55999
2019-06-24 07:13:40,54.00999
2019-06-24 07:14:25,54.45
2019-06-24 07:15:13,54.04999
2019-06-24 07:15:32,54.77998
2019-06-24 07:16:04,54.48999
2019-06-24 07:16:27,54.88998
2019-06-24 07:17:26,54.88998
2019-06-24 07:17:35,55.12999
2019-06-24 07:18:36,55.50999
2019-06-24 07:19:15,55.34999
2019-06-24 07:20:01,55.19999
2019-06-24 07:20:24,54.77998
2019-06-24 07:21:18,55.05
2019-06-24 07:21:54,54.65999
2019-06-24 07:22:54,54.65999
2019-06-24 07:23:32,54.30998
2019-06-24 07:25:32,54.30998
2019-06-24 07:26:04,53.87
2019-06-24 07:27:03,53.87
2019-06-24 07:27:16,53.49998
2019-06-24 07:27:33,53.87999
2019-06-24 07:28:33,53.55998
2019-06-24 07:29:22,53.17999
2019-06-24 07:30:05,52.85999
2019-06-24 07:30:32,52.50999
2019-06-24 07:30:54,51.85
2019-06-24 07:31:54,51.85
2019-06-24 07:31:59,51.36999
2019-06-24 07:33:59,51.36999
2019-06-24 07:34:40,52.06999
2019-06-24 07:36:40,52.06999
2019-06-24 07:36:49,52.57999
2019-06-24 07:37:14,52.06999
2019-06-24 07:37:40,52.58999
2019-06-24 07:38:14,52.43998
2019-06-24 07:39:11,52.62
2019-06-24 07:43:11,52.62
2019-06-24 07:43:32,53.13
2019-06-24 07:43:57,52.60999
2019-06-24 07:44:46,52.86999
2019-06-24 07:45:45,52.86999
2019-06-24 07:46:14,52.50999
2019-06-24 07:46:50,52.96999
2019-06-24 07:47:06,52.29998
2019-06-24 07:47:54,52.55
2019-06-24 07:48:27,52.21999
2019-06-24 07:48:58,52.32999
2019-06-24 07:49:58,52.32999
2019-06-24 07:50:24,52.23998
2019-06-24 07:52:23,52.23998
2019-06-24 07:52:26,51.97999
2019-06-24 07:53:03,52.43998
2019-06-24 07:54:03,52.43998
2019-06-24 07:54:14,52.14999
2019-06-24 07:56:14,52.14999
2019-06-24 07:56:53,52.31998
2019-06-24 07:57:53,52.31998
2019-06-24 07:58:40,52.56999
2019-06-24 07:59:40,52.56999
2019-06-24 07:59:58,52.94998
2019-06-24 08:00:58,52.94998
2019-06-24 08:01:09,53.27999
2019-06-24 08:02:00,53.13999
2019-06-24 08:04:00,53.13999
2019-06-24 08:04:25,52.72999
2019-06-24 08:06:26,52.72999
2019-06-24 08:06:35,52.39998
2019-06-24 08:07:06,52.70999
2019-06-24 08:09:06,52.70999
2019-06-24 08:09:15,52.92999
2019-06-24 08:09:56,52.74998
2019-06-24 08:13:56,52.74998
2019-06-24 08:14:30,52.93999
2019-06-24 08:15:30,52.93999
2019-06-24 08:15:35,52.73999
2019-06-24 08:18:35,52.73999
2019-06-24 08:19:24,52.60999
2019-06-24 08:20:24,52.60999
2019-06-24 08:20:25,53.13999
2019-06-24 08:20:58,52.52999
2019-06-24 08:21:23,53.00998
2019-06-24 08:22:23,53.00998
2019-06-24 08:22:32,53.14999
2019-06-24 08:23:32,53.14999
2019-06-24 08:23:40,53.24999
2019-06-24 08:24:40,53.24999
2019-06-24 08:25:11,53.68998
2019-06-24 08:28:11,53.68998
2019-06-24 08:28:21,53.98999
2019-06-24 08:30:21,53.98999
2019-06-24 08:30:43,53.65998
2019-06-24 08:31:10,54.13998
2019-06-24 08:32:10,54.13998
2019-06-24 08:32:11,54.31998
2019-06-24 08:33:02,54.52999
2019-06-24 08:34:02,54.52999
2019-06-24 08:34:29,54.11999
2019-06-24 08:35:29,54.11999
2019-06-24 08:35:33,54.31998
2019-06-24 08:37:33,54.31998
2019-06-24 08:37:48,54.07999
2019-06-24 08:38:48,54.07999
2019-06-24 08:39:02,53.69998
2019-06-24 08:39:47,53.39999
2019-06-24 08:40:39,52.80999
2019-06-24 08:41:39,52.80999
2019-06-24 08:41:40,52.36998
2019-06-24 08:42:34,52.04999
2019-06-24 08:43:33,52.04999
2019-06-24 08:44:18,51.76998
2019-06-24 08:46:18,51.76998
2019-06-24 08:46:49,52.19999
2019-06-24 08:47:35,52.52
2019-06-24 08:48:35,52.52
2019-06-24 08:49:21,52.86999
2019-06-24 08:53:21,52.86999
2019-06-24 08:53:22,52.36998
2019-06-24 08:54:22,52.36998
2019-06-24 08:54:22,52.76999
2019-06-24 08:54:53,52.55999
2019-06-24 08:55:54,52.55999
2019-06-24 08:55:58,52.67999
2019-06-24 08:59:58,52.67999
2019-06-24 09:00:13,52.93999
2019-06-24 09:01:07,52.33998
2019-06-24 09:01:23,53.26999
2019-06-24 09:02:23,53.26999
2019-06-24 09:02:35,53.71998
2019-06-24 09:03:18,53.33999
2019-06-24 09:04:18,53.33999
2019-06-24 09:04:20,53.61998
2019-06-24 09:06:20,53.61998
2019-06-24 09:06:36,54.10999
2019-06-24 09:07:21,53.74998
2019-06-24 09:07:47,54.30998
2019-06-24 09:08:37,54.09998
2019-06-24 09:09:29,54.76999
2019-06-24 09:10:14,54.46999
2019-06-24 09:11:02,54.67999
2019-06-24 09:13:01,54.67999
2019-06-24 09:13:09,54.16998
2019-06-24 09:13:45,54.57999
2019-06-24 09:14:45,54.57999
2019-06-24 09:15:21,54.09998
2019-06-24 09:15:55,54.42
2019-06-24 09:16:52,53.93999
2019-06-24 09:17:31,54.10999
2019-06-24 09:18:07,53.77
2019-06-24 09:19:07,53.77
2019-06-24 09:19:32,53.47999
2019-06-24 09:20:14,52.72999
2019-06-24 09:21:14,52.72999
2019-06-24 09:21:28,52.06999
2019-06-24 09:21:52,52.44998
2019-06-24 09:22:35,52.10999
2019-06-24 09:24:35,52.10999
2019-06-24 09:25:14,52.53999
2019-06-24 09:26:12,53.03998
2019-06-24 09:26:36,53.52998
2019-06-24 09:28:36,53.52998
2019-06-24 09:28:49,53.99999
2019-06-24 09:29:45,53.45998
2019-06-24 09:30:07,53.98999
2019-06-24 09:31:07,53.98999
2019-06-24 09:31:23,53.84999
2019-06-24 09:33:23,53.84999
2019-06-24 09:33:37,53.99999
2019-06-24 09:34:37,53.99999
2019-06-24 09:34:48,54.23998
2019-06-24 09:36:48,54.23998
2019-06-24 09:37:14,54.55999
2019-06-24 09:38:12,54.45
2019-06-24 09:39:12,54.45
2019-06-24 09:40:03,54.03999
2019-06-24 09:40:38,54.53999
2019-06-24 09:41:38,54.53999
2019-06-24 09:42:00,54.55999
2019-06-24 09:42:41,54.83998
2019-06-24 09:43:41,54.83998
2019-06-24 09:43:50,54.39999
2019-06-24 09:46:49,54.39999
2019-06-24 09:46:54,54.06998
2019-06-24 09:48:54,54.06998
2019-06-24 09:49:06,53.8
2019-06-24 09:49:59,54.09998
2019-06-24 09:50:52,53.92999
2019-06-24 09:51:52,53.92999
2019-06-24 09:51:54,54.26998
2019-06-24 09:52:25,53.84
2019-06-24 09:53:25,53.84
2019-06-24 09:54:03,54.01999
2019-06-24 09:55:02,54.01999
2019-06-24 09:55:07,53.77
2019-06-24 09:55:33,53.33999
2019-06-24 09:56:24,53.62998
2019-06-24 09:57:01,53.31999
2019-06-24 09:57:43,53.77
2019-06-24 09:58:27,53.44999
2019-06-24 09:59:26,53.44999
2019-06-24 10:00:22,53.73998
2019-06-24 10:03:22,53.73998
2019-06-24 10:03:50,53.49998
2019-06-24 10:04:50,53.49998
2019-06-24 10:05:35,53.63998
2019-06-24 10:06:17,53.45998
2019-06-24 10:07:12,53.62998
2019-06-24 10:08:00,53.26999
2019-06-24 10:09:00,53.26999
2019-06-24 10:09:30,53.29999
2019-06-24 10:09:50,53.69998
2019-06-24 10:10:15,53.44999
2019-06-24 10:11:15,53.44999
2019-06-24 10:11:43,54.03999
2019-06-24 10:12:04,53.30999
2019-06-24 10:12:23,53.63998
2019-06-24 10:13:22,53.63998
2019-06-24 10:13:44,53.34999
2019-06-24 10:14:45,53.34999
2019-06-24 10:15:18,53.68998
2019-06-24 10:17:18,53.68998
2019-06-24 10:17:54,53.34999
2019-06-24 10:18:31,53.77999
2019-06-24 10:18:54,53.19999
2019-06-24 10:19:40,53.46999
2019-06-24 10:20:40,53.46999
2019-06-24 10:21:27,53.84
2019-06-24 10:22:27,53.84
2019-06-24 10:23:00,53.61998
2019-06-24 10:23:52,53.33999
2019-06-24 10:24:31,53.70998
2019-06-24 10:25:00,53.27999
2019-06-24 10:25:59,53.27999
2019-06-24 10:26:15,53.69998
2019-06-24 10:33:14,53.69998
2019-06-24 10:33:52,53.36999
2019-06-24 10:34:52,53.36999
2019-06-24 10:35:14,53.05998
2019-06-24 10:36:15,53.05998
2019-06-24 10:36:47,53.43999
2019-06-24 10:37:24,52.93999
2019-06-24 10:37:47,53.61998
2019-06-24 10:38:08,53.47999
2019-06-24 10:40:08,53.47999
2019-06-24 10:40:32,53.93999
2019-06-24 10:41:32,53.93999
2019-06-24 10:41:47,53.64998
2019-06-24 10:42:42,53.82999
2019-06-24 10:45:41,53.82999
2019-06-24 10:46:32,54.57999
2019-06-24 10:47:32,54.57999
2019-06-24 10:47:37,54.97998
2019-06-24 10:49:36,54.97998
2019-06-24 10:50:28,54.90998
2019-06-24 10:52:29,54.90998
2019-06-24 10:52:32,55.12999
2019-06-24 10:55:32,55.12999
2019-06-24 10:55:45,55.64998
2019-06-24 10:56:07,55.22999
2019-06-24 10:57:07,55.22999
2019-06-24 10:58:05,55.06999
2019-06-24 10:59:06,55.06999
2019-06-24 11:00:00,54.59999
2019-06-24 11:00:59,54.59999
2019-06-24 11:01:54,54.87998
2019-06-24 11:03:54,54.87998
2019-06-24 11:04:18,54.55999
2019-06-24 11:05:18,54.55999
2019-06-24 11:06:14,54.29998
2019-06-24 11:07:13,54.29998
2019-06-24 11:08:02,54.43999
2019-06-24 11:09:02,53.81999
2019-06-24 11:09:21,54.49999
2019-06-24 11:12:22,54.49999
2019-06-24 11:12:55,55.06
2019-06-24 11:13:16,54.39999
2019-06-24 11:13:52,54.85999
2019-06-24 11:14:17,54.70998
2019-06-24 11:14:59,54.54999
2019-06-24 11:16:00,54.54999
2019-06-24 11:16:43,54.39999
2019-06-24 11:17:24,54.87998
2019-06-24 11:18:23,54.87998
2019-06-24 11:18:56,54.54999
2019-06-24 11:19:35,54.66999
2019-06-24 11:20:33,54.98998
2019-06-24 11:23:33,54.98998
2019-06-24 11:23:46,54.80998
2019-06-24 11:24:22,54.55999
2019-06-24 11:25:21,54.55999
2019-06-24 11:25:44,54.37998
2019-06-24 11:26:08,53.84999
2019-06-24 11:27:08,53.84999
2019-06-24 11:27:15,53.55998
2019-06-24 11:28:15,53.55998
2019-06-24 11:28:17,53.16999
2019-06-24 11:29:17,53.16999
2019-06-24 11:29:28,52.97998
2019-06-24 11:32:29,52.97998
2019-06-24 11:32:42,53.44999
2019-06-24 11:34:43,53.44999
2019-06-24 11:34:50,53.8
2019-06-24 11:36:50,53.8
2019-06-24 11:37:08,53.48998
2019-06-24 11:38:01,52.78999
2019-06-24 11:39:00,52.78999
2019-06-24 11:39:02,52.10999
2019-06-24 11:41:01,52.10999
2019-06-24 11:41:13,51.61999
2019-06-24 11:41:46,51.82998
2019-06-24 11:42:46,51.82998
2019-06-24 11:43:10,51.55999
2019-06-24 11:44:10,51.55999
2019-06-24 11:44:21,52.25999
2019-06-24 11:45:00,51.98999
2019-06-24 11:45:37,52.65999
2019-06-24 11:46:07,52.49999
2019-06-24 11:47:06,52.49999
2019-06-24 11:47:42,52.65999
2019-06-24 11:48:41,52.65999
2019-06-24 11:48:49,52.96999
2019-06-24 11:49:49,52.96999
2019-06-24 11:50:37,53.04998
2019-06-24 11:51:34,53.49998
2019-06-24 11:52:13,52.93999
2019-06-24 11:52:37,53.26999
2019-06-24 11:54:37,53.26999
2019-06-24 11:54:46,52.83999
2019-06-24 11:55:23,53.13
2019-06-24 11:56:24,53.13
2019-06-24 11:57:15,52.76999
2019-06-24 11:58:14,52.76999
2019-06-24 11:58:45,52.81998
2019-06-24 11:59:46,52.81998
2019-06-24 12:00:17,53.21999
2019-06-24 12:00:44,52.96999
2019-06-24 12:01:32,52.65999
2019-06-24 12:02:22,52.83999
2019-06-24 12:06:23,52.83999
2019-06-24 12:06:40,52.31998
2019-06-24 12:08:41,52.31998
2019-06-24 12:08:43,52.11999
2019-06-24 12:09:10,51.71999
2019-06-24 12:11:11,51.71999
2019-06-24 12:11:25,52.03999
2019-06-24 12:12:24,52.03999
2019-06-24 12:12:42,52.25999
2019-06-24 12:13:34,52.70999
2019-06-24 12:14:00,52.13998
2019-06-24 12:14:28,52.40998
2019-06-24 12:17:28,52.40998
2019-06-24 12:18:03,52.28999
2019-06-24 12:19:04,52.28999
2019-06-24 12:19:09,51.67999
2019-06-24 12:19:34,52.22999
2019-06-24 12:20:33,52.22999
2019-06-24 12:20:50,52.06999
2019-06-24 12:21:46,51.58999
2019-06-24 12:22:36,51.10998
2019-06-24 12:23:35,50.42999
2019-06-24 12:23:58,50.85999
2019-06-24 12:24:35,50.62999
2019-06-24 12:25:20,50.36999
2019-06-24 12:26:20,50.36999
2019-06-24 12:27:11,49.95
2019-06-24 12:29:10,49.95
2019-06-24 12:29:18,49.44999
2019-06-24 12:29:42,50.03999
2019-06-24 12:30:21,50.63999
2019-06-24 12:30:46,50.26999
2019-06-24 12:31:14,50.77999
2019-06-24 12:32:14,50.77999
2019-06-24 12:32:23,51.12998
2019-06-24 12:33:24,51.12998
2019-06-24 12:33:33,50.78999
2019-06-24 12:33:54,51.27999
2019-06-24 12:35:54,51.27999
2019-06-24 12:36:10,51.09998
2019-06-24 12:37:09,51.09998
2019-06-24 12:37:34,51.28999
2019-06-24 12:38:33,51.28999
2019-06-24 12:38:40,50.97999
2019-06-24 12:40:41,50.97999
2019-06-24 12:41:32,50.74999
2019-06-24 12:42:29,50.71999
2019-06-24 12:42:57,50.39999
2019-06-24 12:43:57,50.39999
2019-06-24 12:44:12,50.07999
2019-06-24 12:45:00,49.52999
2019-06-24 12:46:00,49.52999
2019-06-24 12:46:18,48.94999
2019-06-24 12:47:08,48.21999
2019-06-24 12:47:42,47.42999
2019-06-24 12:48:31,46.87
2019-06-24 12:49:15,46.24999
2019-06-24 12:49:50,45.69999
2019-06-24 12:50:41,44.8
2019-06-24 12:51:09,45.03999
2019-06-24 12:51:39,44.58998
2019-06-24 12:52:37,44.87
2019-06-24 12:53:37,44.87
2019-06-24 12:53:56,45.16998
2019-06-24 12:54:55,45.16998
2019-06-24 12:55:05,44.91
2019-06-24 12:57:05,44.91
2019-06-24 12:57:27,44.45999
2019-06-24 12:58:13,43.86999
2019-06-24 12:59:02,43.53999
2019-06-24 12:59:55,42.61999
2019-06-24 13:00:54,42.61999
2019-06-24 13:01:01,41.87999
2019-06-24 13:01:50,41.22999
2019-06-24 13:02:50,41.22999
2019-06-24 13:03:14,40.92999
2019-06-24 13:03:39,40.64999
2019-06-24 13:04:03,40.17999
2019-06-24 13:04:31,39.45999
2019-06-24 13:05:30,39.45999
2019-06-24 13:05:41,39.09
2019-06-24 13:06:41,39.09
2019-06-24 13:07:01,38.78999
2019-06-24 13:08:01,38.78999
2019-06-24 13:08:03,38.59999
2019-06-24 13:08:35,38.94999
2019-06-24 13:09:17,39.41
2019-06-24 13:10:17,39.41
2019-06-24 13:10:45,39.25999
2019-06-24 13:11:44,39.25999
2019-06-24 13:12:08,39.82999
2019-06-24 13:12:29,39.30999
2019-06-24 13:12:50,39.90999
2019-06-24 13:14:50,39.90999
2019-06-24 13:15:11,40.51999
2019-06-24 13:16:11,40.51999
2019-06-24 13:16:20,40.96999
2019-06-24 13:17:01,41.30999
2019-06-24 13:17:53,41.64999
2019-06-24 13:18:31,42.24999
2019-06-24 13:19:21,42.02998
2019-06-24 13:21:21,42.02998
2019-06-24 13:21:50,41.87999
2019-06-24 13:22:50,41.87999
2019-06-24 13:23:19,44.25999
2019-06-24 13:23:20,56.29998
2019-06-24 13:23:21,58.40999
2019-06-24 13:23:23,53.07998
2019-06-24 13:23:24,48.55998
2019-06-24 13:23:25,46.01998
2019-06-24 13:23:27,43.41998
2019-06-24 13:23:29,41.34998
2019-06-24 13:23:33,36.00999
2019-06-24 13:23:34,32.85999
2019-06-24 13:23:35,22.16999
2019-06-24 13:23:36,17.02
2019-06-24 13:23:37,8.819998
2019-06-24 13:23:38,4.249999
2019-06-24 13:23:40,2.21
2019-06-24 13:23:43,0.2
2019-06-24 13:23:57,-0.47
2019-06-24 13:30:56,-0.47
2019-06-24 13:31:25,-0.43
2019-06-24 13:32:25,-0.43
2019-06-24 13:32:52,0.17
2019-06-24 13:33:34,1.96
2019-06-24 13:33:40,3.979999
2019-06-24 13:33:49,6.079999
2019-06-24 13:33:51,8.119997
2019-06-24 13:33:53,10.18
2019-06-24 13:34:07,12.31
2019-06-24 13:34:13,14.55
2019-06-24 13:34:16,17.05999
2019-06-24 13:34:31,19.07
2019-06-24 13:34:46,20.11
2019-06-24 13:34:50,22.43
2019-06-24 13:35:02,25.0
2019-06-24 13:35:14,26.20999
2019-06-24 13:35:22,28.23999
2019-06-24 13:35:43,29.41999
2019-06-24 13:35:49,31.46999
2019-06-24 13:36:10,33.46999
2019-06-24 13:36:16,35.53
2019-06-24 13:36:27,36.37999
2019-06-24 13:36:29,34.34999
2019-06-24 13:36:33,36.36999
2019-06-24 13:36:45,37.99999
2019-06-24 13:37:01,40.52999
2019-06-24 13:37:18,41.71999
2019-06-24 13:37:28,43.74999
2019-06-24 13:37:48,44.96999
2019-06-24 13:38:00,47.38
2019-06-24 13:38:17,47.85999
2019-06-24 13:38:23,49.78999
2019-06-24 13:38:30,47.94998
2019-06-24 13:38:38,49.82998
2019-06-24 13:39:11,51.84
2019-06-24 13:39:28,51.49998
2019-06-24 13:39:37,52.64999
2019-06-24 13:40:05,53.69998
2019-06-24 13:40:32,54.48
2019-06-24 13:41:03,53.94999
2019-06-24 13:41:34,54.48
2019-06-24 13:42:24,55.82999
2019-06-24 13:42:42,55.26999
2019-06-24 13:43:04,56.43999
2019-06-24 13:43:21,54.95998
2019-06-24 13:43:25,52.88998
2019-06-24 13:43:37,53.81
2019-06-24 13:44:03,54.92999
2019-06-24 13:44:27,56.21998
2019-06-24 13:45:10,55.59998
2019-06-24 13:45:25,56.12998
2019-06-24 13:45:59,54.68999
2019-06-24 13:46:10,55.68999
2019-06-24 13:46:35,56.51999
2019-06-24 13:47:35,56.51999
2019-06-24 13:47:52,56.00999
2019-06-24 13:48:17,54.72999
2019-06-24 13:48:29,56.16998
2019-06-24 13:49:29,56.16998
2019-06-24 13:50:21,54.08999
2019-06-24 13:50:33,55.76999
2019-06-24 13:51:08,56.16998
2019-06-24 13:51:41,55.17999
2019-06-24 13:51:45,57.24998
2019-06-24 13:52:00,56.77998
2019-06-24 13:52:26,55.35999
2019-06-24 13:52:47,54.67999
2019-06-24 13:53:29,55.56998
2019-06-24 13:53:46,54.52999
2019-06-24 13:54:00,56.61999
2019-06-24 13:54:09,55.38998
2019-06-24 13:54:27,56.02998
2019-06-24 13:54:48,54.01999
2019-06-24 13:55:08,54.70998
2019-06-24 13:55:37,56.34999
2019-06-24 13:55:48,54.31998
2019-06-24 13:56:02,56.39999
2019-06-24 13:56:05,54.32998
2019-06-24 13:56:13,53.34999
2019-06-24 13:56:19,55.43999
2019-06-24 13:56:37,53.95999
2019-06-24 13:57:08,51.92999
2019-06-24 13:57:14,53.94999
2019-06-24 13:57:45,51.65998
2019-06-24 13:58:02,53.67998
2019-06-24 13:58:07,51.63998
2019-06-24 13:58:18,53.44999
2019-06-24 13:58:25,51.37999
2019-06-24 13:59:08,53.67998
2019-06-24 13:59:24,52.32999
2019-06-24 13:59:33,50.24998
2019-06-24 13:59:45,52.27998
2019-06-24 13:59:55,49.96999
2019-06-24 14:00:03,52.46998
2019-06-24 14:00:06,50.36999
2019-06-24 14:00:17,49.32999
2019-06-24 14:00:33,47.31998
2019-06-24 14:00:37,49.40999
2019-06-24 14:00:40,47.38999
2019-06-24 14:00:45,49.72998
2019-06-24 14:00:50,47.70998
2019-06-24 14:00:57,49.77998
2019-06-24 14:01:06,47.73998
2019-06-24 14:01:16,49.07999
2019-06-24 14:01:20,46.83999
2019-06-24 14:01:33,45.05999
2019-06-24 14:01:53,47.05999
2019-06-24 14:01:55,44.89999
2019-06-24 14:01:57,42.89999
2019-06-24 14:02:05,44.11998
2019-06-24 14:02:13,45.84998
2019-06-24 14:02:30,43.78999
2019-06-24 14:02:47,45.81998
2019-06-24 14:02:59,43.80999
2019-06-24 14:03:06,41.54998
2019-06-24 14:03:07,39.43999
2019-06-24 14:03:13,41.95998
2019-06-24 14:03:14,44.00999
2019-06-24 14:03:22,46.06998
2019-06-24 14:03:25,41.63
2019-06-24 14:03:27,39.61999
2019-06-24 14:03:29,37.52
2019-06-24 14:03:35,39.87999
2019-06-24 14:03:41,41.91999
2019-06-24 14:03:48,39.90999
2019-06-24 14:03:58,37.87999
2019-06-24 14:04:04,39.90999
2019-06-24 14:04:06,41.94999
2019-06-24 14:04:09,39.58999
2019-06-24 14:04:17,41.66999
2019-06-24 14:04:22,39.34999
2019-06-24 14:04:33,41.37998
2019-06-24 14:04:38,39.29999
2019-06-24 14:04:44,37.18999
2019-06-24 14:04:51,39.26999
2019-06-24 14:04:57,41.45998
2019-06-24 14:05:05,43.47998
2019-06-24 14:05:13,45.55
2019-06-24 14:05:15,47.65999
2019-06-24 14:05:19,45.50999
2019-06-24 14:05:20,40.37
2019-06-24 14:05:21,37.93999
2019-06-24 14:05:22,35.46999
2019-06-24 14:05:24,33.44999
2019-06-24 14:05:27,35.62
2019-06-24 14:05:27,37.72999
2019-06-24 14:05:38,39.8
2019-06-24 14:05:40,37.73999
2019-06-24 14:05:41,35.3
2019-06-24 14:05:49,37.59999
2019-06-24 14:05:53,40.14999
2019-06-24 14:05:56,37.92999
2019-06-24 14:05:58,35.85
2019-06-24 14:06:00,33.74999
2019-06-24 14:06:10,35.37999
2019-06-24 14:06:15,33.34999
2019-06-24 14:06:17,31.30999
2019-06-24 14:06:20,33.55999
2019-06-24 14:06:22,31.54999
2019-06-24 14:06:28,33.57999
2019-06-24 14:06:35,31.75999
2019-06-24 14:06:43,32.45999
2019-06-24 14:07:10,34.11999
2019-06-24 14:07:29,32.77999
2019-06-24 14:07:46,34.81999
2019-06-24 14:07:47,37.31999
2019-06-24 14:07:49,42.31999
2019-06-24 14:07:51,47.44999
2019-06-24 14:07:51,49.66998
2019-06-24 14:07:52,52.06999
2019-06-24 14:07:54,46.88999
2019-06-24 14:07:55,43.80999
2019-06-24 14:07:56,41.79999
2019-06-24 14:07:57,39.41
2019-06-24 14:07:58,36.91999
2019-06-24 14:07:59,34.49999
2019-06-24 14:08:02,32.49999
2019-06-24 14:08:06,30.48
2019-06-24 14:08:13,32.56999
2019-06-24 14:08:14,34.80999
2019-06-24 14:08:15,36.85999
2019-06-24 14:08:17,34.37999
2019-06-24 14:08:18,32.30999
2019-06-24 14:08:21,29.90999
2019-06-24 14:08:27,32.29999
2019-06-24 14:08:33,34.31999
2019-06-24 14:08:35,32.28999
2019-06-24 14:08:43,37.34999
2019-06-24 14:08:44,40.25999
2019-06-24 14:08:45,45.18999
2019-06-24 14:08:47,50.17999
2019-06-24 14:08:48,52.21999
2019-06-24 14:08:49,49.73998
2019-06-24 14:08:50,45.31998
2019-06-24 14:08:51,40.67999
2019-06-24 14:08:52,35.82999
2019-06-24 14:08:58,38.05999
2019-06-24 14:09:00,40.51999
2019-06-24 14:09:04,38.1
2019-06-24 14:09:06,35.65999
2019-06-24 14:09:08,33.6
2019-06-24 14:09:15,38.32999
2019-06-24 14:09:16,40.87999
2019-06-24 14:09:20,33.43999
2019-06-24 14:09:21,31.38
2019-06-24 14:09:24,29.26999
2019-06-24 14:09:29,31.30999
2019-06-24 14:09:31,33.74999
2019-06-24 14:09:36,31.54999
2019-06-24 14:09:37,29.50999
2019-06-24 14:09:39,27.50999
2019-06-24 14:09:43,29.50999
2019-06-24 14:09:44,31.80999
2019-06-24 14:09:48,33.95
2019-06-24 14:09:49,36.52
2019-06-24 14:09:52,38.75999
2019-06-24 14:10:01,39.57999
2019-06-24 14:10:04,41.86999
2019-06-24 14:10:06,44.40999
2019-06-24 14:10:07,46.42999
2019-06-24 14:10:10,50.56
2019-06-24 14:10:13,52.58999
2019-06-24 14:10:19,47.90998
2019-06-24 14:10:20,41.67999
2019-06-24 14:10:23,37.27999
2019-06-24 14:10:25,35.21999
2019-06-24 14:10:36,37.84999
2019-06-24 14:10:37,39.85999
2019-06-24 14:10:41,37.49999
2019-06-24 14:10:44,35.31999
2019-06-24 14:10:52,37.8
2019-06-24 14:10:54,40.16999
2019-06-24 14:10:55,42.64999
2019-06-24 14:11:03,45.09999
2019-06-24 14:11:04,47.12998
2019-06-24 14:11:09,49.39999
2019-06-24 14:11:23,51.39999
2019-06-24 14:11:25,45.97998
2019-06-24 14:11:26,43.12999
2019-06-24 14:11:27,40.24999
2019-06-24 14:11:34,42.27999
2019-06-24 14:11:39,44.36999
2019-06-24 14:11:43,46.45998
2019-06-24 14:11:44,48.48998
2019-06-24 14:11:49,46.46999
2019-06-24 14:11:54,48.47998
2019-06-24 14:11:58,46.20999
2019-06-24 14:12:00,41.77999
2019-06-24 14:12:07,43.77999
2019-06-24 14:12:15,46.21999
2019-06-24 14:12:18,48.24999
2019-06-24 14:12:26,46.04998
2019-06-24 14:12:36,48.16999
2019-06-24 14:12:41,46.16
2019-06-24 14:12:46,48.56998
2019-06-24 14:12:51,50.73999
2019-06-24 14:13:16,49.14999
2019-06-24 14:13:25,50.77999
2019-06-24 14:14:14,50.44998
2019-06-24 14:14:22,48.12999
2019-06-24 14:14:27,50.18999
2019-06-24 14:14:32,48.14999
2019-06-24 14:14:36,50.26999
2019-06-24 14:15:17,49.04999
2019-06-24 14:15:24,50.45998
2019-06-24 14:15:34,49.68999
2019-06-24 14:15:49,47.55999
2019-06-24 14:15:57,45.79999
2019-06-24 14:15:58,43.71999
2019-06-24 14:15:59,41.30999
2019-06-24 14:16:03,43.41998
2019-06-24 14:16:05,45.48999
2019-06-24 14:16:10,47.48999
2019-06-24 14:16:15,49.50999
2019-06-24 14:16:32,46.95999
2019-06-24 14:16:43,45.55
2019-06-24 14:16:46,47.63999
2019-06-24 14:16:56,49.64999
2019-06-24 14:17:12,48.62998
2019-06-24 14:17:24,48.98999
2019-06-24 14:17:56,47.59999
2019-06-24 14:18:10,48.68999
2019-06-24 14:18:21,48.45998
2019-06-24 14:18:40,50.59
2019-06-24 14:18:45,52.60999
2019-06-24 14:19:03,50.60999
2019-06-24 14:19:05,48.56998
2019-06-24 14:19:14,50.60999
2019-06-24 14:19:27,52.44998
2019-06-24 14:19:33,50.77999
2019-06-24 14:19:36,48.74999
2019-06-24 14:19:39,46.60999
2019-06-24 14:19:39,44.50999
2019-06-24 14:19:41,42.47999
2019-06-24 14:19:45,40.38999
2019-06-24 14:19:49,35.76999
2019-06-24 14:19:49,33.09999
2019-06-24 14:19:53,30.61999
2019-06-24 14:19:54,33.13999
2019-06-24 14:19:56,37.61999
2019-06-24 14:20:00,40.02
2019-06-24 14:20:01,42.49999
2019-06-24 14:20:03,44.54999
2019-06-24 14:20:07,46.68998
2019-06-24 14:20:10,48.79999
2019-06-24 14:20:25,49.38999
2019-06-24 14:20:34,47.38999
2019-06-24 14:20:51,49.03999
2019-06-24 14:21:11,47.49999
2019-06-24 14:21:23,48.55998
2019-06-24 14:21:39,47.44999
2019-06-24 14:21:57,46.87999
2019-06-24 14:22:11,47.31998
2019-06-24 14:22:33,46.16
2019-06-24 14:23:20,44.72998
2019-06-24 14:24:20,44.72998
2019-06-24 14:24:53,43.80999
2019-06-24 14:25:52,43.80999
2019-06-24 14:26:02,42.42999
2019-06-24 14:26:28,43.41998
2019-06-24 14:26:44,42.83998
2019-06-24 14:27:02,41.90999
2019-06-24 14:27:13,42.78998
2019-06-24 14:28:04,42.24
2019-06-24 14:28:19,42.61999
2019-06-24 14:28:33,41.92999
2019-06-24 14:29:10,41.05
2019-06-24 14:29:43,39.39999
2019-06-24 14:29:57,40.62999
2019-06-24 14:30:22,40.06999
2019-06-24 14:31:08,38.75999
2019-06-24 14:31:27,39.42999
2019-06-24 14:31:56,41.12
2019-06-24 14:32:06,39.13999
2019-06-24 14:32:18,40.24999
2019-06-24 14:32:43,39.38999
2019-06-24 14:33:00,38.34999
2019-06-24 14:33:09,36.98999
2019-06-24 14:33:45,38.98999
2019-06-24 14:33:47,34.37
2019-06-24 14:33:48,28.34999
2019-06-24 14:33:49,26.26
2019-06-24 14:33:51,19.9
2019-06-24 14:33:52,15.27
2019-06-24 14:33:53,17.3
2019-06-24 14:33:54,14.7
2019-06-24 14:33:55,11.66999
2019-06-24 14:33:57,19.30999
2019-06-24 14:33:58,21.74999
2019-06-24 14:33:59,23.97999
2019-06-24 14:34:01,28.74999
2019-06-24 14:34:02,30.82
2019-06-24 14:34:04,32.89999
2019-06-24 14:34:21,32.07999
2019-06-24 14:34:27,22.92999
2019-06-24 14:34:28,15.87
2019-06-24 14:34:29,8.819998
2019-06-24 14:34:31,4.249999
2019-06-24 14:34:32,2.18
2019-06-24 14:34:36,5.44
2019-06-24 14:34:37,11.38
2019-06-24 14:34:39,21.90999
2019-06-24 14:34:41,26.71
2019-06-24 14:34:42,29.13
2019-06-24 14:34:44,31.19999
2019-06-24 14:35:02,32.00999
2019-06-24 14:35:35,25.45999
2019-06-24 14:35:36,16.16
2019-06-24 14:35:37,10.71
2019-06-24 14:35:39,3.69
2019-06-24 14:35:41,1.66
2019-06-24 14:35:47,11.16
2019-06-24 14:35:47,16.01
2019-06-24 14:35:48,19.07
2019-06-24 14:35:50,21.42999
2019-06-24 14:35:51,23.89999
2019-06-24 14:35:52,26.32999
2019-06-24 14:35:54,28.36999
2019-06-24 14:36:02,29.58999
2019-06-24 14:36:16,23.21999
2019-06-24 14:36:17,14.21
2019-06-24 14:36:18,8.879999
2019-06-24 14:36:19,6.689998
2019-06-24 14:36:20,4.269999
2019-06-24 14:36:21,2.22
2019-06-24 14:36:24,0.17
2019-06-24 14:36:29,9.879997
2019-06-24 14:36:29,14.52
2019-06-24 14:36:30,19.09
2019-06-24 14:36:31,22.19999
2019-06-24 14:36:32,24.57999
2019-06-24 14:36:34,26.66
2019-06-24 14:36:35,24.57999
2019-06-24 14:36:36,21.91999
2019-06-24 14:36:39,24.01
2019-06-24 14:36:42,26.02999
2019-06-24 14:36:43,23.84999
2019-06-24 14:36:45,13.33
2019-06-24 14:36:45,8.619997
2019-06-24 14:36:46,6.029999
2019-06-24 14:36:47,3.579999
2019-06-24 14:36:49,1.48
2019-06-24 14:36:55,-0.1
2019-06-24 14:37:03,5.499998
2019-06-24 14:37:04,10.09
2019-06-24 14:37:05,12.11
2019-06-24 14:37:06,6.619998
2019-06-24 14:37:07,4.209999
2019-06-24 14:37:09,1.61
2019-06-24 14:37:15,-0.31
2019-06-24 14:37:29,0.6999999
2019-06-24 14:37:39,-0.38
2019-06-24 14:37:47,2.07
2019-06-24 14:37:55,7.079998
2019-06-24 14:37:57,13.18
2019-06-24 14:37:57,15.62
2019-06-24 14:37:58,18.05999
2019-06-24 14:38:00,20.09
2019-06-24 14:38:03,18.00999
2019-06-24 14:38:06,15.7
2019-06-24 14:38:10,18.14
2019-06-24 14:38:12,20.64999
2019-06-24 14:38:21,23.05
2019-06-24 14:38:29,18.16999
2019-06-24 14:38:38,20.64999
2019-06-24 14:38:41,22.73
2019-06-24 14:38:47,20.37
2019-06-24 14:38:47,17.73
2019-06-24 14:38:48,15.52
2019-06-24 14:38:50,17.76
2019-06-24 14:38:52,19.78999
2019-06-24 14:38:53,21.81
2019-06-24 14:38:59,19.57
2019-06-24 14:39:00,14.91
2019-06-24 14:39:02,16.98
2019-06-24 14:39:04,19.23
2019-06-24 14:39:10,21.37999
2019-06-24 14:39:13,23.39
2019-06-24 14:39:31,22.23
2019-06-24 14:40:09,20.84999
2019-06-24 14:40:32,21.16
2019-06-24 14:40:52,19.04
2019-06-24 14:41:23,18.08
2019-06-24 14:41:42,16.60999
2019-06-24 14:42:00,17.87999
2019-06-24 14:42:10,15.86
2019-06-24 14:42:23,15.21
2019-06-24 14:42:30,16.46999
2019-06-24 14:42:44,15.13
2019-06-24 14:43:27,14.42
2019-06-24 14:43:41,19.71
2019-06-24 14:43:41,22.04999
2019-06-24 14:43:43,20.0
2019-06-24 14:43:43,14.23
2019-06-24 14:43:44,9.879997
2019-06-24 14:43:45,7.419998
2019-06-24 14:43:46,4.899999
2019-06-24 14:43:47,2.349999
2019-06-24 14:43:50,0.32
2019-06-24 14:44:06,-0.29
2019-06-24 14:44:16,4.409999
2019-06-24 14:44:17,6.709997
2019-06-24 14:44:18,9.079998
2019-06-24 14:44:20,11.08
2019-06-24 14:44:21,8.509998
2019-06-24 14:44:24,10.55
2019-06-24 14:44:32,12.12
2019-06-24 14:44:50,10.85999
2019-06-24 14:45:00,10.09
2019-06-24 14:45:05,8.039997
2019-06-24 14:45:24,9.549997
2019-06-24 14:45:36,7.709999
2019-06-24 14:46:07,6.539998
2019-06-24 14:46:20,4.819999
2019-06-24 14:46:52,4.369999
2019-06-24 14:47:02,2.309999
2019-06-24 14:47:21,2.829999
2019-06-24 14:47:37,1.44
2019-06-24 14:47:42,3.469999
2019-06-24 14:47:48,1.41
2019-06-24 14:48:07,0.42
2019-06-24 14:50:07,0.42
2019-06-24 14:51:07,0.32
2019-06-24 14:53:06,0.32
2019-06-24 14:53:54,3.21
2019-06-24 14:53:54,6.049998
2019-06-24 14:53:57,3.569999
2019-06-24 14:54:00,1.56
2019-06-24 14:54:08,0.33
2019-06-24 14:56:08,0.33
2019-06-24 14:56:34,0.22
2019-06-24 14:58:34,0.22
2019-06-24 14:58:38,-0.15
2019-06-24 14:59:37,-0.15
2019-06-24 15:00:00,-0.4
2019-06-24 15:08:00,-0.4
2019-06-24 15:08:55,-0.43
2019-06-24 15:14:54,-0.43
2019-06-24 15:15:24,-0.4
2019-06-24 15:17:24,-0.4
2019-06-24 15:18:08,1.76
2019-06-24 15:18:10,3.77
2019-06-24 15:18:11,6.179999
2019-06-24 15:18:16,8.009998
2019-06-24 15:18:21,5.909998
2019-06-24 15:18:36,3.889999
2019-06-24 15:19:18,1.81
2019-06-24 15:19:43,1.25
2019-06-24 15:19:54,2.07
2019-06-24 15:20:12,0.54
2019-06-24 15:21:11,0.54
2019-06-24 15:21:37,0.32
2019-06-24 15:26:37,0.32
2019-06-24 15:26:45,-0.22
2019-06-24 15:27:37,0.22
2019-06-24 15:28:36,0.22
2019-06-24 15:28:40,-0.18
2019-06-24 15:29:39,-0.18
2019-06-24 15:29:49,-0.25
2019-06-24 15:30:49,-0.25
2019-06-24 15:31:11,-0.42
2019-06-24 15:31:38,0.34
2019-06-24 15:33:37,0.34
2019-06-24 15:33:52,-0.09
2019-06-24 15:34:46,-0.33
2019-06-24 15:37:45,-0.33
2019-06-24 15:37:57,-0.4
2019-06-24 15:41:57,-0.4
2019-06-24 15:42:24,-0.35
2019-06-24 16:08:23,-0.35
2019-06-24 16:08:49,-0.25
2019-06-24 16:09:49,-0.25
2019-06-24 16:10:33,-0.29
2019-06-24 16:14:33,-0.29
2019-06-24 16:15:00,-0.33
2019-06-24 16:25:00,-0.33
2019-06-24 16:25:37,-0.28
2019-06-24 16:29:36,-0.28
2019-06-24 16:30:30,-0.36
2019-06-24 16:32:30,-0.36
2019-06-24 16:32:53,-0.3
2019-06-24 16:58:52,-0.3
2019-06-24 16:59:16,-0.28
2019-06-24 17:10:17,-0.28
2019-06-24 17:10:41,-0.21
2019-06-24 17:16:40,-0.21
2019-06-24 17:17:41,-0.24
2019-06-24 17:41:40,-0.24
2019-06-24 17:42:02,-0.19
2019-06-24 17:47:01,-0.19
2019-06-24 17:47:49,-0.23
2019-06-24 17:51:48,-0.23
2019-06-24 17:52:37,-0.17
2019-06-24 17:56:36,-0.17
2019-06-24 17:56:42,-0.23
2019-06-24 18:00:42,-0.23
2019-06-24 18:01:14,1.16
2019-06-24 18:01:23,-0.15
2019-06-24 18:03:23,-0.15
2019-06-24 18:04:09,-0.23
2019-06-24 18:07:08,-0.23
2019-06-24 18:07:59,-0.18
2019-06-24 18:37:00,-0.18
2019-06-24 18:37:03,-0.15
2019-06-24 19:13:02,-0.15
2019-06-24 19:13:51,-0.11
2019-06-24 19:30:51,-0.11
2019-06-24 19:30:57,-0.15
2019-06-24 19:33:57,-0.15
2019-06-24 19:34:38,-0.1
2019-06-24 20:08:38,-0.1
2019-06-24 20:09:06,-0.07000001
2019-06-24 20:20:06,-0.07000001
2019-06-24 20:20:12,-0.12
2019-06-24 20:22:12,-0.12
2019-06-24 20:22:54,-0.09
2019-06-24 20:27:53,-0.09
2019-06-24 20:28:39,-0.04
2019-06-24 20:34:38,-0.04
2019-06-24 20:35:32,-0.07000001
2019-06-24 20:46:31,-0.07000001
2019-06-24 20:47:31,0.0
2019-06-24 20:49:30,0.0
2019-06-24 20:50:18,-0.09
2019-06-24 20:53:16,-0.09
2019-06-24 20:53:39,0.0
2019-06-24 20:55:39,0.0
2019-06-24 20:56:15,-0.1
2019-06-24 20:57:15,-0.1
2019-06-24 20:57:45,0.01
2019-06-24 20:59:44,0.01
2019-06-24 20:59:49,-0.04
2019-06-24 21:39:49,-0.04
2019-06-24 21:40:26,0.0
2019-06-24 21:45:26,0.0
2019-06-24 21:46:13,-0.05
2019-06-24 21:52:14,-0.05
2019-06-24 21:53:07,-0.02
2019-06-24 22:18:06,-0.02
2019-06-24 22:18:46,0.02
2019-06-24 22:22:45,0.02
2019-06-24 22:22:57,-0.06
2019-06-24 22:23:57,-0.06
2019-06-24 22:24:44,0.03
2019-06-24 22:27:43,0.03
2019-06-24 22:28:34,-0.03
2019-06-24 22:32:33,-0.03
2019-06-24 22:33:24,0.01
2019-06-24 22:50:23,0.01
2019-06-24 22:51:16,-0.02
2019-06-24 22:54:15,-0.02
2019-06-24 22:55:14,0.05
2019-06-24 22:58:13,0.05
2019-06-24 22:58:33,-0.02
2019-06-24 23:01:32,-0.02
2019-06-24 23:02:14,0.04
2019-06-24 23:08:13,0.04
2019-06-24 23:08:27,-0.01
2019-06-24 23:12:26,-0.01
2019-06-24 23:12:48,0.08
2019-06-24 23:14:48,0.08
2019-06-24 23:14:59,-0.02
2019-06-24 23:17:59,-0.02
2019-06-24 23:18:02,0.05
2019-06-24 23:23:01,0.05
2019-06-24 23:23:10,0.01
2019-06-24 23:30:09,0.01
2019-06-24 23:30:28,0.09999999
2019-06-24 23:31:27,0.09999999
2019-06-24 23:32:24,-0.02
2019-06-24 23:34:23,-0.02
2019-06-24 23:35:01,0.08999999
2019-06-24 23:37:01,0.08999999
2019-06-24 23:37:27,0.01
2019-06-24 23:42:26,0.01
2019-06-24 23:42:30,0.06999999
2019-06-24 23:45:29,0.06999999
2019-06-24 23:46:07,0.02
2019-06-24 23:52:06,0.02
2019-06-24 23:52:22,0.12
2019-06-24 23:54:22,0.12
2019-06-24 23:54:44,0.01
2019-06-24 23:57:42,0.01
2019-06-24 23:58:40,0.08999999
2019-06-25 00:00:39,0.08999999
2019-06-25 00:01:19,0.05
2019-06-25 00:43:18,0.05
2019-06-25 00:43:20,0.14
2019-06-25 00:45:19,0.14
2019-06-25 00:45:21,0.05999999
2019-06-25 00:52:20,0.05999999
2019-06-25 00:52:25,0.12
2019-06-25 00:54:25,0.12
2019-06-25 00:55:14,0.05999999
2019-06-25 01:06:13,0.05999999
2019-06-25 01:06:16,0.08999999
2019-06-25 01:39:15,0.08999999
2019-06-25 01:39:26,0.15
2019-06-25 01:41:25,0.15
2019-06-25 01:41:49,0.06999999
2019-06-25 01:46:49,0.06999999
2019-06-25 01:47:06,0.12
2019-06-25 01:54:04,0.12
2019-06-25 01:54:36,0.09999999
2019-06-25 02:06:35,0.09999999
2019-06-25 02:07:04,0.16
2019-06-25 02:10:02,0.16
2019-06-25 02:10:29,0.09999999
2019-06-25 02:19:28,0.09999999
2019-06-25 02:19:45,0.15
2019-06-25 02:25:44,0.15
2019-06-25 02:25:48,0.11
2019-06-25 02:39:47,0.11
2019-06-25 02:40:24,0.12
2019-06-25 02:49:22,0.12
2019-06-25 02:49:51,0.16
2019-06-25 02:55:51,0.16
2019-06-25 02:56:23,0.11
2019-06-25 03:00:22,0.11
2019-06-25 03:00:23,0.15
2019-06-25 03:40:23,0.15
2019-06-25 03:40:33,0.21
2019-06-25 03:43:33,0.21
2019-06-25 03:43:39,0.16
2019-06-25 03:56:38,0.16
2019-06-25 03:57:10,0.22
2019-06-25 04:00:09,0.22
2019-06-25 04:00:42,0.16
2019-06-25 04:07:41,0.16
2019-06-25 04:08:35,0.17
2019-06-25 04:20:34,0.17
2019-06-25 04:21:26,0.21
2019-06-25 04:25:26,0.21
2019-06-25 04:26:01,0.16
2019-06-25 04:31:00,0.16
2019-06-25 04:31:32,0.2
2019-06-25 04:40:31,0.2
2019-06-25 04:40:39,0.16
2019-06-25 04:44:37,0.16
2019-06-25 04:44:57,0.22
2019-06-25 04:47:55,0.22
2019-06-25 04:48:56,0.16
2019-06-25 04:51:55,0.16
2019-06-25 04:52:42,0.2
2019-06-25 05:06:41,0.2
2019-06-25 05:06:52,0.17
2019-06-25 05:12:51,0.17
2019-06-25 05:13:15,0.2
2019-06-25 05:56:14,0.2
2019-06-25 05:57:05,0.25
2019-06-25 06:00:05,0.25
2019-06-25 06:00:48,0.17
2019-06-25 06:02:46,0.17
2019-06-25 06:03:43,0.22
2019-06-25 06:21:42,0.22
2019-06-25 06:22:06,0.27
2019-06-25 06:25:04,0.27
2019-06-25 06:25:32,0.23
2019-06-25 06:52:31,0.23
2019-06-25 06:53:16,0.25
2019-06-25 07:03:15,0.25
2019-06-25 07:03:23,0.21
2019-06-25 07:09:22,0.21
2019-06-25 07:09:57,0.28
2019-06-25 07:12:55,0.28
2019-06-25 07:13:03,0.21
2019-06-25 07:16:02,0.21
2019-06-25 07:16:43,0.32
2019-06-25 07:17:41,0.32
2019-06-25 07:18:21,0.23
2019-06-25 07:29:20,0.23
2019-06-25 07:29:52,0.25
2019-06-25 07:44:50,0.25
2019-06-25 07:45:08,0.23
2019-06-25 08:00:08,0.23
2019-06-25 08:00:59,0.3099999
2019-06-25 08:01:58,0.3099999
2019-06-25 08:02:57,0.22
2019-06-25 08:10:57,0.22
2019-06-25 08:11:58,0.27
2019-06-25 08:14:57,0.27
2019-06-25 08:14:58,0.23
2019-06-25 08:36:57,0.23
2019-06-25 08:37:33,0.17
2019-06-25 08:39:32,0.17
2019-06-25 08:40:30,0.23
2019-06-25 08:50:29,0.23
2019-06-25 08:51:24,0.2
2019-06-25 08:57:22,0.2
2019-06-25 08:58:12,0.21
2019-06-25 09:31:12,0.21
2019-06-25 09:32:00,0.16
2019-06-25 09:35:59,0.16
2019-06-25 09:36:20,0.26
2019-06-25 09:37:20,0.26
2019-06-25 09:38:11,0.18
2019-06-25 10:05:09,0.18
2019-06-25 10:06:04,0.11
2019-06-25 10:08:03,0.11
2019-06-25 10:08:27,0.23
2019-06-25 10:09:25,0.23
2019-06-25 10:10:18,0.15
2019-06-25 10:44:17,0.15
2019-06-25 10:45:10,0.05999999
2019-06-25 10:47:09,0.05999999
2019-06-25 10:47:21,0.12
2019-06-25 11:13:21,0.12
2019-06-25 11:13:27,0.09999999
2019-06-25 11:24:25,0.09999999
2019-06-25 11:25:16,0.08
2019-06-25 11:46:15,0.08
2019-06-25 11:46:25,0.05999999
2019-06-25 12:16:24,0.05999999
2019-06-25 12:17:17,0.03
2019-06-25 12:43:15,0.03
2019-06-25 12:43:19,-0.03
2019-06-25 12:46:18,-0.03
2019-06-25 12:47:04,0.09999999
2019-06-25 12:48:04,0.09999999
2019-06-25 12:48:41,-0.01
2019-06-25 12:53:39,-0.01
2019-06-25 12:54:38,0.06999999
2019-06-25 12:56:36,0.06999999
2019-06-25 12:56:38,-0.03
2019-06-25 13:00:40,-0.03
2019-06-25 13:00:42,0.05
2019-06-25 13:02:40,0.05
2019-06-25 13:03:29,0.0
2019-06-25 13:41:28,0.0
2019-06-25 13:41:34,-0.05
2019-06-25 13:44:33,-0.05
2019-06-25 13:44:59,0.03
2019-06-25 13:47:58,0.03
2019-06-25 13:48:08,-0.02
2019-06-25 14:18:07,-0.02
2019-06-25 14:18:32,-0.07000001
2019-06-25 14:21:30,-0.07000001
2019-06-25 14:21:54,0.03
2019-06-25 14:23:53,0.03
2019-06-25 14:24:24,-0.03
2019-06-25 14:52:22,-0.03
2019-06-25 14:52:57,-0.1
2019-06-25 14:54:55,-0.1
2019-06-25 14:55:10,-0.02
2019-06-25 15:02:08,-0.02
2019-06-25 15:02:25,-0.07000001
2019-06-25 15:07:23,-0.07000001
2019-06-25 15:07:44,-0.04
2019-06-25 15:20:42,-0.04
2019-06-25 15:21:44,0.02
2019-06-25 15:23:42,0.02
2019-06-25 15:24:37,-0.06
2019-06-25 15:27:36,-0.06
2019-06-25 15:28:33,-0.03
2019-06-25 15:52:32,-0.03
2019-06-25 15:52:42,0.0
2019-06-25 16:03:41,0.0
2019-06-25 16:04:00,-0.01
2019-06-25 16:11:59,-0.01
2019-06-25 16:12:15,0.06999999
2019-06-25 16:14:14,0.06999999
2019-06-25 16:14:19,-0.05
2019-06-25 16:16:17,-0.05
2019-06-25 16:16:48,0.01
2019-06-25 16:34:47,0.01
2019-06-25 16:35:02,0.08
2019-06-25 16:37:01,0.08
2019-06-25 16:37:18,0.03
2019-06-25 16:44:17,0.03
2019-06-25 16:45:05,0.0
2019-06-25 16:52:03,0.0
2019-06-25 16:52:10,0.02
2019-06-25 17:58:09,0.02
2019-06-25 17:58:12,0.03
2019-06-25 18:49:10,0.03
2019-06-25 18:49:45,0.11
2019-06-25 18:50:43,0.11
2019-06-25 18:51:41,0.01
2019-06-25 18:55:39,0.01
2019-06-25 18:56:00,0.05999999
2019-06-25 19:03:59,0.05999999
2019-06-25 19:04:56,0.04
2019-06-25 19:10:54,0.04
2019-06-25 19:11:48,0.13
2019-06-25 19:13:47,0.13
2019-06-25 19:14:09,0.06999999
2019-06-25 19:28:07,0.06999999
2019-06-25 19:28:54,0.01
2019-06-25 19:30:52,0.01
2019-06-25 19:31:19,0.17
2019-06-25 19:32:17,0.17
2019-06-25 19:32:43,0.05999999
2019-06-25 19:45:41,0.05999999
2019-06-25 19:45:58,0.15
2019-06-25 19:46:56,0.15
2019-06-25 19:47:40,0.12
2019-06-25 19:49:38,0.12
2019-06-25 19:50:27,0.05
2019-06-25 19:56:25,0.05
2019-06-25 19:56:48,0.08
2019-06-25 20:09:46,0.08
2019-06-25 20:09:57,0.02
2019-06-25 20:11:56,0.02
2019-06-25 20:12:44,0.06999999
2019-06-25 20:26:43,0.06999999
2019-06-25 20:27:39,0.12
2019-06-25 20:31:37,0.12
2019-06-25 20:32:10,0.09999999
2019-06-25 20:39:08,0.09999999
2019-06-25 20:39:21,0.05
2019-06-25 20:42:20,0.05
2019-06-25 20:43:15,0.08999999
2019-06-25 20:53:13,0.08999999
2019-06-25 20:54:05,0.03
2019-06-25 20:56:04,0.03
2019-06-25 20:56:33,0.09999999
2019-06-25 21:03:31,0.09999999
2019-06-25 21:03:47,0.01
2019-06-25 21:04:44,0.01
2019-06-25 21:05:31,0.09999999
2019-06-25 21:15:30,0.09999999
2019-06-25 21:15:55,0.06999999
2019-06-25 21:24:54,0.06999999
2019-06-25 21:25:31,0.08999999
2019-06-25 21:51:30,0.08999999
2019-06-25 21:52:21,0.21
2019-06-25 21:53:18,0.21
2019-06-25 21:53:30,0.11
2019-06-25 22:11:28,0.11
2019-06-25 22:11:43,0.04
2019-06-25 22:13:41,0.04
2019-06-25 22:13:58,0.15
2019-06-25 22:15:56,0.15
2019-06-25 22:16:45,0.11
2019-06-25 23:25:44,0.11
2019-06-25 23:26:02,0.18
2019-06-25 23:27:00,0.18
2019-06-25 23:27:56,0.08999999
2019-06-25 23:32:55,0.08999999
2019-06-25 23:33:51,0.13
2019-06-25 23:48:49,0.13
2019-06-25 23:49:03,0.06999999
2019-06-25 23:51:01,0.06999999
2019-06-25 23:51:38,0.16
2019-06-25 23:55:36,0.16
2019-06-25 23:55:50,0.11
2019-06-26 00:01:48,0.11
2019-06-26 00:02:34,0.14
2019-06-26 00:23:32,0.14
2019-06-26 00:24:16,0.09999999
2019-06-26 00:26:14,0.09999999
2019-06-26 00:27:14,0.12
2019-06-26 00:33:11,0.12
2019-06-26 00:33:24,0.14
2019-06-26 01:11:23,0.14
2019-06-26 01:11:58,0.22
2019-06-26 01:12:56,0.22
2019-06-26 01:13:51,0.13
2019-06-26 01:22:49,0.13
2019-06-26 01:23:29,0.17
2019-06-26 01:29:27,0.17
2019-06-26 01:30:01,0.11
2019-06-26 01:32:59,0.11
2019-06-26 01:33:37,0.19
2019-06-26 01:36:35,0.19
2019-06-26 01:36:37,0.12
2019-06-26 01:40:35,0.12
2019-06-26 01:41:18,0.16
2019-06-26 01:47:16,0.16
2019-06-26 01:47:36,0.08999999
2019-06-26 01:49:34,0.08999999
2019-06-26 01:49:44,0.22
2019-06-26 01:50:43,0.22
2019-06-26 01:51:42,0.13
2019-06-26 01:59:39,0.13
2019-06-26 02:00:35,0.22
2019-06-26 02:01:33,0.22
2019-06-26 02:02:24,0.11
2019-06-26 02:05:21,0.11
2019-06-26 02:06:05,0.15
2019-06-26 03:34:04,0.15
2019-06-26 03:35:05,0.24
2019-06-26 03:36:02,0.24
2019-06-26 03:36:21,0.14
2019-06-26 03:50:19,0.14
2019-06-26 03:50:38,0.22
2019-06-26 03:52:35,0.22
2019-06-26 03:52:43,0.13
2019-06-26 03:59:41,0.13
2019-06-26 04:00:03,0.22
2019-06-26 04:01:01,0.22
2019-06-26 04:01:58,0.12
2019-06-26 04:05:56,0.12
2019-06-26 04:06:27,0.16
2019-06-26 04:23:24,0.16
2019-06-26 04:23:35,0.09999999
2019-06-26 04:25:33,0.09999999
2019-06-26 04:26:17,0.18
2019-06-26 04:29:15,0.18
2019-06-26 04:30:03,0.13
2019-06-26 04:35:00,0.13
2019-06-26 04:35:12,0.25
2019-06-26 04:36:10,0.25
2019-06-26 04:36:44,0.06999999
2019-06-26 04:37:42,0.06999999
2019-06-26 04:38:29,0.22
2019-06-26 04:40:28,0.22
2019-06-26 04:41:05,0.11
2019-06-26 04:43:02,0.11
2019-06-26 04:43:40,0.15
2019-06-26 04:56:38,0.15
2019-06-26 04:56:58,0.25
2019-06-26 04:57:56,0.25
2019-06-26 04:58:04,0.12
2019-06-26 05:01:02,0.12
2019-06-26 05:01:43,0.15
2019-06-26 05:58:41,0.15
2019-06-26 05:59:01,0.21
2019-06-26 05:59:58,0.21
2019-06-26 06:00:54,0.14
2019-06-26 06:07:52,0.14
2019-06-26 06:08:08,0.19
2019-06-26 06:12:06,0.19
2019-06-26 06:13:03,0.11
2019-06-26 06:15:01,0.11
2019-06-26 06:15:29,0.22
2019-06-26 06:17:26,0.22
2019-06-26 06:17:57,0.15
2019-06-26 06:44:54,0.15
2019-06-26 06:44:58,0.23
2019-06-26 06:45:56,0.23
2019-06-26 06:46:32,0.11
2019-06-26 06:48:30,0.11
2019-06-26 06:49:14,0.16
2019-06-26 07:20:12,0.16
2019-06-26 07:20:45,0.25
2019-06-26 07:21:43,0.25
2019-06-26 07:22:21,0.22
2019-06-26 07:24:19,0.22
2019-06-26 07:24:47,0.12
2019-06-26 07:26:45,0.12
2019-06-26 07:27:32,0.16
2019-06-26 08:22:31,0.16
2019-06-26 08:22:34,0.17
2019-06-26 08:31:32,0.17
2019-06-26 08:32:32,0.11
2019-06-26 08:34:29,0.11
2019-06-26 08:35:08,0.24
2019-06-26 08:36:05,0.24
2019-06-26 08:36:53,0.16
2019-06-26 09:19:52,0.16
2019-06-26 09:19:59,0.08999999
2019-06-26 09:21:56,0.08999999
2019-06-26 09:22:20,0.16
2019-06-26 09:37:17,0.16
2019-06-26 09:37:36,0.12
2019-06-26 09:41:34,0.12
2019-06-26 09:42:16,0.2
2019-06-26 09:44:14,0.2
2019-06-26 09:44:56,0.06999999
2019-06-26 09:45:54,0.06999999
2019-06-26 09:46:43,0.14
2019-06-26 10:30:41,0.14
2019-06-26 10:31:17,0.06999999
2019-06-26 10:33:15,0.06999999
2019-06-26 10:33:21,0.15
2019-06-26 10:43:18,0.15
2019-06-26 10:43:52,0.09999999
2019-06-26 10:47:50,0.09999999
2019-06-26 10:48:31,0.15
2019-06-26 10:54:28,0.15
2019-06-26 10:55:04,0.12
2019-06-26 11:34:01,0.12
2019-06-26 11:34:12,0.05999999
2019-06-26 11:36:09,0.05999999
2019-06-26 11:36:36,0.2
2019-06-26 11:37:32,0.2
2019-06-26 11:38:23,0.05999999
2019-06-26 11:40:21,0.05999999
2019-06-26 11:40:54,0.15
2019-06-26 11:42:50,0.15
2019-06-26 11:43:20,0.06999999
2019-06-26 11:48:17,0.06999999
2019-06-26 11:48:31,0.09999999
2019-06-26 12:04:28,0.09999999
2019-06-26 12:05:04,0.03
2019-06-26 12:06:02,0.03
2019-06-26 12:06:49,0.13
2019-06-26 12:09:45,0.13
2019-06-26 12:09:54,0.02
2019-06-26 12:10:52,0.02
2019-06-26 12:11:53,0.05
2019-06-26 12:14:50,0.05
2019-06-26 12:15:22,0.08999999
2019-06-26 12:39:20,0.08999999
2019-06-26 12:39:32,0.18
2019-06-26 12:40:29,0.18
2019-06-26 12:40:50,0.06999999
2019-06-26 12:46:48,0.06999999
2019-06-26 12:47:17,0.13
2019-06-26 12:53:14,0.13
2019-06-26 12:53:32,0.05999999
2019-06-26 12:55:28,0.05999999
2019-06-26 12:55:50,0.12
2019-06-26 13:02:47,0.12
2019-06-26 13:02:51,0.03
2019-06-26 13:03:49,0.03
2019-06-26 13:04:34,0.08
2019-06-26 13:09:32,0.08
2019-06-26 13:10:14,0.11
2019-06-26 13:22:12,0.11
2019-06-26 13:55:12,0.11
2019-06-26 13:55:32,0.2
2019-06-26 13:56:29,0.2
2019-06-26 13:57:10,0.05999999
2019-06-26 13:59:07,0.05999999
2019-06-26 13:59:12,0.13
2019-06-26 14:07:10,0.13
2019-06-26 14:07:36,0.09999999
2019-06-26 14:13:33,0.09999999
2019-06-26 14:13:55,0.17
2019-06-26 14:15:52,0.17
2019-06-26 14:16:32,0.06999999
2019-06-26 14:18:29,0.06999999
2019-06-26 14:19:06,0.12
2019-06-26 14:46:03,0.12
2019-06-26 14:47:02,0.19
2019-06-26 14:49:00,0.19
2019-06-26 14:49:22,0.09999999
2019-06-26 14:52:19,0.09999999
2019-06-26 14:53:11,0.24
2019-06-26 14:54:08,0.24
2019-06-26 14:54:59,0.17
2019-06-26 14:59:56,0.17
2019-06-26 15:00:46,0.09999999
2019-06-26 15:03:44,0.09999999
2019-06-26 15:04:00,0.14
2019-06-26 15:30:57,0.14
2019-06-26 15:31:15,2.57
2019-06-26 15:31:16,4.579999
2019-06-26 15:31:17,8.459997
2019-06-26 15:31:18,14.98
2019-06-26 15:31:19,18.02
2019-06-26 15:31:20,20.52999
2019-06-26 15:31:21,19.57
2019-06-26 15:31:24,14.88
2019-06-26 15:31:26,7.609999
2019-06-26 15:31:26,5.139999
2019-06-26 15:31:28,3.139999
2019-06-26 15:31:31,1.04
2019-06-26 15:31:42,3.32
2019-06-26 15:31:48,1.25
2019-06-26 15:32:02,0.27
2019-06-26 15:33:00,0.27
2019-06-26 15:33:16,0.15
2019-06-26 15:56:13,0.15
2019-06-26 15:56:30,1.25
2019-06-26 15:56:45,0.28
2019-06-26 15:57:42,0.28
2019-06-26 15:58:08,0.13
2019-06-26 16:00:05,0.13
2019-06-26 16:00:34,0.18
2019-06-26 16:05:32,0.18
2019-06-26 16:05:55,0.11
2019-06-26 16:07:51,0.11
2019-06-26 16:08:52,0.15
2019-06-26 16:29:49,0.15
2019-06-26 16:30:12,0.25
2019-06-26 16:31:10,0.25
2019-06-26 16:31:49,0.17
2019-06-26 18:00:47,0.17
2019-06-26 18:01:10,0.18
2019-06-26 18:43:08,0.18
2019-06-26 18:43:30,0.21
2019-06-26 18:49:27,0.21
2019-06-26 18:50:03,0.12
2019-06-26 18:52:01,0.12
2019-06-26 18:52:14,0.18
2019-06-26 19:10:11,0.18
2019-06-26 19:10:53,0.27
2019-06-26 19:11:50,0.27
2019-06-26 19:12:38,0.16
2019-06-26 19:16:35,0.16
2019-06-26 19:16:43,0.2
2019-06-26 19:41:40,0.2
2019-06-26 19:41:49,0.16
2019-06-26 19:43:46,0.16
2019-06-26 19:44:37,0.17
2019-06-26 19:48:34,0.17
2019-06-26 19:48:45,0.27
2019-06-26 19:50:43,0.27
2019-06-26 19:51:06,0.18
2019-06-26 19:58:03,0.18
2019-06-26 19:58:08,0.21
2019-06-26 20:24:06,0.21
2019-06-26 20:24:28,0.15
2019-06-26 20:26:26,0.15
2019-06-26 20:26:41,0.26
2019-06-26 20:28:38,0.26
2019-06-26 20:29:12,0.22
2019-06-26 20:37:10,0.22
2019-06-26 20:37:21,0.2
2019-06-26 21:00:18,0.2
2019-06-26 21:00:24,0.29
2019-06-26 21:01:21,0.29
2019-06-26 21:01:49,0.18
2019-06-26 21:06:46,0.18
2019-06-26 21:07:08,0.27
2019-06-26 21:09:05,0.27
2019-06-26 21:09:18,0.21
2019-06-26 21:49:15,0.21
2019-06-26 21:49:47,0.18
2019-06-26 21:54:45,0.18
2019-06-26 21:55:26,0.27
2019-06-26 21:56:23,0.27
2019-06-26 21:57:19,0.2
2019-06-26 23:34:17,0.2
2019-06-26 23:34:40,0.18
2019-06-26 23:48:37,0.18
2019-06-26 23:48:59,0.24
2019-06-26 23:50:56,0.24
2019-06-26 23:51:37,0.2
2019-06-26 23:59:34,0.2
2019-06-26 23:59:44,0.18
2019-06-27 00:24:41,0.18
2019-06-27 00:25:05,0.2
2019-06-27 01:01:01,0.2
2019-06-27 01:01:52,0.17
2019-06-27 01:07:49,0.17
2019-06-27 01:08:44,0.22
2019-06-27 01:12:41,0.22
2019-06-27 01:13:37,0.16
2019-06-27 01:16:33,0.16
2019-06-27 01:16:46,0.21
2019-06-27 01:26:42,0.21
2019-06-27 01:27:21,0.13
2019-06-27 01:28:19,0.13
2019-06-27 01:29:21,0.2
2019-06-27 03:01:18,0.2
2019-06-27 03:01:49,0.16
2019-06-27 03:04:45,0.16
2019-06-27 03:05:17,0.18
2019-06-27 03:12:13,0.18
2019-06-27 03:12:24,0.26
2019-06-27 03:13:20,0.26
2019-06-27 03:14:15,0.16
2019-06-27 03:17:12,0.16
2019-06-27 03:18:01,0.19
2019-06-27 03:38:59,0.19
2019-06-27 03:39:48,0.27
2019-06-27 03:40:44,0.27
2019-06-27 03:41:38,0.19
2019-06-27 03:55:35,0.19
2019-06-27 03:56:25,0.27
2019-06-27 03:57:21,0.27
2019-06-27 03:58:13,0.21
2019-06-27 04:09:10,0.21
2019-06-27 04:10:10,0.13
2019-06-27 04:12:07,0.13
2019-06-27 04:12:11,0.24
2019-06-27 04:15:08,0.24
2019-06-27 04:15:35,0.16
2019-06-27 04:19:32,0.16
2019-06-27 04:19:46,0.28
2019-06-27 04:20:43,0.28
2019-06-27 04:21:37,0.2
2019-06-27 04:46:34,0.2
2019-06-27 04:47:32,0.17
2019-06-27 04:53:29,0.17
2019-06-27 04:53:53,0.2
2019-06-27 05:03:50,0.2
2019-06-27 05:04:28,0.17
2019-06-27 05:15:24,0.17
2019-06-27 05:15:29,0.2
2019-06-27 05:27:26,0.2
2019-06-27 05:27:31,0.12
2019-06-27 05:28:27,0.12
2019-06-27 05:29:27,0.15
2019-06-27 05:32:23,0.15
2019-06-27 05:33:05,0.2
2019-06-27 05:46:03,0.2
2019-06-27 05:46:24,0.17
2019-06-27 05:53:20,0.17
2019-06-27 05:53:34,0.22
2019-06-27 05:56:30,0.22
2019-06-27 05:57:05,0.18
2019-06-27 06:31:02,0.18
2019-06-27 06:31:42,0.21
2019-06-27 06:35:40,0.21
2019-06-27 06:35:57,0.15
2019-06-27 06:39:54,0.15
2019-06-27 06:40:03,0.17
2019-06-27 06:53:59,0.17
2019-06-27 06:54:50,0.25
2019-06-27 06:55:46,0.25
2019-06-27 06:56:44,0.17
2019-06-27 07:10:41,0.17
2019-06-27 07:11:16,0.26
2019-06-27 07:12:12,0.26
2019-06-27 07:13:11,0.17
2019-06-27 07:40:08,0.17
2019-06-27 07:41:08,8.379997
2019-06-27 07:41:09,15.91
2019-06-27 07:41:10,20.59999
2019-06-27 07:41:12,28.03999
2019-06-27 07:41:13,30.32999
2019-06-27 07:41:17,22.70999
2019-06-27 07:41:18,14.17
2019-06-27 07:41:19,9.379999
2019-06-27 07:41:20,6.769999
2019-06-27 07:41:21,4.249999
2019-06-27 07:41:23,2.2
2019-06-27 07:41:25,13.02
2019-06-27 07:41:25,17.31
2019-06-27 07:41:27,21.57999
2019-06-27 07:41:27,24.44999
2019-06-27 07:41:28,27.15999
2019-06-27 07:41:29,29.64999
2019-06-27 07:41:32,27.57999
2019-06-27 07:41:33,23.73
2019-06-27 07:41:34,14.9
2019-06-27 07:41:36,6.689998
2019-06-27 07:41:37,4.2
2019-06-27 07:41:38,2.17
2019-06-27 07:41:45,0.26
2019-06-27 07:42:41,0.26
2019-06-27 07:43:16,0.16
2019-06-27 08:18:13,0.16
2019-06-27 08:19:10,0.14
2019-06-27 08:36:07,0.14
2019-06-27 08:36:39,2.77
2019-06-27 08:36:39,5.149999
2019-06-27 08:36:41,3.139999
2019-06-27 08:36:45,1.09
2019-06-27 08:36:55,0.17
2019-06-27 08:39:52,0.17
2019-06-27 08:40:48,0.12
2019-06-27 08:45:44,0.12
2019-06-27 08:46:46,0.15
2019-06-27 09:14:43,0.15
2019-06-27 09:14:58,0.22
2019-06-27 09:16:55,0.22
2019-06-27 09:17:14,0.15
2019-06-27 09:27:10,0.15
2019-06-27 09:27:17,0.17
2019-06-27 09:36:13,0.17
2019-06-27 09:36:20,0.09999999
2019-06-27 09:38:16,0.09999999
2019-06-27 09:38:24,0.2
2019-06-27 09:41:21,0.2
2019-06-27 09:42:17,0.11
2019-06-27 09:44:13,0.11
2019-06-27 09:44:40,0.15
2019-06-27 09:51:37,0.15
2019-06-27 09:51:47,0.24
2019-06-27 09:53:43,0.24
2019-06-27 09:54:07,0.15
2019-06-27 10:02:03,0.15
2019-06-27 10:03:03,0.18
2019-06-27 10:10:00,0.18
2019-06-27 10:10:08,0.15
2019-06-27 10:48:05,0.15
2019-06-27 10:48:55,0.17
2019-06-27 10:55:52,0.17
2019-06-27 10:56:01,0.09999999
2019-06-27 10:57:58,0.09999999
2019-06-27 10:58:37,0.15
2019-06-27 11:27:34,0.15
2019-06-27 11:27:41,0.12
2019-06-27 11:32:38,0.12
2019-06-27 11:32:51,0.15
2019-06-27 11:41:49,0.15
2019-06-27 11:42:18,0.09999999
2019-06-27 11:45:15,0.09999999
2019-06-27 11:45:39,0.12
2019-06-27 12:04:36,0.12
2019-06-27 12:05:09,0.17
2019-06-27 12:07:05,0.17
2019-06-27 12:08:01,0.11
2019-06-27 12:20:57,0.11
2019-06-27 12:21:48,0.15
2019-06-27 12:25:45,0.15
2019-06-27 12:26:19,0.12
2019-06-27 12:59:15,0.12
2019-06-27 12:59:35,0.09999999
2019-06-27 13:06:31,0.09999999
2019-06-27 13:06:44,0.18
2019-06-27 13:07:40,0.18
2019-06-27 13:08:40,0.08999999
2019-06-27 13:14:37,0.08999999
2019-06-27 13:15:33,0.15
2019-06-27 13:18:28,0.15
2019-06-27 13:18:40,0.12
2019-06-27 13:32:37,0.12
2019-06-27 13:33:28,0.09999999
2019-06-27 13:42:25,0.09999999
2019-06-27 13:43:09,0.15
2019-06-27 13:46:06,0.15
2019-06-27 13:46:50,0.09999999
2019-06-27 13:56:46,0.09999999
2019-06-27 13:57:41,0.19
2019-06-27 13:58:37,0.19
2019-06-27 13:59:25,0.08
2019-06-27 14:04:21,0.08
2019-06-27 14:04:29,0.11
2019-06-27 14:21:26,0.11
2019-06-27 14:21:33,0.09999999
2019-06-27 14:52:29,0.09999999
2019-06-27 14:53:04,0.17
2019-06-27 14:54:01,0.17
2019-06-27 14:54:51,0.08
2019-06-27 14:58:46,0.08
2019-06-27 14:59:30,0.18
2019-06-27 15:00:27,0.18
2019-06-27 15:01:16,0.08
2019-06-27 15:06:12,0.08
2019-06-27 15:06:29,0.14
2019-06-27 15:09:25,0.14
2019-06-27 15:10:04,0.05999999
2019-06-27 15:13:00,0.05999999
2019-06-27 15:13:33,0.11
2019-06-27 15:31:28,0.11
2019-06-27 15:32:13,0.05999999
2019-06-27 15:35:08,0.05999999
2019-06-27 15:35:21,0.12
2019-06-27 15:43:17,0.12
2019-06-27 15:43:37,0.05999999
2019-06-27 15:46:33,0.05999999
2019-06-27 15:46:54,0.12
2019-06-27 15:53:50,0.12
2019-06-27 15:54:47,0.05999999
2019-06-27 15:57:43,0.05999999
2019-06-27 15:57:57,0.09999999
2019-06-27 16:21:53,0.09999999
2019-06-27 16:22:46,2.16
2019-06-27 16:22:47,7.859999
2019-06-27 16:22:48,5.399999
2019-06-27 16:22:50,2.909999
2019-06-27 16:22:53,0.8699999
2019-06-27 16:23:05,0.08
2019-06-27 16:32:01,0.08
2019-06-27 16:32:37,0.11
2019-06-27 16:37:33,0.11
2019-06-27 16:37:56,0.05
2019-06-27 16:40:52,0.05
2019-06-27 16:41:19,0.08
2019-06-27 16:55:15,0.08
2019-06-27 16:55:52,0.11
2019-06-27 17:05:48,0.11
2019-06-27 17:06:14,0.08999999
2019-06-27 17:14:10,0.08999999
2019-06-27 17:15:06,0.14
2019-06-27 17:19:01,0.14
2019-06-27 17:20:04,0.08
2019-06-27 17:23:00,0.08
2019-06-27 17:23:36,0.2
2019-06-27 17:24:32,0.2
2019-06-27 17:25:32,0.06999999
2019-06-27 17:28:28,0.06999999
2019-06-27 17:28:50,0.11
2019-06-27 17:48:46,0.11
2019-06-27 17:49:35,0.18
2019-06-27 17:51:31,0.18
2019-06-27 17:51:39,0.15
2019-06-27 17:54:35,0.15
2019-06-27 17:55:12,0.13
2019-06-27 18:11:07,0.13
2019-06-27 18:12:00,0.09999999
2019-06-27 18:16:55,0.09999999
2019-06-27 18:17:19,0.19
2019-06-27 18:19:14,0.19
2019-06-27 18:19:19,0.09999999
2019-06-27 18:24:15,0.09999999
2019-06-27 18:24:50,0.12
2019-06-27 18:47:46,0.12
2019-06-27 18:48:49,0.2
2019-06-27 18:49:44,0.2
2019-06-27 18:50:45,0.13
2019-06-27 19:34:41,0.13
2019-06-27 19:34:52,0.16
2019-06-27 19:41:48,0.16
2019-06-27 19:42:16,0.09999999
2019-06-27 19:45:11,0.09999999
2019-06-27 19:46:05,0.11
2019-06-27 19:50:00,0.11
2019-06-27 19:50:06,0.15
2019-06-27 20:36:02,0.15
2019-06-27 20:36:59,0.16
2019-06-27 21:07:55,0.16
2019-06-27 21:08:22,0.18
2019-06-27 21:19:18,0.18
2019-06-27 21:20:04,0.16
2019-06-27 21:30:59,0.16
2019-06-27 21:31:36,0.2
2019-06-27 21:35:31,0.2
