Time_Stamp,Value
2019-06-19 08:00:24,31.24999
2019-06-19 08:01:09,30.08
2019-06-19 08:01:30,30.5
2019-06-19 08:01:53,29.65999
2019-06-19 08:02:21,28.96
2019-06-19 08:02:54,28.09999
2019-06-19 08:03:34,28.76999
2019-06-19 08:04:04,28.41999
2019-06-19 08:05:00,29.14
2019-06-19 08:05:18,28.35999
2019-06-19 08:05:52,29.23
2019-06-19 08:06:15,28.73999
2019-06-19 08:06:41,29.15
2019-06-19 08:07:02,29.79
2019-06-19 08:07:28,30.57999
2019-06-19 08:08:26,30.57999
2019-06-19 08:08:32,30.80999
2019-06-19 08:09:29,30.80999
2019-06-19 08:09:41,30.26999
2019-06-19 08:10:36,29.72999
2019-06-19 08:11:00,30.53999
2019-06-19 08:11:19,30.91999
2019-06-19 08:11:38,31.31999
2019-06-19 08:12:04,31.92999
2019-06-19 08:12:33,32.20999
2019-06-19 08:12:53,32.68999
2019-06-19 08:13:52,32.68999
2019-06-19 08:13:57,33.56999
2019-06-19 08:14:41,33.92
2019-06-19 08:15:05,34.31999
2019-06-19 08:15:52,35.10999
2019-06-19 08:16:50,35.10999
2019-06-19 08:17:21,35.49998
2019-06-19 08:17:49,36.01999
2019-06-19 08:19:47,36.01999
2019-06-19 08:20:06,35.62
2019-06-19 08:20:43,35.13999
2019-06-19 08:21:41,35.13999
2019-06-19 08:22:03,35.30999
2019-06-19 08:27:02,35.30999
2019-06-19 08:27:08,35.43999
2019-06-19 08:28:08,35.21999
2019-06-19 08:28:44,34.74999
2019-06-19 08:29:41,34.74999
2019-06-19 08:30:09,34.50999
2019-06-19 08:30:58,34.00999
2019-06-19 08:34:56,34.00999
2019-06-19 08:35:56,34.27
2019-06-19 08:36:54,34.70999
2019-06-19 08:37:52,34.70999
2019-06-19 08:38:30,34.21999
2019-06-19 08:39:03,34.93999
2019-06-19 08:39:45,34.76999
2019-06-19 08:41:42,34.76999
2019-06-19 08:42:12,34.24
2019-06-19 08:42:30,34.98
2019-06-19 08:42:52,34.66
2019-06-19 08:43:51,34.66
2019-06-19 08:44:05,34.13999
2019-06-19 08:44:21,34.41999
2019-06-19 08:45:03,34.89999
2019-06-19 08:45:26,34.35999
2019-06-19 08:45:55,34.46999
2019-06-19 08:48:53,34.46999
2019-06-19 08:48:58,34.66
2019-06-19 08:49:56,34.66
2019-06-19 08:50:41,35.23
2019-06-19 08:51:07,34.62
2019-06-19 08:51:53,35.08999
2019-06-19 08:52:13,34.82999
2019-06-19 08:54:11,34.82999
2019-06-19 08:54:21,34.39999
2019-06-19 08:55:08,34.95
2019-06-19 08:55:29,34.35999
2019-06-19 08:56:15,34.57999
2019-06-19 08:57:12,34.57999
2019-06-19 08:57:29,34.15999
2019-06-19 08:57:51,34.68999
2019-06-19 08:58:49,34.68999
2019-06-19 08:58:58,34.63
2019-06-19 08:59:55,34.63
2019-06-19 09:00:11,34.02
2019-06-19 09:00:32,34.68999
2019-06-19 09:02:30,34.68999
2019-06-19 09:03:30,35.3
2019-06-19 09:03:46,34.42999
2019-06-19 09:04:28,34.86999
2019-06-19 09:05:16,34.63999
2019-06-19 09:06:14,34.63999
2019-06-19 09:06:35,34.77999
2019-06-19 09:07:34,34.77999
2019-06-19 09:07:50,35.23
2019-06-19 09:08:12,34.64999
2019-06-19 09:08:40,34.95
2019-06-19 09:09:38,34.95
2019-06-19 09:10:18,34.98
2019-06-19 09:11:16,34.98
2019-06-19 09:11:44,35.18999
2019-06-19 09:16:41,35.18999
2019-06-19 09:17:10,35.04999
2019-06-19 09:18:07,35.04999
2019-06-19 09:18:23,34.81999
2019-06-19 09:19:21,34.81999
2019-06-19 09:19:42,34.95999
2019-06-19 09:20:07,34.56
2019-06-19 09:21:05,34.56
2019-06-19 09:21:12,34.18999
2019-06-19 09:22:10,33.6
2019-06-19 09:22:33,33.88999
2019-06-19 09:23:01,33.57999
2019-06-19 09:23:44,33.86999
2019-06-19 09:26:42,33.86999
2019-06-19 09:27:37,34.30999
2019-06-19 09:28:25,33.55999
2019-06-19 09:28:46,34.22999
2019-06-19 09:29:44,34.22999
2019-06-19 09:29:51,33.76999
2019-06-19 09:30:19,34.25999
2019-06-19 09:32:17,34.25999
2019-06-19 09:32:50,33.83999
2019-06-19 09:33:17,34.49999
2019-06-19 09:33:44,34.15999
2019-06-19 09:34:42,34.15999
2019-06-19 09:35:19,36.05999
2019-06-19 09:35:25,34.03999
2019-06-19 09:35:51,35.56999
2019-06-19 09:36:11,33.90999
2019-06-19 09:36:33,34.93999
2019-06-19 09:36:42,35.88
2019-06-19 09:36:53,34.28999
2019-06-19 09:37:24,34.73999
2019-06-19 09:37:44,33.96999
2019-06-19 09:38:08,35.13999
2019-06-19 09:38:17,33.93999
2019-06-19 09:38:34,34.21999
2019-06-19 09:39:23,34.67999
2019-06-19 09:40:09,34.03999
2019-06-19 09:40:37,34.66
2019-06-19 09:41:08,34.03999
2019-06-19 09:42:06,34.03999
2019-06-19 09:42:15,34.48999
2019-06-19 09:42:53,34.02
2019-06-19 09:43:32,34.44999
2019-06-19 09:44:24,34.07999
2019-06-19 09:45:11,34.37
2019-06-19 09:46:09,34.37
2019-06-19 09:46:16,34.99999
2019-06-19 09:46:43,34.48999
2019-06-19 09:47:41,34.48999
2019-06-19 09:48:21,34.16999
2019-06-19 09:48:49,34.31999
2019-06-19 09:51:46,34.31999
2019-06-19 09:51:51,33.51999
2019-06-19 09:52:48,33.51999
2019-06-19 09:53:47,33.07999
2019-06-19 09:54:15,33.58999
2019-06-19 09:54:49,32.86999
2019-06-19 09:55:47,32.86999
2019-06-19 09:56:38,33.47999
2019-06-19 09:57:36,33.47999
2019-06-19 09:57:52,33.92
2019-06-19 09:58:13,33.69999
2019-06-19 09:59:10,33.69999
2019-06-19 09:59:37,33.96999
2019-06-19 10:00:32,33.66
2019-06-19 10:01:00,33.43999
2019-06-19 10:01:58,33.43999
2019-06-19 10:02:33,33.96999
2019-06-19 10:03:32,33.96999
2019-06-19 10:03:36,34.22999
2019-06-19 10:04:16,33.52999
2019-06-19 10:04:50,33.38999
2019-06-19 10:05:40,32.70999
2019-06-19 10:06:11,31.82999
2019-06-19 10:07:10,31.82999
2019-06-19 10:07:41,32.42999
2019-06-19 10:08:08,32.99999
2019-06-19 10:08:32,32.13999
2019-06-19 10:09:29,32.13999
2019-06-19 10:09:49,31.54999
2019-06-19 10:10:11,30.82
2019-06-19 10:10:37,30.34999
2019-06-19 10:11:07,30.93999
2019-06-19 10:12:04,30.16
2019-06-19 10:12:35,29.8
2019-06-19 10:14:34,29.8
2019-06-19 10:14:54,30.32999
2019-06-19 10:15:40,30.02999
2019-06-19 10:16:31,29.37999
2019-06-19 10:17:08,29.13
2019-06-19 10:17:25,28.75999
2019-06-19 10:18:03,28.40999
2019-06-19 10:18:50,27.76999
2019-06-19 10:19:31,27.17999
2019-06-19 10:20:14,26.59
2019-06-19 10:20:54,26.02999
2019-06-19 10:21:12,25.26999
2019-06-19 10:21:25,24.19999
2019-06-19 10:21:50,24.46
2019-06-19 10:22:06,23.78999
2019-06-19 10:22:29,23.23999
2019-06-19 10:22:54,22.09
2019-06-19 10:23:53,21.25999
2019-06-19 10:24:13,19.93999
2019-06-19 10:24:49,19.05
2019-06-19 10:25:42,18.4
2019-06-19 10:25:59,17.68
2019-06-19 10:26:21,16.89
2019-06-19 10:26:59,18.27
2019-06-19 10:27:57,18.27
2019-06-19 10:28:15,17.25999
2019-06-19 10:28:29,18.02
2019-06-19 10:28:57,17.21999
2019-06-19 10:29:46,18.34
2019-06-19 10:30:45,18.77
2019-06-19 10:31:05,17.87999
2019-06-19 10:32:05,17.48
2019-06-19 10:32:40,16.84999
2019-06-19 10:33:02,15.56
2019-06-19 10:33:24,16.06
2019-06-19 10:33:47,16.86
2019-06-19 10:34:46,16.86
2019-06-19 10:34:50,17.42999
2019-06-19 10:35:48,17.42999
2019-06-19 10:36:01,16.83
2019-06-19 10:36:59,16.83
2019-06-19 10:37:20,17.23999
2019-06-19 10:38:19,17.23999
2019-06-19 10:38:28,17.94
2019-06-19 10:38:40,17.28
2019-06-19 10:38:53,17.89999
2019-06-19 10:39:13,19.05
2019-06-19 10:39:45,18.1
2019-06-19 10:39:52,19.48
2019-06-19 10:40:23,18.50999
2019-06-19 10:41:21,18.50999
2019-06-19 10:42:06,19.43
2019-06-19 10:42:25,20.14999
2019-06-19 10:42:49,20.97999
2019-06-19 10:43:22,21.91999
2019-06-19 10:43:56,22.73
2019-06-19 10:44:43,22.48
2019-06-19 10:45:40,22.48
2019-06-19 10:45:56,21.65999
2019-06-19 10:46:09,22.48
2019-06-19 10:46:30,21.73999
2019-06-19 10:46:58,20.5
2019-06-19 10:47:05,22.08
2019-06-19 10:47:29,21.8
2019-06-19 10:48:09,21.40999
2019-06-19 10:50:08,21.40999
2019-06-19 10:50:42,21.10999
2019-06-19 10:51:39,21.10999
2019-06-19 10:51:48,21.27999
2019-06-19 10:53:46,21.27999
2019-06-19 10:53:48,20.59
2019-06-19 10:54:46,20.59
2019-06-19 10:55:24,21.33999
2019-06-19 10:56:06,22.41
2019-06-19 10:56:32,23.31999
2019-06-19 10:57:00,22.72
2019-06-19 10:57:55,22.52999
2019-06-19 10:58:23,21.86
2019-06-19 10:58:45,22.66999
2019-06-19 10:59:14,23.34999
2019-06-19 10:59:43,23.75
2019-06-19 11:00:06,24.64
2019-06-19 11:00:45,24.02
2019-06-19 11:01:07,23.36
2019-06-19 11:01:24,22.38999
2019-06-19 11:01:49,22.94999
2019-06-19 11:02:43,23.94999
2019-06-19 11:03:07,24.06
2019-06-19 11:03:19,25.17999
2019-06-19 11:03:50,25.75999
2019-06-19 11:04:35,25.29
2019-06-19 11:04:49,24.62999
2019-06-19 11:05:20,23.92999
2019-06-19 11:05:46,23.24999
2019-06-19 11:06:43,23.24999
2019-06-19 11:06:55,22.72
2019-06-19 11:07:43,23.21
2019-06-19 11:08:05,23.31999
2019-06-19 11:08:19,24.44999
2019-06-19 11:08:55,25.17999
2019-06-19 11:09:42,25.94
2019-06-19 11:10:21,25.42999
2019-06-19 11:10:44,24.82999
2019-06-19 11:11:08,23.91999
2019-06-19 11:11:38,24.16999
2019-06-19 11:11:53,25.08999
2019-06-19 11:12:33,25.48999
2019-06-19 11:13:31,25.48999
2019-06-19 11:13:58,24.89999
2019-06-19 11:14:24,24.19999
2019-06-19 11:14:55,23.64999
2019-06-19 11:15:25,22.79
2019-06-19 11:15:57,23.28999
2019-06-19 11:16:27,24.09
2019-06-19 11:16:48,24.50999
2019-06-19 11:17:22,25.24999
2019-06-19 11:18:05,25.73999
2019-06-19 11:18:55,26.24
2019-06-19 11:19:31,26.75999
2019-06-19 11:20:00,28.06999
2019-06-19 11:20:41,29.10999
2019-06-19 11:21:11,30.03999
2019-06-19 11:21:41,30.85999
2019-06-19 11:22:23,31.27999
2019-06-19 11:22:53,31.60999
2019-06-19 11:23:20,32.18999
2019-06-19 11:24:07,32.38
2019-06-19 11:24:50,32.96
2019-06-19 11:25:43,33.54999
2019-06-19 11:26:18,34.42999
2019-06-19 11:26:52,34.86999
2019-06-19 11:27:44,35.34999
2019-06-19 11:28:18,35.56999
2019-06-19 11:28:37,36.42999
2019-06-19 11:28:56,35.56
2019-06-19 11:29:37,34.95
2019-06-19 11:30:20,34.67999
2019-06-19 11:30:48,34.34999
2019-06-19 11:31:38,33.56999
2019-06-19 11:32:02,33.92999
2019-06-19 11:32:54,33.57999
2019-06-19 11:33:51,33.57999
2019-06-19 11:34:07,32.79999
2019-06-19 11:34:22,33.64999
2019-06-19 11:34:59,32.99999
2019-06-19 11:35:46,32.81999
2019-06-19 11:36:14,31.96999
2019-06-19 11:38:12,31.96999
2019-06-19 11:38:33,31.33999
2019-06-19 11:39:30,31.33999
2019-06-19 11:40:24,31.57999
2019-06-19 11:41:22,31.57999
2019-06-19 11:41:56,32.00999
2019-06-19 11:42:53,32.00999
2019-06-19 11:43:24,32.53999
2019-06-19 11:43:50,31.93999
2019-06-19 11:44:20,32.22999
2019-06-19 11:46:17,32.22999
2019-06-19 11:46:29,32.54999
2019-06-19 11:48:27,32.54999
2019-06-19 11:48:57,32.18999
2019-06-19 11:49:39,32.48999
2019-06-19 11:50:26,32.74999
2019-06-19 11:50:56,32.55999
2019-06-19 11:51:24,32.06999
2019-06-19 11:52:09,31.16
2019-06-19 11:53:06,31.16
2019-06-19 11:53:12,30.72
2019-06-19 11:53:44,30.35999
2019-06-19 11:54:05,29.89
2019-06-19 11:54:57,30.05999
2019-06-19 11:55:21,29.49
2019-06-19 11:55:37,29.59999
2019-06-19 11:56:34,28.55999
2019-06-19 11:57:26,27.64
2019-06-19 11:58:03,27.33999
2019-06-19 11:58:50,27.88
2019-06-19 11:59:14,27.29
2019-06-19 11:59:35,27.80999
2019-06-19 12:01:32,27.80999
2019-06-19 12:02:21,27.18999
2019-06-19 12:03:18,27.18999
2019-06-19 12:04:02,27.43999
2019-06-19 12:04:19,27.00999
2019-06-19 12:07:17,27.00999
2019-06-19 12:07:39,26.79999
2019-06-19 12:08:37,26.79999
2019-06-19 12:08:40,27.38999
2019-06-19 12:09:38,27.38999
2019-06-19 12:09:42,27.50999
2019-06-19 12:10:10,26.96
2019-06-19 12:11:08,26.96
2019-06-19 12:11:18,26.56
2019-06-19 12:11:35,27.32999
2019-06-19 12:13:33,27.32999
2019-06-19 12:13:36,27.73999
2019-06-19 12:13:49,28.70999
2019-06-19 12:14:24,29.38999
2019-06-19 12:14:46,28.13999
2019-06-19 12:15:02,28.72999
2019-06-19 12:15:59,28.72999
2019-06-19 12:16:20,29.52
2019-06-19 12:16:50,30.21
2019-06-19 12:17:23,30.79
2019-06-19 12:17:53,31.51999
2019-06-19 12:18:41,32.07999
2019-06-19 12:19:15,32.85999
2019-06-19 12:20:09,33.73999
2019-06-19 12:20:29,33.08999
2019-06-19 12:20:46,33.6
2019-06-19 12:21:30,34.39999
2019-06-19 12:21:58,33.98
2019-06-19 12:22:54,33.98
2019-06-19 12:23:52,34.19999
2019-06-19 12:24:27,33.85999
2019-06-19 12:25:19,33.46999
2019-06-19 12:25:58,32.43999
2019-06-19 12:26:56,32.43999
2019-06-19 12:27:04,31.59999
2019-06-19 12:27:39,30.94999
2019-06-19 12:28:06,30.45
2019-06-19 12:28:30,29.87999
2019-06-19 12:28:49,29.16
2019-06-19 12:29:15,28.43999
2019-06-19 12:29:41,27.62
2019-06-19 12:30:09,26.88
2019-06-19 12:30:27,26.02
2019-06-19 12:30:40,26.59999
2019-06-19 12:31:12,26.3
2019-06-19 12:31:42,25.37999
2019-06-19 12:32:40,25.37999
2019-06-19 12:33:34,24.8
2019-06-19 12:34:03,25.37
2019-06-19 12:34:23,25.90999
2019-06-19 12:34:47,27.32999
2019-06-19 12:35:08,26.45999
2019-06-19 12:36:06,26.45999
2019-06-19 12:36:27,27.45999
2019-06-19 12:36:46,28.52999
2019-06-19 12:37:27,29.60999
2019-06-19 12:38:05,30.00999
2019-06-19 12:38:21,31.28999
2019-06-19 12:38:45,31.78999
2019-06-19 12:39:07,32.60999
2019-06-19 12:39:47,33.70999
2019-06-19 12:40:39,35.33999
2019-06-19 12:40:59,34.88999
2019-06-19 12:41:57,34.88999
2019-06-19 12:42:18,34.37
2019-06-19 12:42:41,34.62
2019-06-19 12:44:39,34.62
2019-06-19 12:44:56,34.92
2019-06-19 12:45:55,34.66999
2019-06-19 12:46:52,34.66999
2019-06-19 12:47:04,34.02999
2019-06-19 12:47:36,34.46999
2019-06-19 12:48:34,34.46999
2019-06-19 12:48:48,34.21999
2019-06-19 12:49:45,34.21999
2019-06-19 12:50:22,33.73
2019-06-19 12:50:43,34.19999
2019-06-19 12:50:59,33.54999
2019-06-19 12:52:00,33.22999
2019-06-19 12:52:31,32.67
2019-06-19 12:52:58,31.97999
2019-06-19 12:53:55,31.97999
2019-06-19 12:54:50,31.59999
2019-06-19 12:55:46,31.59999
2019-06-19 12:56:25,31.89999
2019-06-19 12:57:24,32.38999
2019-06-19 12:57:52,31.97999
2019-06-19 12:59:49,31.97999
2019-06-19 13:00:48,32.20999
2019-06-19 13:01:23,32.12
2019-06-19 13:04:20,32.12
2019-06-19 13:04:58,32.56999
2019-06-19 13:05:56,32.56999
2019-06-19 13:06:13,32.39999
2019-06-19 13:07:10,32.39999
2019-06-19 13:07:41,32.83999
2019-06-19 13:09:39,32.83999
2019-06-19 13:10:07,33.13999
2019-06-19 13:11:02,33.37
2019-06-19 13:14:00,33.37
2019-06-19 13:14:50,32.94999
2019-06-19 13:15:47,32.94999
2019-06-19 13:16:06,33.18999
2019-06-19 13:16:47,32.99999
2019-06-19 13:19:45,32.99999
2019-06-19 13:20:20,33.26999
2019-06-19 13:21:18,33.26999
2019-06-19 13:21:21,33.10999
2019-06-19 13:22:16,33.62
2019-06-19 13:22:34,33.26999
2019-06-19 13:24:31,33.26999
2019-06-19 13:24:40,33.74999
2019-06-19 13:25:18,33.35999
2019-06-19 13:26:05,33.06999
2019-06-19 13:28:02,33.06999
2019-06-19 13:28:38,33.20999
2019-06-19 13:29:27,32.90999
2019-06-19 13:30:26,32.48999
2019-06-19 13:30:55,32.73
2019-06-19 13:31:42,32.86999
2019-06-19 13:32:20,32.38999
2019-06-19 13:32:37,33.17999
2019-06-19 13:32:56,32.88999
2019-06-19 13:35:54,32.88999
2019-06-19 13:36:54,32.35
2019-06-19 13:37:17,32.75999
2019-06-19 13:37:55,32.37
2019-06-19 13:38:52,32.37
2019-06-19 13:39:41,32.70999
2019-06-19 13:40:13,32.42999
2019-06-19 13:41:11,32.42999
2019-06-19 13:41:55,31.85999
2019-06-19 13:42:52,31.85999
2019-06-19 13:43:26,31.33999
2019-06-19 13:43:59,30.63999
2019-06-19 13:44:37,30.21
2019-06-19 13:45:13,29.73999
2019-06-19 13:45:37,30.21999
2019-06-19 13:46:34,30.21999
2019-06-19 13:46:43,30.12
2019-06-19 13:47:42,30.85999
2019-06-19 13:48:38,30.47
2019-06-19 13:49:34,30.13
2019-06-19 13:50:32,30.13
2019-06-19 13:50:47,29.65999
2019-06-19 13:51:37,29.96999
2019-06-19 13:52:35,29.96999
2019-06-19 13:53:17,29.70999
2019-06-19 13:54:15,29.70999
2019-06-19 13:55:02,30.08
2019-06-19 13:56:01,30.88999
2019-06-19 13:56:41,31.36
2019-06-19 13:57:08,31.90999
2019-06-19 13:57:45,32.39999
2019-06-19 13:58:14,32.96999
2019-06-19 13:58:39,33.39999
2019-06-19 13:58:59,34.37
2019-06-19 14:00:57,34.37
2019-06-19 14:01:21,35.01999
2019-06-19 14:01:46,34.22999
2019-06-19 14:02:33,34.62
2019-06-19 14:05:30,34.62
2019-06-19 14:06:01,34.37999
2019-06-19 14:06:59,34.37999
2019-06-19 14:07:11,34.85999
2019-06-19 14:07:44,34.24999
2019-06-19 14:08:17,34.46999
2019-06-19 14:10:15,34.46999
2019-06-19 14:11:06,33.90999
2019-06-19 14:11:34,34.30999
2019-06-19 14:12:31,34.30999
2019-06-19 14:12:41,34.05999
2019-06-19 14:14:39,34.05999
2019-06-19 14:15:37,33.78999
2019-06-19 14:16:35,33.78999
2019-06-19 14:17:24,33.32999
2019-06-19 14:18:00,33.70999
2019-06-19 14:18:57,33.70999
2019-06-19 14:19:31,33.41
2019-06-19 14:23:29,33.41
2019-06-19 14:23:55,33.06999
2019-06-19 14:25:53,33.06999
2019-06-19 14:26:03,32.92999
2019-06-19 14:27:01,32.92999
2019-06-19 14:27:46,33.25999
2019-06-19 14:28:43,33.25999
2019-06-19 14:29:13,33.63
2019-06-19 14:30:10,33.63
2019-06-19 14:30:14,33.77999
2019-06-19 14:31:11,33.77999
2019-06-19 14:31:24,34.19999
2019-06-19 14:31:44,33.46999
2019-06-19 14:32:41,33.46999
2019-06-19 14:32:58,33.13999
2019-06-19 14:33:40,32.84999
2019-06-19 14:34:28,32.34
2019-06-19 14:35:03,32.74999
2019-06-19 14:42:01,32.74999
2019-06-19 14:42:52,32.51999
2019-06-19 14:43:46,33.17999
2019-06-19 14:44:26,32.84999
2019-06-19 14:45:22,33.02999
2019-06-19 14:46:19,33.02999
2019-06-19 14:46:46,33.41
2019-06-19 14:47:30,33.15999
2019-06-19 14:48:28,33.15999
2019-06-19 14:48:30,33.00999
2019-06-19 14:49:14,32.75999
2019-06-19 14:49:42,33.08999
2019-06-19 14:50:40,33.08999
2019-06-19 14:51:08,32.62999
2019-06-19 14:51:43,33.10999
2019-06-19 14:53:41,33.10999
2019-06-19 14:53:57,32.60999
2019-06-19 14:54:55,32.60999
2019-06-19 14:55:30,32.91999
2019-06-19 14:56:05,32.59999
2019-06-19 14:56:35,31.85999
2019-06-19 14:57:32,31.85999
2019-06-19 14:57:54,32.06999
2019-06-19 14:58:54,32.44999
2019-06-19 14:59:52,32.44999
2019-06-19 15:00:17,31.91999
2019-06-19 15:00:34,32.34
2019-06-19 15:01:31,32.34
2019-06-19 15:01:44,32.58999
2019-06-19 15:02:05,33.21999
2019-06-19 15:02:50,32.98
2019-06-19 15:03:18,33.20999
2019-06-19 15:03:58,33.48999
2019-06-19 15:04:44,33.75999
2019-06-19 15:05:42,33.75999
2019-06-19 15:06:13,34.18999
2019-06-19 15:06:51,33.89999
2019-06-19 15:07:50,33.89999
2019-06-19 15:07:52,33.38999
2019-06-19 15:08:18,33.77999
2019-06-19 15:09:15,33.77999
2019-06-19 15:09:20,33.53999
2019-06-19 15:11:17,33.53999
2019-06-19 15:11:38,33.35999
2019-06-19 15:12:16,33.02999
2019-06-19 15:12:42,32.67
2019-06-19 15:13:40,32.23999
2019-06-19 15:14:37,32.23999
2019-06-19 15:15:06,31.93999
2019-06-19 15:16:03,31.93999
2019-06-19 15:16:42,32.32999
2019-06-19 15:17:39,32.32999
2019-06-19 15:18:17,32.68999
2019-06-19 15:19:14,32.29999
2019-06-19 15:20:05,32.61999
2019-06-19 15:22:02,32.61999
2019-06-19 15:22:19,32.80999
2019-06-19 15:23:16,32.80999
2019-06-19 15:23:38,32.35
2019-06-19 15:24:10,32.76999
2019-06-19 15:25:09,32.76999
2019-06-19 15:25:21,32.55999
2019-06-19 15:26:20,32.79999
2019-06-19 15:30:17,32.79999
2019-06-19 15:30:47,32.60999
2019-06-19 15:31:07,33.02
2019-06-19 15:32:04,33.02
2019-06-19 15:32:26,32.79999
2019-06-19 15:33:23,32.79999
2019-06-19 15:33:43,32.35
2019-06-19 15:34:18,32.73999
2019-06-19 15:35:15,32.73999
2019-06-19 15:35:55,32.32999
2019-06-19 15:36:27,32.90999
2019-06-19 15:37:24,32.90999
2019-06-19 15:37:39,32.7
2019-06-19 15:38:36,32.7
2019-06-19 15:38:56,32.88999
2019-06-19 15:39:53,32.88999
2019-06-19 15:40:03,33.16999
2019-06-19 15:40:37,33.05999
2019-06-19 15:43:34,33.05999
2019-06-19 15:43:55,33.41999
2019-06-19 15:44:40,33.19999
2019-06-19 15:45:37,33.19999
2019-06-19 15:46:09,33.66999
2019-06-19 15:46:51,33.10999
2019-06-19 15:47:23,33.53999
2019-06-19 15:47:59,33.26999
2019-06-19 15:48:54,32.86999
2019-06-19 15:49:27,33.05999
2019-06-19 15:51:24,33.05999
2019-06-19 15:52:06,33.74999
2019-06-19 15:52:32,33.56999
2019-06-19 15:53:05,33.45999
2019-06-19 15:53:54,33.81999
2019-06-19 15:54:51,33.81999
2019-06-19 15:55:10,33.56999
2019-06-19 15:58:07,33.56999
2019-06-19 15:58:30,33.78999
2019-06-19 15:59:08,33.37
2019-06-19 15:59:53,33.73
2019-06-19 16:00:27,33.54999
2019-06-19 16:01:10,34.25999
2019-06-19 16:01:31,33.83999
2019-06-19 16:01:57,34.18999
2019-06-19 16:02:54,34.18999
2019-06-19 16:03:01,33.69999
2019-06-19 16:03:24,34.05999
2019-06-19 16:04:22,34.05999
2019-06-19 16:05:00,33.81999
2019-06-19 16:05:37,33.6
2019-06-19 16:06:12,33.14999
2019-06-19 16:07:10,33.14999
2019-06-19 16:07:36,32.79999
2019-06-19 16:10:34,32.79999
2019-06-19 16:11:00,33.03999
2019-06-19 16:11:58,33.03999
2019-06-19 16:12:24,33.34
2019-06-19 16:12:57,33.05
2019-06-19 16:14:54,33.05
2019-06-19 16:15:46,32.61999
2019-06-19 16:16:07,33.05
2019-06-19 16:17:04,33.05
2019-06-19 16:17:10,32.83999
2019-06-19 16:19:07,32.83999
2019-06-19 16:19:25,33.02999
2019-06-19 16:20:22,33.02999
2019-06-19 16:21:20,32.82999
2019-06-19 16:21:53,33.10999
2019-06-19 16:22:51,33.10999
2019-06-19 16:23:53,33.44999
2019-06-19 16:24:50,33.44999
2019-06-19 16:25:10,33.68999
2019-06-19 16:26:01,34.18999
2019-06-19 16:26:16,33.62
2019-06-19 16:27:11,33.89999
2019-06-19 16:28:08,33.89999
2019-06-19 16:28:27,33.57999
2019-06-19 16:29:14,33.37999
2019-06-19 16:30:00,32.83999
2019-06-19 16:30:58,32.83999
2019-06-19 16:31:09,32.34
2019-06-19 16:31:56,32.73
2019-06-19 16:32:53,32.73
2019-06-19 16:33:32,33.25999
2019-06-19 16:34:17,33.03999
2019-06-19 16:41:14,33.03999
2019-06-19 16:42:08,33.68999
2019-06-19 16:43:05,33.68999
2019-06-19 16:43:26,33.62
2019-06-19 16:44:24,33.62
2019-06-19 16:44:31,33.96999
2019-06-19 16:46:28,33.96999
2019-06-19 16:47:21,34.02999
2019-06-19 16:49:19,34.02999
2019-06-19 16:50:06,33.78999
2019-06-19 16:50:37,34.30999
2019-06-19 16:50:57,34.16999
2019-06-19 16:53:55,34.16999
2019-06-19 16:54:09,33.98
2019-06-19 16:54:43,33.6
2019-06-19 16:55:28,33.98
2019-06-19 16:57:25,33.98
2019-06-19 16:58:16,33.58999
2019-06-19 16:59:13,33.58999
2019-06-19 16:59:48,33.12
2019-06-19 17:01:46,33.12
2019-06-19 17:01:58,32.63999
2019-06-19 17:02:56,32.63999
2019-06-19 17:03:12,32.44999
2019-06-19 17:04:10,32.44999
2019-06-19 17:04:27,31.72
2019-06-19 17:05:25,32.00999
2019-06-19 17:06:18,31.33999
2019-06-19 17:06:37,32.16999
2019-06-19 17:07:01,32.90999
2019-06-19 17:07:25,32.57999
2019-06-19 17:07:44,32.07999
2019-06-19 17:08:12,31.85999
2019-06-19 17:08:42,31.72
2019-06-19 17:09:18,31.39
2019-06-19 17:09:43,32.12999
2019-06-19 17:10:41,32.12999
2019-06-19 17:10:48,31.53999
2019-06-19 17:11:45,31.53999
2019-06-19 17:12:39,31.86999
2019-06-19 17:13:01,31.21999
2019-06-19 17:14:58,31.21999
2019-06-19 17:15:17,31.87999
2019-06-19 17:16:00,32.64999
2019-06-19 17:16:42,33.26999
2019-06-19 17:17:03,32.46999
2019-06-19 17:17:33,31.85999
2019-06-19 17:17:53,31.06
2019-06-19 17:18:50,31.88999
2019-06-19 17:19:27,32.7
2019-06-19 17:20:23,32.7
2019-06-19 17:20:31,32.34
2019-06-19 17:21:00,31.83999
2019-06-19 17:21:24,31.26999
2019-06-19 17:22:20,31.75999
2019-06-19 17:22:43,32.16999
2019-06-19 17:23:08,32.51999
2019-06-19 17:23:41,32.09999
2019-06-19 17:24:08,31.50999
2019-06-19 17:24:45,30.69999
2019-06-19 17:25:43,30.69999
2019-06-19 17:26:23,31.14999
2019-06-19 17:26:40,32.10999
2019-06-19 17:27:16,31.50999
2019-06-19 17:27:59,30.90999
2019-06-19 17:28:19,31.18999
2019-06-19 17:29:17,31.18999
2019-06-19 17:29:43,30.4
2019-06-19 17:30:25,30.22999
2019-06-19 17:31:02,29.71999
2019-06-19 17:31:42,30.37999
2019-06-19 17:32:23,30.90999
2019-06-19 17:33:12,31.54999
2019-06-19 17:34:08,31.54999
2019-06-19 17:34:14,31.8
2019-06-19 17:35:12,31.8
2019-06-19 17:35:46,32.23999
2019-06-19 17:36:35,33.03999
2019-06-19 17:37:01,32.7
2019-06-19 17:37:44,33.28
2019-06-19 17:38:03,32.77999
2019-06-19 17:38:31,33.16999
2019-06-19 17:40:28,33.16999
2019-06-19 17:40:44,33.93999
2019-06-19 17:40:58,33.31
2019-06-19 17:41:55,33.31
2019-06-19 17:42:25,32.42999
2019-06-19 17:43:08,31.65999
2019-06-19 17:44:05,31.65999
2019-06-19 17:44:12,31.91999
2019-06-19 17:45:08,31.91999
2019-06-19 17:46:07,32.58999
2019-06-19 17:46:34,32.98
2019-06-19 17:46:55,33.68999
2019-06-19 17:47:52,33.68999
2019-06-19 17:48:29,33.38999
2019-06-19 17:49:27,33.38999
2019-06-19 17:49:34,32.80999
2019-06-19 17:50:19,32.21999
2019-06-19 17:50:55,31.91999
2019-06-19 17:51:52,31.91999
2019-06-19 17:52:01,32.77999
2019-06-19 17:53:01,32.31999
2019-06-19 17:53:27,32.92999
2019-06-19 17:53:48,32.05
2019-06-19 17:54:18,32.35999
2019-06-19 17:54:58,32.81999
2019-06-19 17:55:46,32.38999
2019-06-19 17:56:21,32.84999
2019-06-19 17:57:05,33.06999
2019-06-19 17:59:03,33.06999
2019-06-19 17:59:28,33.70999
2019-06-19 17:59:47,33.34999
2019-06-19 18:00:45,33.34999
2019-06-19 18:00:59,33.69999
2019-06-19 18:01:55,34.06999
2019-06-19 18:02:53,34.06999
2019-06-19 18:02:58,33.81999
2019-06-19 18:03:21,33.35999
2019-06-19 18:03:55,33.02999
2019-06-19 18:04:52,33.02999
2019-06-19 18:05:49,32.59999
2019-06-19 18:06:46,32.59999
2019-06-19 18:07:41,32.06
2019-06-19 18:08:27,32.32999
2019-06-19 18:09:23,32.32999
2019-06-19 18:10:14,32.80999
2019-06-19 18:10:30,32.03999
2019-06-19 18:11:28,32.03999
2019-06-19 18:11:55,32.56999
2019-06-19 18:12:45,33.02999
2019-06-19 18:13:04,32.67999
2019-06-19 18:14:02,32.67999
2019-06-19 18:14:07,32.73999
2019-06-19 18:15:03,33.12999
2019-06-19 18:15:36,32.52999
2019-06-19 18:16:09,32.80999
2019-06-19 18:18:07,32.80999
2019-06-19 18:18:19,32.37
2019-06-19 18:18:42,33.12
2019-06-19 18:19:17,32.54999
2019-06-19 18:19:56,33.13999
2019-06-19 18:20:34,32.68999
2019-06-19 18:22:32,32.68999
2019-06-19 18:23:05,32.47999
2019-06-19 18:23:54,32.67
2019-06-19 18:24:33,33.18999
2019-06-19 18:24:59,32.98
2019-06-19 18:26:57,32.98
2019-06-19 18:27:00,32.73999
2019-06-19 18:27:51,33.02
2019-06-19 18:28:39,33.69999
2019-06-19 18:29:03,33.05
2019-06-19 18:29:28,33.80999
2019-06-19 18:29:46,33.13999
2019-06-19 18:30:26,33.53999
2019-06-19 18:31:06,33.03999
2019-06-19 18:32:03,33.03999
2019-06-19 18:32:13,33.34999
2019-06-19 18:33:11,33.34999
2019-06-19 18:33:59,32.90999
2019-06-19 18:34:53,33.3
2019-06-19 18:35:51,32.87999
2019-06-19 18:36:48,32.87999
2019-06-19 18:37:46,32.26999
2019-06-19 18:38:44,32.26999
2019-06-19 18:39:17,32.47999
2019-06-19 18:40:01,32.93999
2019-06-19 18:40:59,32.93999
2019-06-19 18:41:34,33.02
2019-06-19 18:43:31,33.02
2019-06-19 18:43:45,32.56999
2019-06-19 18:44:36,32.98
2019-06-19 18:45:33,32.98
2019-06-19 18:45:52,32.85999
2019-06-19 18:46:49,32.85999
2019-06-19 18:47:27,33.24998
2019-06-19 18:48:08,33.15999
2019-06-19 18:51:06,33.15999
2019-06-19 18:52:04,32.83999
2019-06-19 18:52:35,33.35999
2019-06-19 18:53:19,33.17999
2019-06-19 18:54:06,33.68999
2019-06-19 18:58:04,33.68999
2019-06-19 18:58:16,34.13999
2019-06-19 18:58:51,33.98999
2019-06-19 18:59:19,33.6
2019-06-19 18:59:53,33.85999
2019-06-19 19:00:51,33.85999
2019-06-19 19:01:21,33.17999
2019-06-19 19:02:20,32.78999
2019-06-19 19:03:18,32.78999
2019-06-19 19:03:27,33.10999
2019-06-19 19:06:24,33.10999
2019-06-19 19:07:02,32.60999
2019-06-19 19:07:35,32.96
2019-06-19 19:08:22,32.63999
2019-06-19 19:08:42,33.74999
2019-06-19 19:08:59,33.24998
2019-06-19 19:09:35,32.98
2019-06-19 19:10:32,32.98
2019-06-19 19:11:03,33.51999
2019-06-19 19:11:59,33.51999
2019-06-19 19:12:03,33.31999
2019-06-19 19:12:59,33.31999
2019-06-19 19:13:54,33.42999
2019-06-19 19:14:47,33.02999
2019-06-19 19:15:31,33.12
2019-06-19 19:16:06,33.23999
2019-06-19 19:17:04,33.23999
2019-06-19 19:17:43,33.67999
2019-06-19 19:18:40,33.67999
2019-06-19 19:18:59,33.08999
2019-06-19 19:19:16,33.84999
2019-06-19 19:19:58,33.37
2019-06-19 19:20:41,33.90999
2019-06-19 19:21:26,33.57999
2019-06-19 19:21:43,34.11999
2019-06-19 19:22:32,33.71999
2019-06-19 19:23:28,33.71999
2019-06-19 19:24:24,33.89999
2019-06-19 19:24:47,33.31999
2019-06-19 19:25:16,33.60999
2019-06-19 19:26:08,33.42999
2019-06-19 19:27:05,33.42999
2019-06-19 19:27:33,33.08999
2019-06-19 19:29:31,33.08999
2019-06-19 19:30:06,33.66
2019-06-19 19:30:37,33.42999
2019-06-19 19:32:35,33.42999
2019-06-19 19:33:34,33.21999
2019-06-19 19:34:20,32.93999
2019-06-19 19:35:16,32.93999
2019-06-19 19:35:34,33.34
2019-06-19 19:36:27,33.78999
2019-06-19 19:37:24,33.78999
2019-06-19 19:37:30,33.44999
2019-06-19 19:41:28,33.44999
2019-06-19 19:41:39,33.96999
2019-06-19 19:42:16,33.60999
2019-06-19 19:42:44,34.12999
2019-06-19 19:44:40,34.12999
2019-06-19 19:45:15,33.81999
2019-06-19 19:45:51,34.03999
2019-06-19 19:47:49,34.03999
2019-06-19 19:47:55,33.67999
2019-06-19 19:48:19,34.17999
2019-06-19 19:49:16,34.17999
2019-06-19 19:49:26,33.88999
2019-06-19 19:50:10,33.95
2019-06-19 19:51:07,33.95
2019-06-19 19:51:19,34.47999
2019-06-19 19:51:45,34.3
2019-06-19 19:52:43,34.3
2019-06-19 19:53:03,34.70999
2019-06-19 19:53:36,34.50999
2019-06-19 19:54:18,34.13999
2019-06-19 19:55:16,34.13999
2019-06-19 19:55:28,34.28999
2019-06-19 19:56:25,34.28999
2019-06-19 19:56:30,34.62
2019-06-19 19:57:00,33.92999
2019-06-19 19:57:26,34.27
2019-06-19 19:58:11,33.86999
2019-06-19 19:59:08,33.86999
2019-06-19 19:59:12,33.51999
2019-06-19 20:00:01,33.16999
2019-06-19 20:00:57,33.16999
2019-06-19 20:01:18,33.67999
2019-06-19 20:01:42,33.48999
2019-06-19 20:02:40,33.48999
2019-06-19 20:03:10,34.05999
2019-06-19 20:04:07,34.05999
2019-06-19 20:04:50,34.72999
2019-06-19 20:05:47,34.72999
2019-06-19 20:06:00,34.50999
2019-06-19 20:06:57,34.50999
2019-06-19 20:07:25,34.14999
2019-06-19 20:08:15,34.51999
2019-06-19 20:09:07,35.09999
2019-06-19 20:09:29,34.72999
2019-06-19 20:10:25,34.72999
2019-06-19 20:11:12,34.57999
2019-06-19 20:12:06,34.43999
2019-06-19 20:15:03,34.43999
2019-06-19 20:15:21,33.89999
2019-06-19 20:17:18,33.89999
2019-06-19 20:17:26,33.37
2019-06-19 20:18:23,33.37
2019-06-19 20:19:06,33.90999
2019-06-19 20:19:51,33.41999
2019-06-19 20:20:40,33.71999
2019-06-19 20:21:36,33.71999
2019-06-19 20:22:07,33.98999
2019-06-19 20:23:04,33.98999
2019-06-19 20:23:12,34.15999
2019-06-19 20:23:38,34.50999
2019-06-19 20:24:35,34.50999
2019-06-19 20:25:29,34.28999
2019-06-19 20:26:19,34.67999
2019-06-19 20:26:38,34.22999
2019-06-19 20:28:35,34.22999
2019-06-19 20:28:51,34.63
2019-06-19 20:29:49,34.63
2019-06-19 20:30:05,34.85999
2019-06-19 20:30:55,35.00999
2019-06-19 20:32:52,35.00999
2019-06-19 20:33:09,34.73999
2019-06-19 20:35:06,34.73999
2019-06-19 20:35:44,34.92999
2019-06-19 20:36:42,34.92999
2019-06-19 20:37:09,34.82999
2019-06-19 20:38:06,34.82999
2019-06-19 20:38:16,34.42999
2019-06-19 20:38:47,34.84999
2019-06-19 20:39:44,34.84999
2019-06-19 20:39:48,34.28999
2019-06-19 20:40:16,34.62
2019-06-19 20:41:13,34.62
2019-06-19 20:41:48,34.91
2019-06-19 20:42:41,34.77999
2019-06-19 20:45:38,34.77999
2019-06-19 20:46:30,34.15999
2019-06-19 20:47:05,34.88999
2019-06-19 20:47:33,34.60999
2019-06-19 20:48:21,34.38999
2019-06-19 20:48:50,34.59
2019-06-19 20:49:47,34.59
2019-06-19 20:49:59,34.13999
2019-06-19 20:50:26,34.27
2019-06-19 20:51:23,34.27
2019-06-19 20:51:26,34.88
2019-06-19 20:52:01,34.39999
2019-06-19 20:52:57,34.44999
2019-06-19 20:53:47,35.03999
2019-06-19 20:54:08,34.88
2019-06-19 20:55:06,34.59999
2019-06-19 20:58:04,34.59999
2019-06-19 20:58:27,35.10999
2019-06-19 20:59:05,34.60999
2019-06-19 21:00:02,34.60999
2019-06-19 21:00:08,35.07999
2019-06-19 21:00:25,34.34999
2019-06-19 21:01:17,34.80999
2019-06-19 21:02:09,34.67999
2019-06-19 21:03:06,34.67999
2019-06-19 21:03:51,34.34
2019-06-19 21:04:22,34.64999
2019-06-19 21:05:19,34.64999
2019-06-19 21:05:36,34.45999
2019-06-19 21:11:33,34.45999
2019-06-19 21:12:29,33.96999
2019-06-19 21:12:47,34.56
2019-06-19 21:13:23,34.12999
2019-06-19 21:14:12,34.64999
2019-06-19 21:14:57,34.30999
2019-06-19 21:15:44,34.63999
2019-06-19 21:16:43,34.63999
2019-06-19 21:17:43,34.37999
2019-06-19 21:18:36,34.56999
2019-06-19 21:19:33,34.56999
2019-06-19 21:19:58,35.03999
2019-06-19 21:20:16,34.62
2019-06-19 21:21:13,34.62
2019-06-19 21:22:05,34.44999
2019-06-19 21:24:03,34.44999
2019-06-19 21:24:25,34.21999
2019-06-19 21:25:01,34.38999
2019-06-19 21:25:58,34.38999
2019-06-19 21:26:43,34.74999
2019-06-19 21:27:39,34.51999
2019-06-19 21:29:36,34.51999
2019-06-19 21:29:48,35.24
2019-06-19 21:30:37,35.04999
2019-06-19 21:31:27,34.69999
2019-06-19 21:32:23,34.86999
2019-06-19 21:33:20,34.86999
2019-06-19 21:34:06,34.60999
2019-06-19 21:35:03,34.60999
2019-06-19 21:35:30,35.11999
2019-06-19 21:35:46,34.71999
2019-06-19 21:36:24,34.47999
2019-06-19 21:37:10,33.90999
2019-06-19 21:39:08,33.90999
2019-06-19 21:39:23,33.52999
2019-06-19 21:40:20,33.52999
2019-06-19 21:40:49,33.16999
2019-06-19 21:43:46,33.16999
2019-06-19 21:44:08,33.52999
2019-06-19 21:44:57,33.82999
2019-06-19 21:45:34,34.16999
2019-06-19 21:46:32,34.38999
2019-06-19 21:47:27,34.79999
2019-06-19 21:48:06,34.37
2019-06-19 21:48:35,34.69999
2019-06-19 21:50:32,34.69999
2019-06-19 21:51:07,34.47999
2019-06-19 21:52:04,34.47999
2019-06-19 21:52:41,34.80999
2019-06-19 21:53:11,34.37999
2019-06-19 21:53:38,34.75999
2019-06-19 21:58:35,34.75999
2019-06-19 21:59:07,34.66999
2019-06-19 22:00:04,34.66999
2019-06-19 22:00:28,34.40999
2019-06-19 22:01:25,34.40999
2019-06-19 22:01:40,34.78999
2019-06-19 22:02:37,34.78999
2019-06-19 22:02:41,34.40999
2019-06-19 22:03:38,34.40999
2019-06-19 22:03:47,34.73999
2019-06-19 22:04:41,34.25999
2019-06-19 22:05:25,34.57999
2019-06-19 22:06:23,34.57999
2019-06-19 22:06:53,34.34
2019-06-19 22:10:50,34.34
2019-06-19 22:11:20,34.83999
2019-06-19 22:12:14,34.63
2019-06-19 22:12:53,34.24
2019-06-19 22:13:51,33.51999
2019-06-19 22:15:48,33.51999
2019-06-19 22:16:26,33.07999
2019-06-19 22:16:57,33.34
2019-06-19 22:17:25,33.09999
2019-06-19 22:18:23,33.09999
2019-06-19 22:18:34,33.62
2019-06-19 22:19:31,33.62
2019-06-19 22:19:41,34.17999
2019-06-19 22:20:04,33.89999
2019-06-19 22:21:02,33.89999
2019-06-19 22:21:09,34.11999
2019-06-19 22:22:06,34.11999
2019-06-19 22:22:13,33.81999
2019-06-19 22:22:57,33.96999
2019-06-19 22:23:31,34.13999
2019-06-19 22:24:00,34.43999
2019-06-19 22:24:35,34.03999
2019-06-19 22:25:09,34.56
2019-06-19 22:25:57,34.20999
2019-06-19 22:26:53,34.20999
2019-06-19 22:27:52,34.34
2019-06-19 22:28:50,34.34
2019-06-19 22:29:00,34.52999
2019-06-19 22:29:57,34.52999
2019-06-19 22:30:11,34.84999
2019-06-19 22:31:08,34.84999
2019-06-19 22:31:22,34.59
2019-06-19 22:31:48,34.93999
2019-06-19 22:32:24,34.53999
2019-06-19 22:33:11,35.10999
2019-06-19 22:33:48,34.44999
2019-06-19 22:34:25,34.54999
2019-06-19 22:34:57,34.85999
2019-06-19 22:35:52,34.56
2019-06-19 22:36:24,34.35999
2019-06-19 22:38:21,34.35999
2019-06-19 22:38:50,33.70999
2019-06-19 22:39:12,34.38999
2019-06-19 22:39:30,33.80999
2019-06-19 22:40:21,34.18999
2019-06-19 22:40:46,33.85999
2019-06-19 22:41:43,33.85999
2019-06-19 22:42:22,33.63
2019-06-19 22:42:56,34.09999
2019-06-19 22:43:34,33.87999
2019-06-19 22:44:10,34.12999
2019-06-19 22:46:07,34.12999
2019-06-19 22:46:29,34.46999
2019-06-19 22:47:21,34.05999
2019-06-19 22:48:18,34.05999
2019-06-19 22:48:21,34.16999
2019-06-19 22:49:19,34.16999
2019-06-19 22:49:41,34.25999
2019-06-19 22:50:38,34.25999
2019-06-19 22:50:56,34.73999
2019-06-19 22:51:28,34.37
2019-06-19 22:52:25,34.37
2019-06-19 22:52:34,34.82999
2019-06-19 22:52:58,34.47999
2019-06-19 22:53:56,34.47999
2019-06-19 22:54:10,34.88999
2019-06-19 22:54:46,34.48999
2019-06-19 22:58:44,34.48999
2019-06-19 22:59:05,34.63
2019-06-19 22:59:48,34.48999
2019-06-19 23:00:46,34.48999
2019-06-19 23:01:49,34.34999
2019-06-19 23:02:46,34.17999
2019-06-19 23:03:42,33.63999
2019-06-19 23:04:38,33.63999
2019-06-19 23:05:16,33.21999
2019-06-19 23:06:14,33.21999
2019-06-19 23:06:42,33.79999
2019-06-19 23:07:09,33.28999
2019-06-19 23:07:29,33.96999
2019-06-19 23:08:12,33.79999
2019-06-19 23:10:10,33.79999
2019-06-19 23:10:23,33.92999
2019-06-19 23:11:18,34.17999
2019-06-19 23:14:16,34.17999
2019-06-19 23:14:46,34.35999
2019-06-19 23:16:43,34.35999
2019-06-19 23:17:18,34.88
2019-06-19 23:18:16,34.88
2019-06-19 23:18:32,34.56999
2019-06-19 23:19:30,34.56999
2019-06-19 23:19:48,35.05999
2019-06-19 23:20:12,34.84999
2019-06-19 23:21:12,34.47999
2019-06-19 23:21:33,34.81999
2019-06-19 23:22:30,34.81999
2019-06-19 23:23:24,35.24999
2019-06-19 23:23:49,34.72999
2019-06-19 23:24:43,34.99999
2019-06-19 23:25:38,34.67999
2019-06-19 23:26:22,35.23
2019-06-19 23:26:54,34.79999
2019-06-19 23:27:52,34.79999
2019-06-19 23:28:05,34.56
2019-06-19 23:29:02,34.56
2019-06-19 23:29:19,34.02999
2019-06-19 23:30:17,34.02999
2019-06-19 23:30:41,34.34999
2019-06-19 23:31:14,33.73
2019-06-19 23:32:08,34.19999
2019-06-19 23:32:39,33.66
2019-06-19 23:33:27,34.12999
2019-06-19 23:34:07,33.71999
2019-06-19 23:34:39,34.30999
2019-06-19 23:35:36,34.30999
2019-06-19 23:36:34,34.48999
2019-06-19 23:37:31,34.48999
2019-06-19 23:37:35,35.08999
2019-06-19 23:37:57,34.79999
2019-06-19 23:38:55,34.79999
2019-06-19 23:39:33,34.69999
2019-06-19 23:40:27,35.03999
2019-06-19 23:41:24,35.03999
2019-06-19 23:41:31,34.74999
2019-06-19 23:41:58,35.40999
2019-06-19 23:42:23,34.99999
2019-06-19 23:44:20,34.99999
2019-06-19 23:45:11,34.39999
2019-06-19 23:45:33,35.09999
2019-06-19 23:45:50,34.40999
2019-06-19 23:46:45,34.78999
2019-06-19 23:48:42,34.78999
2019-06-19 23:48:52,34.44999
2019-06-19 23:49:46,34.76999
2019-06-19 23:52:43,34.76999
2019-06-19 23:53:43,34.63
2019-06-19 23:54:41,34.63
2019-06-19 23:54:47,34.92
2019-06-19 23:55:43,34.46999
2019-06-19 23:56:28,34.75999
2019-06-19 23:58:24,34.75999
2019-06-19 23:58:36,34.27999
2019-06-19 23:59:00,34.47999
2019-06-19 23:59:50,34.91
2019-06-20 00:00:16,34.34
2019-06-20 00:00:45,34.88999
2019-06-20 00:01:21,34.66999
2019-06-20 00:02:18,34.66999
2019-06-20 00:03:12,35.01999
2019-06-20 00:03:52,34.82999
2019-06-20 00:04:39,34.48999
2019-06-20 00:05:36,34.48999
2019-06-20 00:05:54,34.76999
2019-06-20 00:07:51,34.76999
2019-06-20 00:08:50,35.03999
2019-06-20 00:09:47,35.03999
2019-06-20 00:09:52,34.64999
2019-06-20 00:10:11,35.60999
2019-06-20 00:10:28,34.89999
2019-06-20 00:13:24,34.89999
2019-06-20 00:13:43,35.12999
2019-06-20 00:17:40,35.12999
2019-06-20 00:18:34,35.70999
2019-06-20 00:19:12,35.04999
2019-06-20 00:21:10,35.04999
2019-06-20 00:21:32,35.59
2019-06-20 00:21:58,35.15999
2019-06-20 00:22:57,35.59
2019-06-20 00:23:24,35.20999
2019-06-20 00:23:43,35.59999
2019-06-20 00:24:39,35.59999
2019-06-20 00:25:30,35.41999
2019-06-20 00:26:26,35.41999
2019-06-20 00:26:32,35.03999
2019-06-20 00:27:29,35.03999
2019-06-20 00:27:41,35.53
2019-06-20 00:28:25,35.25999
2019-06-20 00:29:22,35.25999
2019-06-20 00:30:16,34.88999
2019-06-20 00:30:39,35.2
2019-06-20 00:31:37,35.2
2019-06-20 00:32:37,35.31999
2019-06-20 00:33:34,35.31999
2019-06-20 00:34:13,35.65999
2019-06-20 00:38:10,35.65999
2019-06-20 00:38:18,35.23
2019-06-20 00:38:37,35.78999
2019-06-20 00:38:58,35.01999
2019-06-20 00:39:09,36.27999
2019-06-20 00:39:25,35.41999
2019-06-20 00:40:21,35.41999
2019-06-20 00:40:26,35.96999
2019-06-20 00:41:24,35.96999
2019-06-20 00:41:29,35.65999
2019-06-20 00:41:56,35.99999
2019-06-20 00:42:53,35.99999
2019-06-20 00:43:12,35.63999
2019-06-20 00:43:30,36.38999
2019-06-20 00:43:58,36.17999
2019-06-20 00:44:55,36.17999
2019-06-20 00:45:15,36.52
2019-06-20 00:45:39,36.06999
2019-06-20 00:46:32,35.80999
2019-06-20 00:47:16,36.28999
2019-06-20 00:47:43,35.87
2019-06-20 00:48:37,36.06999
2019-06-20 00:49:35,36.06999
2019-06-20 00:50:33,35.62
2019-06-20 00:50:54,36.34999
2019-06-20 00:51:25,35.96999
2019-06-20 00:52:22,35.96999
2019-06-20 00:52:49,36.23
2019-06-20 00:53:25,35.78999
2019-06-20 00:54:04,36.32999
2019-06-20 00:54:23,35.85999
2019-06-20 00:55:14,36.2
2019-06-20 00:55:34,35.59999
2019-06-20 00:56:06,35.88999
2019-06-20 00:57:04,35.88999
2019-06-20 00:57:45,36.39999
2019-06-20 00:58:30,35.94999
2019-06-20 00:58:50,36.55999
2019-06-20 00:59:11,35.44999
2019-06-20 00:59:46,35.60999
2019-06-20 01:01:43,35.60999
2019-06-20 01:01:56,35.32999
2019-06-20 01:02:28,35.56999
2019-06-20 01:03:16,35.33999
2019-06-20 01:03:57,35.73999
2019-06-20 01:04:27,35.18999
2019-06-20 01:04:57,35.50999
2019-06-20 01:07:54,35.50999
2019-06-20 01:08:53,35.59
2019-06-20 01:09:51,35.59
2019-06-20 01:10:13,36.02999
2019-06-20 01:11:04,35.88999
2019-06-20 01:13:01,35.88999
2019-06-20 01:13:07,36.23
2019-06-20 01:16:04,36.23
2019-06-20 01:17:03,36.34999
2019-06-20 01:17:37,36.02999
2019-06-20 01:18:20,36.3
2019-06-20 01:19:17,36.01999
2019-06-20 01:19:53,36.23
2019-06-20 01:20:49,36.23
2019-06-20 01:21:18,36.70999
2019-06-20 01:21:37,35.88
2019-06-20 01:22:20,36.16
2019-06-20 01:23:19,36.44999
2019-06-20 01:23:48,36.2
2019-06-20 01:24:46,36.2
2019-06-20 01:25:24,35.73999
2019-06-20 01:25:49,35.99999
2019-06-20 01:28:46,35.99999
2019-06-20 01:29:30,35.81998
2019-06-20 01:30:27,35.81998
2019-06-20 01:30:37,36.44999
2019-06-20 01:30:59,35.88999
2019-06-20 01:31:18,36.49999
2019-06-20 01:31:37,35.88
2019-06-20 01:32:09,36.07999
2019-06-20 01:33:06,36.07999
2019-06-20 01:33:10,36.20999
2019-06-20 01:34:07,36.20999
2019-06-20 01:35:02,36.37999
2019-06-20 01:36:58,36.37999
2019-06-20 01:37:05,36.13999
2019-06-20 01:37:38,36.43999
2019-06-20 01:38:28,35.81998
2019-06-20 01:38:57,36.32999
2019-06-20 01:39:55,36.32999
2019-06-20 01:40:10,35.98
2019-06-20 01:40:23,36.43999
2019-06-20 01:40:56,36.28999
2019-06-20 01:41:53,36.28999
2019-06-20 01:42:05,36.49999
2019-06-20 01:43:03,36.49999
2019-06-20 01:44:06,36.71999
2019-06-20 01:45:03,36.38999
2019-06-20 01:45:19,37.02999
2019-06-20 01:45:39,36.39999
2019-06-20 01:46:10,36.43999
2019-06-20 01:46:57,37.00999
2019-06-20 01:47:21,36.39999
2019-06-20 01:48:18,36.39999
2019-06-20 01:48:39,36.72999
2019-06-20 01:49:08,35.98
2019-06-20 01:49:39,36.52999
2019-06-20 01:52:36,36.52999
2019-06-20 01:53:27,36.14999
2019-06-20 01:54:24,36.49999
2019-06-20 01:55:21,36.49999
2019-06-20 01:55:27,36.02999
2019-06-20 01:56:02,36.30999
2019-06-20 01:56:47,35.73999
2019-06-20 01:57:09,36.18999
2019-06-20 01:58:06,36.18999
2019-06-20 01:58:36,35.84
2019-06-20 01:59:13,36.17
2019-06-20 02:01:10,36.17
2019-06-20 02:01:38,36.64999
2019-06-20 02:02:00,35.77999
2019-06-20 02:02:20,36.10999
2019-06-20 02:03:16,36.10999
2019-06-20 02:03:37,36.41999
2019-06-20 02:04:34,36.41999
2019-06-20 02:05:32,37.14999
2019-06-20 02:05:55,36.72999
2019-06-20 02:07:51,36.72999
2019-06-20 02:08:32,37.09999
2019-06-20 02:09:26,36.74999
2019-06-20 02:10:03,37.2
2019-06-20 02:10:23,36.96999
2019-06-20 02:14:20,36.96999
2019-06-20 02:15:07,36.68999
2019-06-20 02:15:54,37.46999
2019-06-20 02:16:22,36.87999
2019-06-20 02:17:05,37.42999
2019-06-20 02:17:30,36.84
2019-06-20 02:18:26,36.84
2019-06-20 02:18:34,36.99999
2019-06-20 02:19:18,36.21999
2019-06-20 02:19:40,36.81999
2019-06-20 02:20:23,37.48
2019-06-20 02:20:51,37.16
2019-06-20 02:21:24,36.81999
2019-06-20 02:21:57,37.00999
2019-06-20 02:22:54,37.00999
2019-06-20 02:23:36,37.12
2019-06-20 02:24:22,36.45999
2019-06-20 02:24:40,36.91
2019-06-20 02:25:35,36.57999
2019-06-20 02:26:00,37.01999
2019-06-20 02:26:28,36.66999
2019-06-20 02:27:08,36.84
2019-06-20 02:27:59,37.26999
2019-06-20 02:28:35,36.81
2019-06-20 02:29:32,36.81
2019-06-20 02:30:16,37.42999
2019-06-20 02:30:34,37.00999
2019-06-20 02:31:31,37.00999
2019-06-20 02:31:54,37.23
2019-06-20 02:32:27,36.87
2019-06-20 02:33:08,37.26999
2019-06-20 02:34:04,36.71999
2019-06-20 02:34:39,37.41999
2019-06-20 02:35:08,37.20999
2019-06-20 02:36:05,37.20999
2019-06-20 02:37:03,36.98999
2019-06-20 02:38:00,36.98999
2019-06-20 02:38:18,36.11999
2019-06-20 02:38:35,37.13
2019-06-20 02:40:32,37.13
2019-06-20 02:40:48,36.65999
2019-06-20 02:42:45,36.65999
2019-06-20 02:42:51,37.10999
2019-06-20 02:43:27,36.28999
2019-06-20 02:43:38,37.24999
2019-06-20 02:44:36,36.87999
2019-06-20 02:45:30,36.36999
2019-06-20 02:45:51,36.77999
2019-06-20 02:49:48,36.77999
2019-06-20 02:50:13,37.00999
2019-06-20 02:52:10,37.00999
2019-06-20 02:52:24,36.73999
2019-06-20 02:53:20,36.53999
2019-06-20 02:54:16,36.53999
2019-06-20 02:55:07,37.06999
2019-06-20 02:55:46,36.85999
2019-06-20 02:57:43,36.85999
2019-06-20 02:57:48,36.55999
2019-06-20 02:59:45,36.55999
2019-06-20 03:00:09,36.09999
2019-06-20 03:00:58,36.60999
2019-06-20 03:01:17,36.12999
2019-06-20 03:02:14,36.12999
2019-06-20 03:02:35,36.70999
2019-06-20 03:03:25,37.28999
2019-06-20 03:03:46,36.69999
2019-06-20 03:04:43,36.69999
2019-06-20 03:05:03,36.87
2019-06-20 03:05:50,37.14999
2019-06-20 03:06:47,37.14999
2019-06-20 03:07:02,37.06999
2019-06-20 03:09:58,37.06999
2019-06-20 03:10:54,37.67999
2019-06-20 03:11:19,36.98999
2019-06-20 03:11:33,37.87
2019-06-20 03:11:59,37.56999
2019-06-20 03:12:56,37.56999
2019-06-20 03:13:13,36.12999
2019-06-20 03:13:36,36.63999
2019-06-20 03:15:33,36.63999
2019-06-20 03:15:38,36.11999
2019-06-20 03:16:35,36.11999
2019-06-20 03:16:51,36.91
2019-06-20 03:17:48,36.91
2019-06-20 03:17:59,36.06999
2019-06-20 03:18:21,36.74999
2019-06-20 03:19:17,36.74999
2019-06-20 03:20:04,36.55999
2019-06-20 03:20:36,37.34999
2019-06-20 03:20:48,35.81998
2019-06-20 03:21:02,37.08999
2019-06-20 03:21:19,35.98
2019-06-20 03:21:35,36.93999
2019-06-20 03:22:17,37.49
2019-06-20 03:22:47,36.78999
2019-06-20 03:23:07,37.46999
2019-06-20 03:24:02,37.06999
2019-06-20 03:24:30,37.31999
2019-06-20 03:25:27,37.31999
2019-06-20 03:25:39,37.13
2019-06-20 03:26:10,37.39999
2019-06-20 03:27:06,37.39999
2019-06-20 03:28:04,37.78999
2019-06-20 03:28:42,37.63999
2019-06-20 03:29:28,37.39999
2019-06-20 03:32:25,37.39999
2019-06-20 03:32:34,37.94999
2019-06-20 03:33:01,37.57999
2019-06-20 03:34:57,37.57999
2019-06-20 03:35:22,38.1
2019-06-20 03:40:19,38.1
2019-06-20 03:41:01,38.61999
2019-06-20 03:41:32,38.05999
2019-06-20 03:42:23,38.35999
2019-06-20 03:43:12,38.13
2019-06-20 03:47:09,38.13
2019-06-20 03:48:07,37.67999
2019-06-20 03:48:42,37.84
2019-06-20 03:49:39,37.84
2019-06-20 03:50:02,38.34999
2019-06-20 03:50:47,37.96999
2019-06-20 03:51:22,37.05999
2019-06-20 03:51:45,38.03999
2019-06-20 03:52:10,36.62
2019-06-20 03:52:30,37.97999
2019-06-20 03:53:28,36.75999
2019-06-20 03:53:38,38.61999
2019-06-20 03:53:54,37.73999
2019-06-20 03:54:23,38.05999
2019-06-20 03:54:49,37.67999
2019-06-20 03:55:03,38.07999
2019-06-20 03:55:58,37.26999
2019-06-20 03:56:16,38.28999
2019-06-20 03:57:13,38.28999
2019-06-20 03:57:23,37.14999
2019-06-20 03:57:31,38.64999
2019-06-20 03:57:55,38.1
2019-06-20 03:58:53,38.1
2019-06-20 03:59:45,37.70999
2019-06-20 04:00:42,37.70999
2019-06-20 04:01:10,37.89999
2019-06-20 04:01:34,37.13999
2019-06-20 04:01:48,37.77999
2019-06-20 04:06:45,37.77999
2019-06-20 04:06:52,37.84999
2019-06-20 04:07:52,37.52999
2019-06-20 04:08:52,37.99999
2019-06-20 04:09:36,37.71999
2019-06-20 04:09:55,37.58999
2019-06-20 04:10:30,37.85999
2019-06-20 04:11:18,37.60999
2019-06-20 04:12:06,37.96999
2019-06-20 04:12:38,37.25999
2019-06-20 04:12:54,37.97999
2019-06-20 04:13:52,37.97999
2019-06-20 04:13:59,37.00999
2019-06-20 04:14:12,37.8
2019-06-20 04:15:08,37.8
2019-06-20 04:15:22,36.89999
2019-06-20 04:15:32,38.10999
2019-06-20 04:15:51,37.60999
2019-06-20 04:16:47,37.33999
2019-06-20 04:16:59,38.21999
2019-06-20 04:17:16,37.60999
2019-06-20 04:17:44,37.77999
2019-06-20 04:18:40,37.77999
2019-06-20 04:19:08,38.03999
2019-06-20 04:20:05,38.03999
2019-06-20 04:20:15,37.69999
2019-06-20 04:21:03,38.24999
2019-06-20 04:21:59,38.24999
2019-06-20 04:22:16,37.30999
2019-06-20 04:22:30,37.95999
2019-06-20 04:23:18,37.34999
2019-06-20 04:23:53,37.00999
2019-06-20 04:25:50,37.00999
2019-06-20 04:26:11,36.85999
2019-06-20 04:27:07,36.85999
2019-06-20 04:28:00,36.56999
2019-06-20 04:31:57,36.56999
2019-06-20 04:32:22,36.05999
2019-06-20 04:32:51,36.50999
2019-06-20 04:33:48,36.50999
2019-06-20 04:34:01,36.75999
2019-06-20 04:34:57,36.75999
2019-06-20 04:35:37,37.24999
2019-06-20 04:37:33,37.24999
2019-06-20 04:37:42,37.72999
2019-06-20 04:38:06,38.30999
2019-06-20 04:38:29,37.48
2019-06-20 04:39:27,37.48
2019-06-20 04:40:25,37.16999
2019-06-20 04:41:17,36.87999
2019-06-20 04:42:01,37.24999
2019-06-20 04:43:58,37.24999
2019-06-20 04:44:04,37.01999
2019-06-20 04:44:59,37.46999
2019-06-20 04:45:56,37.46999
2019-06-20 04:46:15,37.89999
2019-06-20 04:46:47,37.33999
2019-06-20 04:47:07,38.1
2019-06-20 04:47:25,37.55999
2019-06-20 04:48:01,37.97999
2019-06-20 04:48:57,37.97999
2019-06-20 04:49:35,38.29999
2019-06-20 04:50:31,38.29999
2019-06-20 04:51:32,38.09
2019-06-20 04:52:32,37.73999
2019-06-20 04:53:26,38.09
2019-06-20 04:54:23,38.09
2019-06-20 04:54:45,38.55
2019-06-20 04:55:07,38.03999
2019-06-20 04:58:05,38.03999
2019-06-20 04:58:56,38.23999
2019-06-20 04:59:41,37.77999
2019-06-20 05:00:37,37.77999
2019-06-20 05:01:13,38.00999
2019-06-20 05:02:03,37.45999
2019-06-20 05:03:00,37.45999
2019-06-20 05:03:28,37.78999
2019-06-20 05:04:25,37.34999
2019-06-20 05:05:06,37.74998
2019-06-20 05:05:59,38.19999
2019-06-20 05:06:55,38.19999
2019-06-20 05:07:46,38.69999
2019-06-20 05:08:33,38.16999
2019-06-20 05:09:29,38.16999
2019-06-20 05:09:39,38.74999
2019-06-20 05:10:03,38.35999
2019-06-20 05:10:43,38.18999
2019-06-20 05:11:01,38.67999
2019-06-20 05:11:34,38.45999
2019-06-20 05:12:31,38.45999
2019-06-20 05:12:38,39.22999
2019-06-20 05:12:55,38.30999
2019-06-20 05:13:20,37.55
2019-06-20 05:13:51,38.64999
2019-06-20 05:14:13,38.32999
2019-06-20 05:15:11,38.32999
2019-06-20 05:15:35,37.8
2019-06-20 05:15:58,38.45
2019-06-20 05:16:12,37.33999
2019-06-20 05:17:09,37.33999
2019-06-20 05:17:18,37.87999
2019-06-20 05:17:57,37.38999
2019-06-20 05:18:49,38.21999
2019-06-20 05:19:11,37.77
2019-06-20 05:19:56,37.21999
2019-06-20 05:20:15,37.71999
2019-06-20 05:21:13,37.20999
2019-06-20 05:21:28,37.81999
2019-06-20 05:26:24,37.81999
2019-06-20 05:26:28,37.84
2019-06-20 05:27:26,37.84
2019-06-20 05:28:10,38.01999
2019-06-20 05:30:06,38.01999
2019-06-20 05:30:41,38.45999
2019-06-20 05:31:38,38.45999
2019-06-20 05:32:07,38.21999
2019-06-20 05:32:21,37.17999
2019-06-20 05:33:18,37.17999
2019-06-20 05:34:00,37.59999
2019-06-20 05:34:20,38.27999
2019-06-20 05:34:49,37.12
2019-06-20 05:34:58,38.34999
2019-06-20 05:35:27,37.45
2019-06-20 05:35:39,38.61999
2019-06-20 05:37:36,38.61999
2019-06-20 05:37:49,38.83999
2019-06-20 05:38:47,38.83999
2019-06-20 05:39:15,38.74999
2019-06-20 05:46:13,38.74999
2019-06-20 05:46:40,38.98999
2019-06-20 05:47:37,38.98999
2019-06-20 05:47:41,38.42
2019-06-20 05:48:09,38.63999
2019-06-20 05:48:55,39.01999
2019-06-20 05:49:26,38.78999
2019-06-20 05:50:13,38.60999
2019-06-20 05:54:11,38.60999
2019-06-20 05:54:38,39.07999
2019-06-20 05:55:09,38.62999
2019-06-20 05:56:05,38.62999
2019-06-20 05:56:35,39.05
2019-06-20 05:57:16,38.55
2019-06-20 05:57:49,38.73
2019-06-20 05:58:12,39.37
2019-06-20 05:58:42,38.89999
2019-06-20 05:59:33,39.52999
2019-06-20 05:59:55,38.83999
2019-06-20 06:00:35,37.57999
2019-06-20 06:01:00,37.99999
2019-06-20 06:01:30,37.89999
2019-06-20 06:02:03,37.77999
2019-06-20 06:03:00,37.77999
2019-06-20 06:03:27,37.52
2019-06-20 06:04:24,37.52
2019-06-20 06:04:43,37.18999
2019-06-20 06:05:39,37.18999
2019-06-20 06:06:34,36.89999
2019-06-20 06:06:51,37.87
2019-06-20 06:07:48,37.87
2019-06-20 06:08:38,37.55
2019-06-20 06:09:29,36.87
2019-06-20 06:09:46,38.26999
2019-06-20 06:10:03,37.61999
2019-06-20 06:11:01,37.71999
2019-06-20 06:11:39,38.25999
2019-06-20 06:12:04,37.65999
2019-06-20 06:12:46,38.05999
2019-06-20 06:13:44,37.67999
2019-06-20 06:14:17,38.19999
2019-06-20 06:14:39,37.85999
2019-06-20 06:15:29,37.35999
2019-06-20 06:15:50,37.73999
2019-06-20 06:17:48,37.73999
2019-06-20 06:18:24,37.49999
2019-06-20 06:19:14,37.65999
2019-06-20 06:19:45,38.25999
2019-06-20 06:20:39,38.01999
2019-06-20 06:21:24,37.62999
2019-06-20 06:22:08,38.03999
2019-06-20 06:23:04,38.03999
2019-06-20 06:23:20,37.84
2019-06-20 06:23:37,38.59999
2019-06-20 06:24:25,37.23999
2019-06-20 06:24:50,37.56999
2019-06-20 06:25:47,37.56999
2019-06-20 06:26:41,36.78999
2019-06-20 06:27:04,37.39999
2019-06-20 06:27:21,36.97999
2019-06-20 06:30:17,36.97999
2019-06-20 06:30:59,37.97999
2019-06-20 06:32:55,37.97999
2019-06-20 06:33:00,38.39999
2019-06-20 06:34:57,38.39999
2019-06-20 06:35:05,38.50999
2019-06-20 06:35:52,38.19999
2019-06-20 06:36:26,38.87999
2019-06-20 06:36:51,38.42999
2019-06-20 06:38:47,38.42999
2019-06-20 06:39:10,38.70999
2019-06-20 06:39:48,38.02999
2019-06-20 06:40:14,38.55999
2019-06-20 06:41:11,38.55999
2019-06-20 06:41:18,38.18999
2019-06-20 06:41:59,38.74999
2019-06-20 06:42:14,38.21999
2019-06-20 06:42:42,38.77999
2019-06-20 06:43:08,38.25999
2019-06-20 06:43:48,38.74999
2019-06-20 06:44:45,38.74999
2019-06-20 06:45:43,38.24999
2019-06-20 06:46:39,38.24999
2019-06-20 06:46:47,38.53999
2019-06-20 06:47:44,38.53999
2019-06-20 06:47:55,38.38998
2019-06-20 06:48:40,38.63999
2019-06-20 06:49:37,38.63999
2019-06-20 06:50:17,38.10999
2019-06-20 06:50:38,38.58999
2019-06-20 06:51:19,38.18999
2019-06-20 06:52:15,38.18999
2019-06-20 06:52:55,38.58999
2019-06-20 06:53:51,38.58999
2019-06-20 06:54:03,38.13
2019-06-20 06:54:28,38.36999
2019-06-20 06:55:25,38.36999
2019-06-20 06:55:32,37.87999
2019-06-20 06:55:57,38.32999
2019-06-20 06:56:52,37.78999
2019-06-20 06:57:41,37.39999
2019-06-20 06:58:01,38.02999
2019-06-20 06:58:17,37.45
2019-06-20 06:59:17,38.1
2019-06-20 06:59:45,37.8
2019-06-20 07:00:10,37.52999
2019-06-20 07:00:34,36.76999
2019-06-20 07:01:32,36.76999
2019-06-20 07:01:49,37.16
2019-06-20 07:02:29,36.84999
2019-06-20 07:03:25,36.84999
2019-06-20 07:03:48,37.50999
2019-06-20 07:04:09,36.87
2019-06-20 07:06:06,36.87
2019-06-20 07:06:48,37.81
2019-06-20 07:07:12,37.23
2019-06-20 07:08:05,37.49999
2019-06-20 07:09:02,37.49999
2019-06-20 07:09:09,36.75999
2019-06-20 07:10:07,37.67999
2019-06-20 07:11:04,37.67999
2019-06-20 07:11:08,37.35999
2019-06-20 07:12:00,37.81
2019-06-20 07:13:56,37.81
2019-06-20 07:14:30,37.20999
2019-06-20 07:15:27,37.20999
2019-06-20 07:16:17,37.01999
2019-06-20 07:17:12,36.73999
2019-06-20 07:17:44,36.52
2019-06-20 07:18:42,36.52
2019-06-20 07:18:45,36.39999
2019-06-20 07:19:30,35.91999
2019-06-20 07:20:27,35.91999
2019-06-20 07:20:32,37.00999
2019-06-20 07:20:57,36.78999
2019-06-20 07:21:54,36.78999
2019-06-20 07:22:07,37.20999
2019-06-20 07:24:04,37.20999
2019-06-20 07:24:29,35.59
2019-06-20 07:24:43,36.75999
2019-06-20 07:24:56,35.67999
2019-06-20 07:25:48,36.46999
2019-06-20 07:26:13,35.91999
2019-06-20 07:27:10,35.91999
2019-06-20 07:27:34,36.32999
2019-06-20 07:28:31,36.32999
2019-06-20 07:28:54,35.79999
2019-06-20 07:29:50,35.79999
2019-06-20 07:30:00,36.57999
2019-06-20 07:30:24,36.16
2019-06-20 07:30:44,37.16
2019-06-20 07:30:55,38.01999
2019-06-20 07:31:52,38.01999
2019-06-20 07:32:00,36.95999
2019-06-20 07:32:13,37.42999
2019-06-20 07:33:09,37.42999
2019-06-20 07:33:31,38.31999
2019-06-20 07:33:54,37.93999
2019-06-20 07:34:43,37.41999
2019-06-20 07:35:40,37.41999
2019-06-20 07:35:47,36.37999
2019-06-20 07:36:07,36.95999
2019-06-20 07:36:25,35.93999
2019-06-20 07:37:21,35.93999
2019-06-20 07:37:37,35.53
2019-06-20 07:38:11,36.25999
2019-06-20 07:38:57,36.92999
2019-06-20 07:39:39,37.20999
2019-06-20 07:40:30,37.28999
2019-06-20 07:40:57,37.92999
2019-06-20 07:41:38,37.60999
2019-06-20 07:42:34,37.60999
2019-06-20 07:43:33,38.01999
2019-06-20 07:44:12,37.38999
2019-06-20 07:45:08,37.38999
2019-06-20 07:45:45,37.92999
2019-06-20 07:46:09,37.43999
2019-06-20 07:48:06,37.43999
2019-06-20 07:48:32,37.59999
2019-06-20 07:52:29,37.59999
2019-06-20 07:53:31,38.16999
2019-06-20 07:54:11,37.94999
2019-06-20 07:54:46,37.56999
2019-06-20 07:55:43,37.56999
2019-06-20 07:56:06,37.95999
2019-06-20 07:56:27,37.8
2019-06-20 07:58:25,37.8
2019-06-20 07:59:21,37.45999
2019-06-20 07:59:59,37.60999
2019-06-20 08:00:33,36.94999
2019-06-20 08:00:57,37.25999
2019-06-20 08:02:54,37.25999
2019-06-20 08:03:39,36.89999
2019-06-20 08:06:35,36.89999
2019-06-20 08:06:48,38.02999
2019-06-20 08:07:17,37.62999
2019-06-20 08:08:13,37.62999
2019-06-20 08:09:10,36.02999
2019-06-20 08:09:32,35.25999
2019-06-20 08:09:44,36.04999
2019-06-20 08:09:56,37.65999
2019-06-20 08:10:47,37.42999
2019-06-20 08:11:44,37.42999
2019-06-20 08:12:36,37.17999
2019-06-20 08:13:09,36.72999
2019-06-20 08:14:00,36.95999
2019-06-20 08:14:19,36.14999
2019-06-20 08:14:30,36.55999
2019-06-20 08:14:50,36.35999
2019-06-20 08:15:33,37.13
2019-06-20 08:15:49,36.44999
2019-06-20 08:16:19,37.03999
2019-06-20 08:16:31,36.45999
2019-06-20 08:16:51,37.05999
2019-06-20 08:17:13,36.40999
2019-06-20 08:17:34,37.03999
2019-06-20 08:17:52,36.32999
2019-06-20 08:18:10,36.85999
2019-06-20 08:19:06,36.23
2019-06-20 08:19:20,37.08999
2019-06-20 08:19:53,36.34999
2019-06-20 08:20:14,36.92999
2019-06-20 08:20:33,36.02999
2019-06-20 08:20:46,36.76999
2019-06-20 08:21:43,36.40999
2019-06-20 08:22:18,35.98999
2019-06-20 08:23:11,34.16999
2019-06-20 08:23:35,35.53999
2019-06-20 08:23:51,34.91
2019-06-20 08:24:24,34.54999
2019-06-20 08:24:57,35.46999
2019-06-20 08:25:32,34.82999
2019-06-20 08:25:57,35.02999
2019-06-20 08:27:54,35.02999
2019-06-20 08:28:16,35.77999
2019-06-20 08:29:05,36.14999
2019-06-20 08:29:57,36.71999
2019-06-20 08:30:54,36.71999
2019-06-20 08:31:17,37.48
2019-06-20 08:31:35,36.59
2019-06-20 08:32:03,36.94999
2019-06-20 08:32:33,37.62999
2019-06-20 08:32:55,37.23
2019-06-20 08:33:15,36.2
2019-06-20 08:33:32,37.45
2019-06-20 08:34:09,38.21999
2019-06-20 08:34:32,37.45
2019-06-20 08:34:50,38.03999
2019-06-20 08:35:51,37.46999
2019-06-20 08:36:43,37.04999
2019-06-20 08:37:11,36.48
2019-06-20 08:37:51,35.73999
2019-06-20 08:38:48,35.73999
2019-06-20 08:38:56,34.81999
2019-06-20 08:40:53,34.81999
2019-06-20 08:41:39,35.52
2019-06-20 08:41:59,36.12999
2019-06-20 08:42:56,36.12999
2019-06-20 08:43:16,36.56999
2019-06-20 08:46:13,36.56999
2019-06-20 08:47:16,35.81998
2019-06-20 08:47:36,36.3
2019-06-20 08:48:33,36.3
2019-06-20 08:48:44,36.78999
2019-06-20 08:49:14,36.36999
2019-06-20 08:49:29,36.92999
2019-06-20 08:49:49,36.33999
2019-06-20 08:50:05,37.13999
2019-06-20 08:50:29,36.82999
2019-06-20 08:51:25,36.82999
2019-06-20 08:51:52,37.24999
2019-06-20 08:52:48,37.24999
2019-06-20 08:53:24,37.69999
2019-06-20 08:53:41,37.29999
2019-06-20 08:54:02,38.13
2019-06-20 08:54:20,37.26999
2019-06-20 08:54:43,37.73999
2019-06-20 08:55:24,37.45999
2019-06-20 08:55:57,38.27999
2019-06-20 08:56:13,37.45
2019-06-20 08:56:33,38.09
2019-06-20 08:57:03,37.60999
2019-06-20 08:57:59,37.60999
2019-06-20 08:58:34,37.81
2019-06-20 08:59:17,36.89999
2019-06-20 08:59:44,37.52999
2019-06-20 09:02:41,37.52999
2019-06-20 09:02:57,36.82999
2019-06-20 09:03:16,37.50999
2019-06-20 09:05:12,37.50999
2019-06-20 09:06:07,36.63999
2019-06-20 09:06:22,37.28999
2019-06-20 09:06:35,36.39999
2019-06-20 09:07:15,35.85
2019-06-20 09:07:52,34.96999
2019-06-20 09:08:48,34.96999
2019-06-20 09:09:00,33.66
2019-06-20 09:09:57,33.66
2019-06-20 09:10:01,32.73
2019-06-20 09:10:23,31.71
2019-06-20 09:10:49,32.64999
2019-06-20 09:11:46,32.64999
2019-06-20 09:12:22,33.15999
2019-06-20 09:12:41,33.34999
2019-06-20 09:13:13,34.35999
2019-06-20 09:13:38,34.19999
2019-06-20 09:14:35,34.88999
2019-06-20 09:15:01,35.87
2019-06-20 09:15:42,36.33999
2019-06-20 09:16:23,36.87999
2019-06-20 09:17:20,36.87999
2019-06-20 09:17:31,37.30999
2019-06-20 09:18:22,38.42
2019-06-20 09:18:46,37.96999
2019-06-20 09:19:43,37.96999
2019-06-20 09:19:56,37.28999
2019-06-20 09:20:10,37.87
2019-06-20 09:20:34,37.29999
2019-06-20 09:21:22,37.8
2019-06-20 09:21:39,37.09999
2019-06-20 09:22:20,37.39999
2019-06-20 09:23:01,37.61999
2019-06-20 09:23:58,37.61999
2019-06-20 09:24:21,36.24999
2019-06-20 09:24:33,37.61999
2019-06-20 09:24:57,37.16999
2019-06-20 09:25:24,36.02999
2019-06-20 09:25:35,37.50999
2019-06-20 09:25:55,36.99999
2019-06-20 09:27:52,36.99999
2019-06-20 09:28:09,37.10999
2019-06-20 09:29:05,37.10999
2019-06-20 09:29:51,37.20999
2019-06-20 09:30:45,36.82999
2019-06-20 09:31:41,36.82999
2019-06-20 09:32:34,36.14999
2019-06-20 09:33:25,35.42999
2019-06-20 09:33:46,35.99999
2019-06-20 09:34:00,35.73999
2019-06-20 09:34:37,35.25999
2019-06-20 09:35:25,36.06999
2019-06-20 09:35:46,35.18999
2019-06-20 09:36:11,35.85999
2019-06-20 09:37:06,35.85999
2019-06-20 09:37:40,36.37999
2019-06-20 09:38:28,35.67999
2019-06-20 09:38:47,36.36999
2019-06-20 09:39:43,36.36999
2019-06-20 09:40:07,36.50999
2019-06-20 09:40:29,35.30999
2019-06-20 09:40:59,35.78999
2019-06-20 09:41:46,35.53999
2019-06-20 09:42:02,36.17
2019-06-20 09:42:45,35.49998
2019-06-20 09:43:12,36.50999
2019-06-20 09:43:22,35.44999
2019-06-20 09:43:39,36.52
2019-06-20 09:44:03,35.53999
2019-06-20 09:44:16,36.17999
2019-06-20 09:46:13,36.17999
2019-06-20 09:46:48,37.07999
2019-06-20 09:47:20,36.37999
2019-06-20 09:47:46,36.96999
2019-06-20 09:48:15,35.93999
2019-06-20 09:49:00,35.52
2019-06-20 09:49:56,35.68999
2019-06-20 09:51:53,35.68999
2019-06-20 09:52:03,35.80999
2019-06-20 09:58:59,35.80999
2019-06-20 09:59:31,35.66999
2019-06-20 10:00:25,35.96999
2019-06-20 10:00:59,35.60999
2019-06-20 10:02:55,35.60999
2019-06-20 10:02:58,35.10999
2019-06-20 10:03:17,36.59999
2019-06-20 10:03:37,36.01999
2019-06-20 10:04:33,36.01999
2019-06-20 10:05:13,36.26999
2019-06-20 10:05:56,36.75999
2019-06-20 10:06:20,36.52999
2019-06-20 10:07:17,36.52999
2019-06-20 10:08:14,36.30999
2019-06-20 10:09:11,36.30999
2019-06-20 10:09:36,36.50999
2019-06-20 10:10:33,36.50999
2019-06-20 10:10:58,35.68999
2019-06-20 10:11:11,36.59999
2019-06-20 10:11:31,36.05999
2019-06-20 10:12:13,36.52
2019-06-20 10:12:46,36.05999
2019-06-20 10:13:07,36.75999
2019-06-20 10:13:32,36.60999
2019-06-20 10:14:29,36.60999
2019-06-20 10:15:10,36.42999
2019-06-20 10:16:03,36.71999
2019-06-20 10:16:55,36.17
2019-06-20 10:17:15,36.56999
2019-06-20 10:18:11,35.39999
2019-06-20 10:18:31,36.18999
2019-06-20 10:19:27,36.18999
2019-06-20 10:19:49,35.15999
2019-06-20 10:20:18,34.82999
2019-06-20 10:20:52,36.36999
2019-06-20 10:21:46,36.06999
2019-06-20 10:26:42,36.06999
2019-06-20 10:27:14,35.92999
2019-06-20 10:28:11,35.92999
2019-06-20 10:29:02,35.03999
2019-06-20 10:29:17,35.88
2019-06-20 10:30:14,35.88
2019-06-20 10:30:48,36.34999
2019-06-20 10:31:35,35.87
2019-06-20 10:32:06,36.57999
2019-06-20 10:32:23,36.26999
2019-06-20 10:32:58,35.85
2019-06-20 10:35:55,35.85
2019-06-20 10:36:21,35.56999
2019-06-20 10:37:18,35.56999
2019-06-20 10:37:36,35.87
2019-06-20 10:38:12,35.43999
2019-06-20 10:38:41,35.85
2019-06-20 10:41:37,35.85
2019-06-20 10:41:44,36.07999
2019-06-20 10:42:40,35.91999
2019-06-20 10:43:37,35.91999
2019-06-20 10:43:47,36.20999
2019-06-20 10:46:44,36.20999
2019-06-20 10:46:58,36.17
2019-06-20 10:47:55,36.17
2019-06-20 10:48:47,35.62999
2019-06-20 10:49:07,36.36999
2019-06-20 10:49:37,35.98
2019-06-20 10:50:33,35.98
2019-06-20 10:50:48,36.68999
2019-06-20 10:51:07,36.00999
2019-06-20 10:51:36,36.49
2019-06-20 10:51:55,36.16
2019-06-20 10:52:52,36.16
2019-06-20 10:53:08,35.96999
2019-06-20 10:54:04,35.96999
2019-06-20 10:54:11,35.27
2019-06-20 10:54:24,36.03999
2019-06-20 10:54:57,35.91
2019-06-20 10:56:54,35.91
2019-06-20 10:57:22,36.23
2019-06-20 10:59:19,36.23
2019-06-20 10:59:39,36.87999
2019-06-20 11:00:13,36.67999
2019-06-20 11:00:30,35.60999
2019-06-20 11:01:26,35.60999
2019-06-20 11:01:36,35.02999
2019-06-20 11:02:03,35.60999
2019-06-20 11:02:23,34.98
2019-06-20 11:03:19,34.98
2019-06-20 11:04:19,35.04999
2019-06-20 11:05:16,35.04999
2019-06-20 11:05:39,35.35999
2019-06-20 11:06:36,35.35999
2019-06-20 11:06:44,36.52
2019-06-20 11:07:16,35.94999
2019-06-20 11:07:28,36.84999
2019-06-20 11:08:25,36.84999
2019-06-20 11:08:31,35.21999
2019-06-20 11:08:43,36.93999
2019-06-20 11:09:22,34.99999
2019-06-20 11:09:31,37.00999
2019-06-20 11:12:28,37.00999
2019-06-20 11:13:15,37.35999
2019-06-20 11:14:13,36.75999
2019-06-20 11:14:37,37.57999
2019-06-20 11:15:21,36.99999
2019-06-20 11:16:15,37.34999
2019-06-20 11:16:31,36.49999
2019-06-20 11:16:57,37.02999
2019-06-20 11:17:20,36.81999
2019-06-20 11:18:00,36.66999
2019-06-20 11:18:57,36.66999
2019-06-20 11:19:02,37.01999
2019-06-20 11:21:58,37.01999
2019-06-20 11:22:19,37.33999
2019-06-20 11:22:57,37.08999
2019-06-20 11:23:26,36.39999
2019-06-20 11:23:56,37.00999
2019-06-20 11:24:31,36.39999
2019-06-20 11:24:54,37.02999
2019-06-20 11:25:12,36.34999
2019-06-20 11:25:33,37.01999
2019-06-20 11:25:46,36.26999
2019-06-20 11:26:10,36.85999
2019-06-20 11:26:23,35.30999
2019-06-20 11:26:57,35.79999
2019-06-20 11:27:14,35.12999
2019-06-20 11:27:28,36.06999
2019-06-20 11:27:48,35.24999
2019-06-20 11:28:09,36.06999
2019-06-20 11:28:26,35.23
2019-06-20 11:28:43,35.99999
2019-06-20 11:29:40,35.99999
2019-06-20 11:30:41,35.94999
2019-06-20 11:31:07,35.37999
2019-06-20 11:31:23,35.66999
2019-06-20 11:32:20,35.66999
2019-06-20 11:32:57,36.55999
2019-06-20 11:33:53,36.55999
2019-06-20 11:34:06,36.70999
2019-06-20 11:34:45,37.03999
2019-06-20 11:35:38,37.32999
2019-06-20 11:36:34,37.32999
2019-06-20 11:36:59,36.46999
2019-06-20 11:37:50,37.29999
2019-06-20 11:38:47,37.29999
2019-06-20 11:39:10,37.21999
2019-06-20 11:43:06,37.21999
2019-06-20 11:43:15,37.10999
2019-06-20 11:44:13,37.10999
2019-06-20 11:44:31,37.49999
2019-06-20 11:45:04,37.03999
2019-06-20 11:46:01,37.16
2019-06-20 11:47:59,37.16
2019-06-20 11:48:24,36.64999
2019-06-20 11:48:55,36.89999
2019-06-20 11:50:51,36.89999
2019-06-20 11:50:57,37.16
2019-06-20 11:51:45,36.77999
2019-06-20 11:52:05,37.13
2019-06-20 11:52:26,35.57999
2019-06-20 11:52:59,35.50999
2019-06-20 11:53:43,35.08999
2019-06-20 11:54:10,35.63999
2019-06-20 11:54:39,35.33999
2019-06-20 11:55:35,35.33999
2019-06-20 11:55:56,34.98
2019-06-20 11:56:52,34.98
2019-06-20 11:57:27,34.72999
2019-06-20 11:58:23,34.72999
2019-06-20 11:58:54,36.27999
2019-06-20 11:59:21,35.76999
2019-06-20 12:00:18,35.76999
2019-06-20 12:00:24,34.38999
2019-06-20 12:00:47,35.35999
2019-06-20 12:01:43,34.88
2019-06-20 12:01:58,35.77999
2019-06-20 12:02:11,34.69999
2019-06-20 12:02:25,35.96999
2019-06-20 12:02:42,35.14999
2019-06-20 12:03:40,35.14999
2019-06-20 12:03:44,35.72999
2019-06-20 12:04:00,35.02999
2019-06-20 12:04:21,35.84
2019-06-20 12:04:38,34.98
2019-06-20 12:04:51,35.87
2019-06-20 12:05:09,34.95999
2019-06-20 12:05:32,35.81998
2019-06-20 12:05:54,35.28999
2019-06-20 12:06:50,36.03999
2019-06-20 12:07:46,36.03999
2019-06-20 12:08:18,36.28999
2019-06-20 12:08:27,34.83999
2019-06-20 12:08:45,36.08999
2019-06-20 12:09:01,35.16999
2019-06-20 12:09:23,35.45999
2019-06-20 12:11:20,35.45999
2019-06-20 12:12:12,35.76999
2019-06-20 12:12:25,34.86999
2019-06-20 12:12:41,35.72999
2019-06-20 12:13:03,35.16999
2019-06-20 12:13:23,35.89999
2019-06-20 12:13:34,34.59999
2019-06-20 12:13:48,35.70999
2019-06-20 12:14:14,35.00999
2019-06-20 12:14:32,35.96999
2019-06-20 12:16:28,35.96999
2019-06-20 12:17:27,35.33999
2019-06-20 12:17:42,33.41
2019-06-20 12:17:54,35.42999
2019-06-20 12:18:41,34.96999
2019-06-20 12:18:59,35.72999
2019-06-20 12:19:07,33.69999
2019-06-20 12:19:20,35.12999
2019-06-20 12:19:37,34.28999
2019-06-20 12:19:49,35.25999
2019-06-20 12:20:21,35.69999
2019-06-20 12:21:07,35.53
2019-06-20 12:22:03,35.53
2019-06-20 12:22:22,34.17999
2019-06-20 12:23:19,34.17999
2019-06-20 12:23:55,35.00999
2019-06-20 12:24:25,34.49999
2019-06-20 12:25:13,34.95999
2019-06-20 12:25:35,34.41999
2019-06-20 12:25:52,34.83999
2019-06-20 12:26:36,34.27999
2019-06-20 12:27:32,34.27999
2019-06-20 12:28:27,34.41999
2019-06-20 12:28:49,35.53999
2019-06-20 12:29:20,35.94999
2019-06-20 12:30:16,35.94999
2019-06-20 12:30:30,35.81998
2019-06-20 12:32:26,35.81998
2019-06-20 12:32:32,34.27999
2019-06-20 12:32:55,35.03999
2019-06-20 12:33:14,34.32999
2019-06-20 12:33:33,35.23
2019-06-20 12:33:53,34.49999
2019-06-20 12:34:08,35.33999
2019-06-20 12:34:29,34.35999
2019-06-20 12:34:45,35.21999
2019-06-20 12:35:05,34.48999
2019-06-20 12:35:27,35.23
2019-06-20 12:35:45,34.37
2019-06-20 12:36:08,34.80999
2019-06-20 12:36:27,34.13999
2019-06-20 12:36:39,34.79999
2019-06-20 12:37:08,34.27
2019-06-20 12:37:22,33.63999
2019-06-20 12:37:52,35.04999
2019-06-20 12:38:12,33.95
2019-06-20 12:38:41,34.69999
2019-06-20 12:38:56,35.27999
2019-06-20 12:39:49,35.64999
2019-06-20 12:40:45,35.64999
2019-06-20 12:41:40,35.94999
2019-06-20 12:42:31,35.14999
2019-06-20 12:42:42,36.26999
2019-06-20 12:43:05,35.33999
2019-06-20 12:43:22,36.02999
2019-06-20 12:44:15,35.96999
2019-06-20 12:44:57,35.48999
2019-06-20 12:45:16,35.95999
2019-06-20 12:46:07,35.56
2019-06-20 12:46:29,36.17999
2019-06-20 12:47:20,35.50999
2019-06-20 12:47:46,36.03999
2019-06-20 12:49:42,36.03999
2019-06-20 12:50:16,36.34999
2019-06-20 12:51:09,35.82999
2019-06-20 12:51:30,36.37999
2019-06-20 12:53:27,36.37999
2019-06-20 12:54:18,35.73999
2019-06-20 12:54:29,34.15999
2019-06-20 12:54:48,35.23
2019-06-20 12:55:25,34.67999
2019-06-20 12:55:42,35.38999
2019-06-20 12:56:03,34.51999
2019-06-20 12:56:15,35.55
2019-06-20 12:56:39,34.56999
2019-06-20 12:56:55,35.30999
2019-06-20 12:57:20,34.41999
2019-06-20 12:57:36,35.41999
2019-06-20 12:58:00,34.35999
2019-06-20 12:58:10,35.77999
2019-06-20 12:58:25,33.96999
2019-06-20 12:59:21,33.96999
2019-06-20 12:59:40,34.35999
2019-06-20 13:00:13,34.15999
2019-06-20 13:01:09,34.15999
2019-06-20 13:01:27,33.93999
2019-06-20 13:02:14,34.19999
2019-06-20 13:03:03,34.59999
2019-06-20 13:03:19,34.02
2019-06-20 13:03:47,34.72999
2019-06-20 13:04:10,34.3
2019-06-20 13:04:49,35.99999
2019-06-20 13:05:10,33.98
2019-06-20 13:05:53,35.98
2019-06-20 13:06:36,35.56
2019-06-20 13:07:33,35.56
2019-06-20 13:08:34,33.54999
2019-06-20 13:08:42,35.59999
2019-06-20 13:09:18,34.92
2019-06-20 13:09:56,35.37999
2019-06-20 13:10:21,34.68999
2019-06-20 13:10:41,35.31999
2019-06-20 13:10:56,34.40999
2019-06-20 13:11:14,35.23
2019-06-20 13:11:32,34.70999
2019-06-20 13:11:57,35.02999
2019-06-20 13:12:15,34.35999
2019-06-20 13:12:27,35.49998
2019-06-20 13:12:41,34.47999
2019-06-20 13:13:09,35.27
2019-06-20 13:13:22,34.62
2019-06-20 13:13:42,35.65999
2019-06-20 13:13:55,34.82999
2019-06-20 13:14:47,35.99999
2019-06-20 13:15:30,35.28999
2019-06-20 13:15:44,36.04999
2019-06-20 13:17:40,36.04999
2019-06-20 13:18:00,35.82999
2019-06-20 13:21:57,35.82999
2019-06-20 13:22:58,36.40999
2019-06-20 13:23:19,35.35999
2019-06-20 13:23:33,36.01999
2019-06-20 13:24:02,35.79999
2019-06-20 13:24:59,35.79999
2019-06-20 13:25:26,35.06999
2019-06-20 13:25:40,35.96999
2019-06-20 13:26:37,35.96999
2019-06-20 13:27:20,36.06999
2019-06-20 13:29:16,36.06999
2019-06-20 13:29:49,36.26999
2019-06-20 13:30:45,36.26999
2019-06-20 13:31:14,35.63999
2019-06-20 13:31:29,36.09999
2019-06-20 13:32:25,34.09999
2019-06-20 13:32:48,34.74999
2019-06-20 13:33:11,34.46999
2019-06-20 13:34:09,34.15999
2019-06-20 13:37:04,34.15999
2019-06-20 13:37:33,33.78999
2019-06-20 13:37:53,34.53999
2019-06-20 13:38:06,33.85999
2019-06-20 13:38:43,34.98
2019-06-20 13:38:58,35.53
2019-06-20 13:39:54,35.53
2019-06-20 13:40:41,36.07999
2019-06-20 13:41:04,35.44999
2019-06-20 13:41:51,36.10999
2019-06-20 13:42:48,36.10999
2019-06-20 13:42:52,35.59
2019-06-20 13:43:19,36.08999
2019-06-20 13:44:16,36.08999
2019-06-20 13:44:23,35.16999
2019-06-20 13:44:44,34.70999
2019-06-20 13:44:59,35.24999
2019-06-20 13:45:22,34.66
2019-06-20 13:45:38,35.15999
2019-06-20 13:46:34,35.15999
2019-06-20 13:46:41,34.64999
2019-06-20 13:46:59,35.27999
2019-06-20 13:47:49,34.60999
2019-06-20 13:48:12,35.45999
2019-06-20 13:48:40,35.23
2019-06-20 13:50:37,35.23
2019-06-20 13:50:52,36.25999
2019-06-20 13:51:25,35.47999
2019-06-20 13:51:42,35.98999
2019-06-20 13:52:39,35.98999
2019-06-20 13:52:54,35.87
2019-06-20 13:53:20,35.01999
2019-06-20 13:53:39,35.56999
2019-06-20 13:54:09,36.16
2019-06-20 13:54:56,35.43999
2019-06-20 13:55:15,35.92999
2019-06-20 13:58:11,35.92999
2019-06-20 13:58:22,34.70999
2019-06-20 13:59:18,34.70999
2019-06-20 13:59:25,35.24999
2019-06-20 13:59:45,34.71999
2019-06-20 14:00:11,34.79999
2019-06-20 14:02:08,34.79999
2019-06-20 14:02:16,34.93999
2019-06-20 14:03:09,34.02999
2019-06-20 14:03:46,35.06999
2019-06-20 14:04:42,35.06999
2019-06-20 14:04:52,35.77999
2019-06-20 14:05:49,35.77999
2019-06-20 14:06:16,36.04999
2019-06-20 14:07:13,35.39999
2019-06-20 14:07:28,36.33999
2019-06-20 14:07:56,35.98999
2019-06-20 14:08:52,35.98999
2019-06-20 14:09:53,36.38999
2019-06-20 14:10:23,35.99999
2019-06-20 14:12:19,35.99999
2019-06-20 14:12:28,35.23
2019-06-20 14:12:46,36.17
2019-06-20 14:13:42,36.17
2019-06-20 14:14:18,35.78999
2019-06-20 14:14:45,35.98
2019-06-20 14:16:42,35.98
2019-06-20 14:17:07,35.64999
2019-06-20 14:17:17,34.68999
2019-06-20 14:17:44,35.69999
2019-06-20 14:18:17,35.91
2019-06-20 14:19:14,35.91
2019-06-20 14:19:49,36.41999
2019-06-20 14:20:18,35.65999
2019-06-20 14:20:41,36.10999
2019-06-20 14:21:29,35.75999
2019-06-20 14:22:18,36.23
2019-06-20 14:22:42,35.42999
2019-06-20 14:22:59,35.75999
2019-06-20 14:23:55,35.75999
2019-06-20 14:24:55,35.99999
2019-06-20 14:25:42,35.59
2019-06-20 14:26:13,36.23999
2019-06-20 14:26:30,35.74999
2019-06-20 14:28:26,35.74999
2019-06-20 14:28:38,36.12999
2019-06-20 14:29:34,35.79999
2019-06-20 14:29:56,36.11999
2019-06-20 14:30:43,35.59999
2019-06-20 14:31:10,36.2
2019-06-20 14:31:30,35.55
2019-06-20 14:31:53,36.14999
2019-06-20 14:32:14,35.91999
2019-06-20 14:34:10,35.91999
2019-06-20 14:35:07,36.20999
2019-06-20 14:35:49,35.72999
2019-06-20 14:36:14,36.3
2019-06-20 14:36:25,34.34999
2019-06-20 14:37:22,34.34999
2019-06-20 14:38:01,34.78999
2019-06-20 14:38:57,34.78999
2019-06-20 14:39:59,34.31999
2019-06-20 14:40:50,34.51999
2019-06-20 14:41:27,34.38999
2019-06-20 14:42:12,33.96999
2019-06-20 14:42:36,34.21999
2019-06-20 14:42:48,35.98
2019-06-20 14:43:44,35.98
2019-06-20 14:44:29,34.73999
2019-06-20 14:44:47,35.56999
2019-06-20 14:45:39,34.98999
2019-06-20 14:45:58,36.17
2019-06-20 14:46:13,35.11999
2019-06-20 14:46:35,35.88
2019-06-20 14:46:58,35.34999
2019-06-20 14:47:15,36.21999
2019-06-20 14:47:31,35.48999
2019-06-20 14:48:20,36.05999
2019-06-20 14:48:43,35.13999
2019-06-20 14:49:00,35.89999
2019-06-20 14:49:30,35.33999
2019-06-20 14:49:45,36.17
2019-06-20 14:50:00,35.33999
2019-06-20 14:50:18,36.3
2019-06-20 14:50:34,35.36999
2019-06-20 14:50:51,36.36999
2019-06-20 14:51:46,36.36999
2019-06-20 14:52:34,36.70999
2019-06-20 14:53:27,36.06999
2019-06-20 14:53:41,36.84999
2019-06-20 14:54:06,36.65999
2019-06-20 14:54:27,35.53
2019-06-20 14:55:06,35.69999
2019-06-20 14:55:51,36.04999
2019-06-20 14:56:46,36.04999
2019-06-20 14:56:53,36.3
2019-06-20 14:58:50,36.3
2019-06-20 14:59:06,35.06999
2019-06-20 14:59:46,36.23999
2019-06-20 15:00:23,35.75999
2019-06-20 15:00:50,36.59
2019-06-20 15:01:27,36.02999
2019-06-20 15:01:51,36.60999
2019-06-20 15:02:47,36.60999
2019-06-20 15:03:19,36.17999
2019-06-20 15:03:38,36.85999
2019-06-20 15:04:23,36.41999
2019-06-20 15:05:14,37.00999
2019-06-20 15:05:35,36.3
2019-06-20 15:06:25,36.95999
2019-06-20 15:06:50,36.37999
2019-06-20 15:07:23,36.49999
2019-06-20 15:08:19,36.49999
2019-06-20 15:09:23,36.88999
2019-06-20 15:09:46,36.11999
2019-06-20 15:10:12,36.8
2019-06-20 15:10:29,36.42999
2019-06-20 15:11:26,36.42999
2019-06-20 15:12:00,36.65999
2019-06-20 15:12:28,36.49999
2019-06-20 15:13:24,36.49999
2019-06-20 15:13:38,36.39999
2019-06-20 15:14:33,36.39999
2019-06-20 15:15:18,36.01999
2019-06-20 15:15:40,36.59
2019-06-20 15:16:30,36.17999
2019-06-20 15:17:01,37.03999
2019-06-20 15:17:21,36.59999
2019-06-20 15:18:18,36.59999
2019-06-20 15:18:48,36.91
2019-06-20 15:19:47,36.52
2019-06-20 15:20:07,37.13999
2019-06-20 15:20:25,36.59
2019-06-20 15:20:46,36.97999
2019-06-20 15:21:05,36.91999
2019-06-20 15:21:21,35.99999
2019-06-20 15:21:41,36.46999
2019-06-20 15:22:04,36.94999
2019-06-20 15:22:34,36.23999
2019-06-20 15:22:49,36.75999
2019-06-20 15:26:46,36.75999
2019-06-20 15:26:56,36.30999
2019-06-20 15:27:21,36.84999
2019-06-20 15:27:36,36.2
2019-06-20 15:27:58,37.06999
2019-06-20 15:28:10,35.99999
2019-06-20 15:29:02,36.44999
2019-06-20 15:29:29,35.79999
2019-06-20 15:29:50,36.10999
2019-06-20 15:30:22,35.62
2019-06-20 15:31:15,35.85
2019-06-20 15:32:11,35.85
2019-06-20 15:32:19,36.30999
2019-06-20 15:32:36,35.3
2019-06-20 15:32:49,36.02999
2019-06-20 15:33:45,36.02999
2019-06-20 15:34:08,36.2
2019-06-20 15:34:39,35.89999
2019-06-20 15:35:33,36.16
2019-06-20 15:36:28,36.16
2019-06-20 15:36:42,36.70999
2019-06-20 15:37:09,36.2
2019-06-20 15:37:28,36.63999
2019-06-20 15:42:24,36.63999
2019-06-20 15:43:15,37.13
2019-06-20 15:43:34,36.28999
2019-06-20 15:43:52,34.83999
2019-06-20 15:44:25,34.67999
2019-06-20 15:47:22,34.67999
2019-06-20 15:47:46,34.88
2019-06-20 15:48:43,34.88
2019-06-20 15:49:01,36.88999
2019-06-20 15:49:17,36.25999
2019-06-20 15:51:14,36.25999
2019-06-20 15:52:07,35.93999
2019-06-20 15:53:03,35.93999
2019-06-20 15:53:56,36.20999
2019-06-20 15:55:52,36.20999
2019-06-20 15:56:30,36.41999
2019-06-20 15:57:26,36.41999
2019-06-20 15:57:56,36.10999
2019-06-20 15:58:29,36.43999
2019-06-20 15:59:00,36.08999
2019-06-20 16:01:57,36.08999
2019-06-20 16:02:01,35.56999
2019-06-20 16:02:16,36.04999
2019-06-20 16:02:54,36.3
2019-06-20 16:03:50,36.3
2019-06-20 16:04:52,36.67999
2019-06-20 16:05:08,35.74999
2019-06-20 16:05:28,35.98999
2019-06-20 16:05:53,36.99999
2019-06-20 16:06:23,36.37999
2019-06-20 16:06:41,36.91
2019-06-20 16:07:37,36.91
2019-06-20 16:08:06,36.37999
2019-06-20 16:08:24,37.12
2019-06-20 16:08:46,36.66999
2019-06-20 16:09:43,36.66999
2019-06-20 16:10:02,37.24999
2019-06-20 16:10:27,36.67999
2019-06-20 16:11:17,37.21999
2019-06-20 16:11:35,36.40999
2019-06-20 16:11:55,36.77999
2019-06-20 16:12:26,36.62999
2019-06-20 16:12:59,36.55
2019-06-20 16:13:55,36.55
2019-06-20 16:14:02,36.45999
2019-06-20 16:14:33,36.17999
2019-06-20 16:16:29,36.17999
2019-06-20 16:16:44,35.56999
2019-06-20 16:17:04,36.21999
2019-06-20 16:19:00,36.21999
2019-06-20 16:19:24,36.74999
2019-06-20 16:20:21,36.74999
2019-06-20 16:20:44,37.09999
2019-06-20 16:23:40,37.09999
2019-06-20 16:24:02,37.74998
2019-06-20 16:24:33,37.53999
2019-06-20 16:25:02,37.06999
2019-06-20 16:25:22,37.41999
2019-06-20 16:26:19,37.41999
2019-06-20 16:26:40,37.10999
2019-06-20 16:27:37,37.70999
2019-06-20 16:27:54,36.84999
2019-06-20 16:28:20,37.18999
2019-06-20 16:29:09,36.48
2019-06-20 16:29:23,37.08999
2019-06-20 16:30:19,37.08999
2019-06-20 16:30:33,36.95999
2019-06-20 16:31:29,36.95999
2019-06-20 16:32:31,36.65999
2019-06-20 16:33:25,36.94999
2019-06-20 16:34:22,36.94999
2019-06-20 16:35:03,36.49999
2019-06-20 16:35:36,36.67999
2019-06-20 16:36:30,37.04999
2019-06-20 16:37:07,36.88999
2019-06-20 16:37:55,36.38999
2019-06-20 16:38:13,37.08999
2019-06-20 16:38:53,36.81
2019-06-20 16:39:30,37.20999
2019-06-20 16:40:26,37.20999
2019-06-20 16:41:27,36.89999
2019-06-20 16:41:59,37.42999
2019-06-20 16:42:19,37.12
2019-06-20 16:43:18,36.64999
2019-06-20 16:43:42,37.02999
2019-06-20 16:45:38,37.02999
2019-06-20 16:46:12,35.48999
2019-06-20 16:46:22,37.13999
2019-06-20 16:47:08,36.65999
2019-06-20 16:50:04,36.65999
2019-06-20 16:50:16,37.04999
2019-06-20 16:50:45,36.75999
2019-06-20 16:51:23,35.59
2019-06-20 16:51:32,37.30999
2019-06-20 16:51:48,36.20999
2019-06-20 16:52:30,36.76999
2019-06-20 16:52:45,35.38999
2019-06-20 16:52:52,37.13
2019-06-20 16:53:10,36.40999
2019-06-20 16:56:06,36.40999
2019-06-20 16:56:41,36.67999
2019-06-20 16:56:53,36.25999
2019-06-20 16:57:01,37.34999
2019-06-20 16:57:11,36.23999
2019-06-20 16:58:03,36.88999
2019-06-20 16:58:14,35.95999
2019-06-20 16:58:24,36.59999
2019-06-20 16:58:57,36.39999
2019-06-20 17:02:53,36.39999
2019-06-20 17:03:27,36.91
2019-06-20 17:03:38,35.46999
2019-06-20 17:03:45,36.94999
2019-06-20 17:04:12,36.57999
2019-06-20 17:06:08,36.57999
2019-06-20 17:06:48,36.78999
2019-06-20 17:07:19,36.43999
2019-06-20 17:07:53,37.17999
2019-06-20 17:08:15,36.93999
2019-06-20 17:08:44,36.52999
2019-06-20 17:09:15,37.00999
2019-06-20 17:09:31,36.46999
2019-06-20 17:10:27,36.46999
2019-06-20 17:10:35,36.76999
2019-06-20 17:11:19,36.44999
2019-06-20 17:12:02,37.09999
2019-06-20 17:12:31,36.88999
2019-06-20 17:13:27,36.88999
2019-06-20 17:14:01,36.64999
2019-06-20 17:17:57,36.64999
2019-06-20 17:18:22,37.14999
2019-06-20 17:18:30,35.78999
2019-06-20 17:18:38,37.38999
2019-06-20 17:18:52,36.3
2019-06-20 17:19:23,36.66999
2019-06-20 17:20:19,36.66999
2019-06-20 17:21:08,35.76999
2019-06-20 17:21:19,37.20999
2019-06-20 17:21:37,36.52999
2019-06-20 17:23:33,36.52999
2019-06-20 17:23:46,36.87
2019-06-20 17:24:15,36.36999
2019-06-20 17:25:01,36.55
2019-06-20 17:25:57,36.55
2019-06-20 17:26:24,36.39999
2019-06-20 17:27:18,36.11999
2019-06-20 17:27:49,36.65999
2019-06-20 17:28:45,36.65999
2019-06-20 17:28:54,36.57999
2019-06-20 17:29:22,35.64999
2019-06-20 17:29:29,37.35999
2019-06-20 17:29:43,36.62
2019-06-20 17:31:40,36.62
2019-06-20 17:31:53,36.98999
2019-06-20 17:32:04,36.17999
2019-06-20 17:32:14,37.01999
2019-06-20 17:32:36,36.57999
2019-06-20 17:35:32,36.57999
2019-06-20 17:36:07,35.80999
2019-06-20 17:36:16,36.91
2019-06-20 17:36:26,35.14999
2019-06-20 17:36:38,36.81
2019-06-20 17:37:15,36.28999
2019-06-20 17:38:01,36.89999
2019-06-20 17:38:28,36.37999
2019-06-20 17:39:01,36.49
2019-06-20 17:39:57,36.49
2019-06-20 17:40:56,36.75999
2019-06-20 17:41:21,36.41999
2019-06-20 17:41:38,36.98999
2019-06-20 17:41:50,36.56999
2019-06-20 17:42:24,36.75999
2019-06-20 17:43:19,35.12999
2019-06-20 17:43:56,34.98999
2019-06-20 17:44:48,34.72999
2019-06-20 17:45:43,34.72999
2019-06-20 17:46:34,34.39999
2019-06-20 17:53:30,34.39999
2019-06-20 17:53:47,34.57999
2019-06-20 17:55:43,34.57999
2019-06-20 17:55:50,34.37999
2019-06-20 17:56:25,34.56999
2019-06-20 17:56:59,35.01999
2019-06-20 17:57:42,34.69999
2019-06-20 17:58:01,35.10999
2019-06-20 17:58:57,35.10999
2019-06-20 17:59:22,35.53999
2019-06-20 18:00:07,35.33999
2019-06-20 18:01:04,35.33999
2019-06-20 18:01:08,35.49998
2019-06-20 18:10:05,35.49998
2019-06-20 18:10:17,35.73999
2019-06-20 18:16:13,35.73999
2019-06-20 18:17:00,35.53999
2019-06-20 18:17:38,34.99999
2019-06-20 18:18:17,35.23
2019-06-20 18:19:13,35.23
2019-06-20 18:19:55,35.79999
2019-06-20 18:20:18,35.43999
2019-06-20 18:21:14,35.43999
2019-06-20 18:22:18,35.03999
2019-06-20 18:23:01,35.27
2019-06-20 18:23:41,35.08999
2019-06-20 18:24:37,35.08999
2019-06-20 18:25:10,34.85999
2019-06-20 18:25:54,35.25999
2019-06-20 18:26:21,35.84
2019-06-20 18:26:55,36.33999
2019-06-20 18:27:35,36.84999
2019-06-20 18:28:32,36.84999
2019-06-20 18:29:29,37.18999
2019-06-20 18:32:24,37.18999
2019-06-20 18:32:29,37.31999
2019-06-20 18:34:25,37.31999
2019-06-20 18:34:50,37.65999
2019-06-20 18:36:47,37.65999
2019-06-20 18:37:06,38.04999
2019-06-20 18:38:03,38.04999
2019-06-20 18:38:16,38.65999
2019-06-20 18:38:56,38.26999
2019-06-20 18:39:42,38.83999
2019-06-20 18:40:07,38.37999
2019-06-20 18:41:02,38.37999
2019-06-20 18:41:13,38.74
2019-06-20 18:41:49,38.07999
2019-06-20 18:42:22,38.48999
2019-06-20 18:43:18,38.48999
2019-06-20 18:43:28,37.87
2019-06-20 18:43:58,38.23999
2019-06-20 18:44:50,37.77999
2019-06-20 18:45:46,37.77999
2019-06-20 18:46:36,37.21999
2019-06-20 18:47:23,37.49999
2019-06-20 18:48:08,37.28999
2019-06-20 18:49:04,37.28999
2019-06-20 18:49:46,36.87
2019-06-20 18:50:31,37.33999
2019-06-20 18:51:26,37.33999
2019-06-20 18:51:36,36.78999
2019-06-20 18:51:57,37.29999
2019-06-20 18:53:54,37.29999
2019-06-20 18:54:47,37.59999
2019-06-20 18:56:43,37.59999
2019-06-20 18:57:23,37.87999
2019-06-20 18:58:19,37.87999
2019-06-20 18:58:24,38.17999
2019-06-20 18:59:06,38.67999
2019-06-20 19:01:02,38.67999
2019-06-20 19:01:19,38.8
2019-06-20 19:01:55,39.09999
2019-06-20 19:03:50,39.09999
2019-06-20 19:03:55,38.93999
2019-06-20 19:05:51,38.93999
2019-06-20 19:06:51,38.73
2019-06-20 19:08:46,38.73
2019-06-20 19:08:53,38.41
2019-06-20 19:09:26,38.58999
2019-06-20 19:11:22,38.58999
2019-06-20 19:11:28,38.39999
2019-06-20 19:14:25,38.39999
2019-06-20 19:15:19,37.68999
2019-06-20 19:15:44,38.1
2019-06-20 19:16:22,38.59999
2019-06-20 19:16:56,38.48
2019-06-20 19:17:45,38.74
2019-06-20 19:18:41,38.74
2019-06-20 19:18:56,39.24999
2019-06-20 19:19:53,39.24999
2019-06-20 19:20:11,39.41
2019-06-20 19:21:07,39.41
2019-06-20 19:21:23,39.8
2019-06-20 19:22:07,39.46999
2019-06-20 19:25:04,39.46999
2019-06-20 19:25:46,39.83999
2019-06-20 19:27:41,39.83999
2019-06-20 19:27:48,39.50999
2019-06-20 19:28:19,39.77999
2019-06-20 19:29:16,39.77999
2019-06-20 19:29:29,40.03999
2019-06-20 19:31:25,40.03999
2019-06-20 19:31:49,39.60999
2019-06-20 19:32:24,39.8
2019-06-20 19:35:20,39.8
2019-06-20 19:35:59,39.62999
2019-06-20 19:38:55,39.62999
2019-06-20 19:39:23,39.83999
2019-06-20 19:40:20,39.83999
2019-06-20 19:41:15,40.02999
2019-06-20 19:41:39,40.37
2019-06-20 19:42:30,40.78999
2019-06-20 19:44:26,40.78999
2019-06-20 19:45:24,40.31999
2019-06-20 19:45:45,40.81999
2019-06-20 19:46:35,40.61999
2019-06-20 19:47:28,40.81999
2019-06-20 19:48:24,40.81999
2019-06-20 19:48:53,40.71999
2019-06-20 19:50:50,40.71999
2019-06-20 19:51:15,40.98
2019-06-20 19:51:55,40.7
2019-06-20 19:52:43,41.02
2019-06-20 19:53:38,41.02
2019-06-20 19:54:10,41.44998
2019-06-20 19:54:47,41.27999
2019-06-20 19:55:42,41.27999
2019-06-20 19:56:44,41.56998
2019-06-20 19:57:11,41.42999
2019-06-20 19:59:07,41.42999
2019-06-20 19:59:16,41.00999
2019-06-20 20:00:12,41.00999
2019-06-20 20:00:17,40.86999
2019-06-20 20:01:11,40.44999
2019-06-20 20:02:06,40.44999
2019-06-20 20:02:29,40.17999
2019-06-20 20:04:27,40.17999
2019-06-20 20:04:44,39.87999
2019-06-20 20:05:41,39.38
2019-06-20 20:06:38,39.38
2019-06-20 20:06:47,39.12999
2019-06-20 20:09:43,39.12999
2019-06-20 20:10:39,39.83999
2019-06-20 20:11:14,39.32999
2019-06-20 20:12:01,39.77
2019-06-20 20:12:36,39.34999
2019-06-20 20:13:12,39.55999
2019-06-20 20:13:37,40.31999
2019-06-20 20:14:37,40.90999
2019-06-20 20:14:52,40.38
2019-06-20 20:15:36,40.68999
2019-06-20 20:16:32,40.68999
2019-06-20 20:16:54,40.24999
2019-06-20 20:18:50,40.24999
2019-06-20 20:18:56,39.48999
2019-06-20 20:19:18,39.99999
2019-06-20 20:20:13,39.99999
2019-06-20 20:20:30,39.68999
2019-06-20 20:21:27,40.27999
2019-06-20 20:22:07,41.00999
2019-06-20 20:22:32,40.58999
2019-06-20 20:23:08,41.07999
2019-06-20 20:24:00,40.78999
2019-06-20 20:24:40,41.26999
2019-06-20 20:25:36,41.26999
2019-06-20 20:26:09,40.67
2019-06-20 20:26:53,40.06
2019-06-20 20:27:19,39.48
2019-06-20 20:27:47,38.87
2019-06-20 20:28:22,38.21999
2019-06-20 20:29:08,38.61999
2019-06-20 20:29:33,37.93999
2019-06-20 20:30:01,37.45
2019-06-20 20:30:30,36.97999
2019-06-20 20:31:05,36.46999
2019-06-20 20:31:38,35.64999
2019-06-20 20:32:34,35.64999
2019-06-20 20:32:39,35.40999
2019-06-20 20:32:56,34.93999
2019-06-20 20:33:41,35.27
2019-06-20 20:34:17,34.57999
2019-06-20 20:35:05,34.78999
2019-06-20 20:36:01,34.42999
2019-06-20 20:36:36,33.86999
2019-06-20 20:37:32,33.86999
2019-06-20 20:37:37,34.22999
2019-06-20 20:38:34,34.22999
2019-06-20 20:38:59,33.82999
2019-06-20 20:39:48,34.41999
2019-06-20 20:40:42,34.06999
2019-06-20 20:41:02,34.34999
2019-06-20 20:41:58,34.34999
2019-06-20 20:42:08,33.90999
2019-06-20 20:42:29,34.52999
2019-06-20 20:42:48,33.96999
2019-06-20 20:43:38,34.32999
2019-06-20 20:44:34,34.32999
2019-06-20 20:44:40,34.82999
2019-06-20 20:45:10,34.62
2019-06-20 20:46:06,34.62
2019-06-20 20:46:50,34.39999
2019-06-20 20:47:07,33.62
2019-06-20 20:47:31,34.44999
2019-06-20 20:47:52,33.67999
2019-06-20 20:48:16,34.67999
2019-06-20 20:48:34,34.16999
2019-06-20 20:49:31,34.16999
2019-06-20 20:50:10,34.67999
2019-06-20 20:50:40,34.40999
2019-06-20 20:52:37,34.40999
2019-06-20 20:52:55,34.24999
2019-06-20 20:53:51,34.24999
2019-06-20 20:54:09,33.74999
2019-06-20 20:54:26,34.35999
2019-06-20 20:55:22,34.35999
2019-06-20 20:56:14,33.37999
2019-06-20 20:56:30,32.94999
2019-06-20 20:56:48,33.76999
2019-06-20 20:57:45,33.76999
2019-06-20 20:58:41,33.57999
2019-06-20 20:59:05,33.12
2019-06-20 20:59:58,33.32999
2019-06-20 21:00:31,32.96
2019-06-20 21:01:27,32.96
2019-06-20 21:01:37,33.19999
2019-06-20 21:02:05,32.58999
2019-06-20 21:02:27,33.02
2019-06-20 21:03:14,32.76999
2019-06-20 21:05:10,32.76999
2019-06-20 21:05:32,33.10999
2019-06-20 21:06:11,33.57999
2019-06-20 21:07:07,33.57999
2019-06-20 21:07:39,33.37999
2019-06-20 21:08:34,33.37999
2019-06-20 21:08:46,33.06999
2019-06-20 21:11:43,33.06999
2019-06-20 21:12:18,32.74999
2019-06-20 21:13:06,32.56999
2019-06-20 21:13:46,33.03999
2019-06-20 21:14:43,32.26999
2019-06-20 21:14:57,32.96999
2019-06-20 21:16:53,32.96999
2019-06-20 21:17:25,33.38999
2019-06-20 21:18:20,33.38999
2019-06-20 21:19:09,33.06999
2019-06-20 21:21:05,33.06999
2019-06-20 21:21:33,32.88999
2019-06-20 21:21:59,32.67999
2019-06-20 21:23:56,32.67999
2019-06-20 21:24:12,32.99999
2019-06-20 21:25:07,32.55999
2019-06-20 21:26:03,32.55999
2019-06-20 21:26:44,32.73999
2019-06-20 21:27:35,33.12999
2019-06-20 21:28:21,32.96999
2019-06-20 21:28:54,32.67
2019-06-20 21:29:50,32.67
2019-06-20 21:30:10,32.23999
2019-06-20 21:30:34,32.55999
2019-06-20 21:31:31,32.55999
2019-06-20 21:31:36,32.27999
2019-06-20 21:32:33,32.27999
2019-06-20 21:32:38,32.60999
2019-06-20 21:33:06,32.18999
2019-06-20 21:34:02,32.18999
2019-06-20 21:34:17,32.28999
2019-06-20 21:34:59,32.64999
2019-06-20 21:35:57,32.60999
2019-06-20 21:36:20,32.00999
2019-06-20 21:37:15,32.00999
2019-06-20 21:37:28,32.31999
2019-06-20 21:38:26,32.63999
2019-06-20 21:38:54,32.34
2019-06-20 21:40:50,32.34
2019-06-20 21:41:03,32.89999
2019-06-20 21:42:59,32.89999
2019-06-20 21:43:16,32.09
2019-06-20 21:43:38,32.43999
2019-06-20 21:44:34,32.43999
2019-06-20 21:44:44,32.96
2019-06-20 21:45:41,32.96
2019-06-20 21:46:29,32.48999
2019-06-20 21:46:59,32.63999
2019-06-20 21:47:56,32.63999
2019-06-20 21:48:05,32.99999
2019-06-20 21:54:02,32.99999
2019-06-20 21:55:05,33.3
2019-06-20 21:57:01,33.3
2019-06-20 21:57:54,33.03999
2019-06-20 21:58:41,33.46999
2019-06-20 21:59:26,33.02999
2019-06-20 22:01:22,33.02999
2019-06-20 22:01:46,33.63
2019-06-20 22:02:28,33.22999
2019-06-20 22:03:05,32.45999
2019-06-20 22:03:38,32.84999
2019-06-20 22:04:31,32.29999
2019-06-20 22:04:46,33.05
2019-06-20 22:05:16,32.42999
2019-06-20 22:05:40,32.63999
2019-06-20 22:06:36,32.63999
2019-06-20 22:06:54,33.02
2019-06-20 22:07:50,33.02
2019-06-20 22:08:11,32.64999
2019-06-20 22:10:06,32.64999
2019-06-20 22:10:56,32.49999
2019-06-20 22:11:43,32.81999
2019-06-20 22:12:18,31.93999
2019-06-20 22:12:34,32.42999
2019-06-20 22:12:51,32.85999
2019-06-20 22:16:47,32.85999
2019-06-20 22:17:38,33.12
2019-06-20 22:18:11,32.90999
2019-06-20 22:19:07,32.90999
2019-06-20 22:19:47,32.67
2019-06-20 22:20:44,32.67
2019-06-20 22:21:18,32.96
2019-06-20 22:22:14,32.96
2019-06-20 22:23:12,32.47999
2019-06-20 22:23:54,33.17999
2019-06-20 22:24:48,32.92999
2019-06-20 22:25:29,32.68999
2019-06-20 22:26:22,32.41999
2019-06-20 22:28:18,32.41999
2019-06-20 22:29:21,32.37
2019-06-20 22:29:59,32.73999
2019-06-20 22:30:28,32.20999
2019-06-20 22:32:24,32.20999
2019-06-20 22:32:44,32.53999
2019-06-20 22:33:39,32.53999
2019-06-20 22:33:45,32.42999
2019-06-20 22:34:41,32.42999
2019-06-20 22:35:19,32.59999
2019-06-20 22:35:47,32.93999
2019-06-20 22:36:43,32.93999
2019-06-20 22:37:17,32.64999
2019-06-20 22:37:56,33.15999
2019-06-20 22:38:28,32.85999
2019-06-20 22:41:24,32.85999
2019-06-20 22:41:31,33.23999
2019-06-20 22:41:59,33.14999
2019-06-20 22:42:34,32.82999
2019-06-20 22:43:30,32.82999
2019-06-20 22:43:36,32.93999
2019-06-20 22:44:32,32.93999
2019-06-20 22:44:39,32.54999
2019-06-20 22:45:26,32.63999
2019-06-20 22:46:19,31.95999
2019-06-20 22:46:44,31.05
2019-06-20 22:47:43,30.29999
2019-06-20 22:48:23,30.00999
2019-06-20 22:48:42,30.62999
2019-06-20 22:49:37,30.62999
2019-06-20 22:49:59,30.52999
2019-06-20 22:50:56,30.52999
2019-06-20 22:51:10,30.84
2019-06-20 22:51:35,30.32999
2019-06-20 22:52:31,30.32999
2019-06-20 22:52:55,29.78
2019-06-20 22:53:19,30.14999
2019-06-20 22:54:14,30.14999
2019-06-20 22:54:55,29.84
2019-06-20 22:55:41,30.30999
2019-06-20 22:56:37,30.30999
2019-06-20 22:56:57,29.91999
2019-06-20 22:57:28,30.35999
2019-06-20 22:59:24,30.35999
2019-06-20 22:59:46,30.60999
2019-06-20 23:01:42,30.60999
2019-06-20 23:01:49,30.84
2019-06-20 23:02:13,31.14
2019-06-20 23:03:07,31.48
2019-06-20 23:03:40,31.25999
2019-06-20 23:04:10,31.56999
2019-06-20 23:04:55,31.89999
2019-06-20 23:05:35,31.49999
2019-06-20 23:06:13,32.22999
2019-06-20 23:06:34,31.8
2019-06-20 23:07:30,31.8
2019-06-20 23:07:59,32.12
2019-06-20 23:08:37,31.49999
2019-06-20 23:09:00,31.8
2019-06-20 23:10:56,31.8
2019-06-20 23:11:32,32.35999
2019-06-20 23:12:28,32.35999
2019-06-20 23:12:55,31.96999
2019-06-20 23:13:51,31.96999
2019-06-20 23:13:55,31.72
2019-06-20 23:15:51,31.72
2019-06-20 23:16:31,31.25999
2019-06-20 23:17:27,31.25999
2019-06-20 23:17:49,31.11
2019-06-20 23:18:44,31.11
2019-06-20 23:19:24,31.57999
2019-06-20 23:19:49,30.87
2019-06-20 23:20:14,30.96999
2019-06-20 23:20:53,31.34999
2019-06-20 23:22:49,31.34999
2019-06-20 23:23:23,31.83999
2019-06-20 23:23:54,31.56999
2019-06-20 23:24:48,31.00999
2019-06-20 23:25:08,31.75
2019-06-20 23:25:43,31.31999
2019-06-20 23:26:31,31.59999
2019-06-20 23:27:17,31.18999
2019-06-20 23:27:54,31.50999
2019-06-20 23:28:49,30.74
2019-06-20 23:29:18,31.19999
2019-06-20 23:29:56,31.64999
2019-06-20 23:30:23,31.26999
2019-06-20 23:31:19,31.26999
2019-06-20 23:32:21,31.38
2019-06-20 23:38:17,31.38
2019-06-20 23:39:22,31.48999
2019-06-20 23:40:17,31.48999
2019-06-20 23:41:06,31.77999
2019-06-20 23:41:58,31.46999
2019-06-20 23:42:46,31.69
2019-06-20 23:43:42,31.69
2019-06-20 23:44:37,31.17999
2019-06-20 23:44:56,31.58999
2019-06-20 23:46:51,31.58999
2019-06-20 23:47:37,31.91999
2019-06-20 23:47:56,31.52999
2019-06-20 23:48:48,31.66999
2019-06-20 23:50:45,31.66999
2019-06-20 23:50:52,31.56999
2019-06-20 23:51:48,31.56999
2019-06-20 23:52:31,31.49999
2019-06-20 23:53:27,31.49999
2019-06-20 23:53:36,31.06
2019-06-20 23:54:14,31.46
2019-06-20 23:55:10,31.46
2019-06-20 23:55:24,31.57999
2019-06-20 23:58:20,31.57999
2019-06-20 23:58:28,31.46999
2019-06-20 23:59:08,31.96999
2019-06-20 23:59:30,31.77
2019-06-21 00:00:26,31.77
2019-06-21 00:00:44,32.26999
2019-06-21 00:01:18,32.17999
2019-06-21 00:02:03,32.02
2019-06-21 00:02:32,32.51999
2019-06-21 00:02:57,31.61999
2019-06-21 00:03:53,31.61999
2019-06-21 00:04:47,31.04
2019-06-21 00:05:18,31.60999
2019-06-21 00:05:59,31.12
2019-06-21 00:06:37,30.87999
2019-06-21 00:09:33,30.87999
2019-06-21 00:10:17,31.21999
2019-06-21 00:11:13,31.21999
2019-06-21 00:12:08,30.74
2019-06-21 00:12:38,31.07
2019-06-21 00:13:34,31.07
2019-06-21 00:13:55,30.87999
2019-06-21 00:17:50,30.87999
2019-06-21 00:18:06,31.21999
2019-06-21 00:20:02,31.21999
2019-06-21 00:20:22,31.63999
2019-06-21 00:20:47,30.96999
2019-06-21 00:21:12,31.61999
2019-06-21 00:21:52,31.41
2019-06-21 00:22:37,31.08
2019-06-21 00:23:32,31.08
2019-06-21 00:23:54,31.16999
2019-06-21 00:24:18,31.34999
2019-06-21 00:25:08,31.64999
2019-06-21 00:26:03,31.64999
2019-06-21 00:26:38,31.46999
2019-06-21 00:28:34,31.46999
2019-06-21 00:28:54,31.73
2019-06-21 00:29:40,31.46999
2019-06-21 00:31:36,31.46999
2019-06-21 00:31:45,31.01999
2019-06-21 00:32:04,31.61999
2019-06-21 00:33:00,31.61999
2019-06-21 00:33:26,30.97999
2019-06-21 00:33:46,31.66999
2019-06-21 00:34:36,31.43
2019-06-21 00:37:32,31.43
2019-06-21 00:37:45,31.62999
2019-06-21 00:39:41,31.62999
2019-06-21 00:39:48,32.05
2019-06-21 00:40:41,31.65999
2019-06-21 00:41:11,32.16999
2019-06-21 00:41:41,31.77
2019-06-21 00:42:37,31.77
2019-06-21 00:42:54,31.46
2019-06-21 00:43:49,31.46
2019-06-21 00:44:13,30.99999
2019-06-21 00:45:09,30.99999
2019-06-21 00:45:14,31.46
2019-06-21 00:45:48,31.12999
2019-06-21 00:47:44,31.12999
2019-06-21 00:48:21,31.78999
2019-06-21 00:48:39,31.27999
2019-06-21 00:49:34,31.27999
2019-06-21 00:50:15,30.90999
2019-06-21 00:50:44,31.48
2019-06-21 00:51:39,31.48
2019-06-21 00:52:05,31.77
2019-06-21 00:55:01,31.77
2019-06-21 00:55:11,32.06999
2019-06-21 00:55:29,31.75999
2019-06-21 00:56:12,31.95999
2019-06-21 00:57:07,31.95999
2019-06-21 00:57:22,32.52999
2019-06-21 00:57:51,31.83999
2019-06-21 00:58:13,32.53999
2019-06-21 00:58:49,32.29999
2019-06-21 00:59:46,32.79999
2019-06-21 01:00:47,32.43999
2019-06-21 01:01:08,32.61999
2019-06-21 01:02:03,32.61999
2019-06-21 01:02:21,32.75999
2019-06-21 01:03:12,32.39999
2019-06-21 01:03:48,32.89999
2019-06-21 01:04:28,32.60999
2019-06-21 01:05:23,32.60999
2019-06-21 01:05:34,32.84999
2019-06-21 01:06:30,32.84999
2019-06-21 01:07:04,33.3
2019-06-21 01:07:47,33.18999
2019-06-21 01:08:44,33.18999
2019-06-21 01:09:26,33.32999
2019-06-21 01:10:10,33.05
2019-06-21 01:11:05,33.05
2019-06-21 01:11:52,32.78999
2019-06-21 01:16:48,32.78999
2019-06-21 01:17:30,32.43999
2019-06-21 01:17:44,32.88999
2019-06-21 01:18:24,32.59999
2019-06-21 01:19:19,32.59999
2019-06-21 01:19:25,32.83999
2019-06-21 01:20:20,32.83999
2019-06-21 01:20:59,33.14999
2019-06-21 01:21:54,33.14999
2019-06-21 01:22:02,32.78999
2019-06-21 01:22:34,33.35999
2019-06-21 01:23:24,33.13999
2019-06-21 01:23:59,33.46999
2019-06-21 01:24:44,33.15999
2019-06-21 01:25:40,33.15999
2019-06-21 01:25:49,32.94999
2019-06-21 01:26:45,32.94999
2019-06-21 01:27:00,32.73999
2019-06-21 01:27:55,32.73999
2019-06-21 01:28:01,32.50999
2019-06-21 01:30:56,32.50999
2019-06-21 01:31:53,32.99
2019-06-21 01:32:14,32.67
2019-06-21 01:33:03,32.47999
2019-06-21 01:33:55,32.31999
2019-06-21 01:34:52,32.31999
2019-06-21 01:35:09,31.90999
2019-06-21 01:35:43,32.51999
2019-06-21 01:36:39,32.51999
2019-06-21 01:36:51,32.18999
2019-06-21 01:37:46,32.18999
2019-06-21 01:38:01,32.56999
2019-06-21 01:38:29,32.31999
2019-06-21 01:39:03,32.56999
2019-06-21 01:42:57,32.56999
2019-06-21 01:43:37,32.98
2019-06-21 01:44:17,32.41999
2019-06-21 01:44:47,33.12
2019-06-21 01:45:05,32.54999
2019-06-21 01:46:00,32.54999
2019-06-21 01:46:09,32.80999
2019-06-21 01:46:59,32.35
2019-06-21 01:47:33,32.60999
2019-06-21 01:49:30,32.60999
2019-06-21 01:50:15,33.06999
2019-06-21 01:51:04,32.63999
2019-06-21 01:51:55,33.23999
2019-06-21 01:52:23,32.7
2019-06-21 01:54:18,32.7
2019-06-21 01:55:14,32.91999
2019-06-21 01:57:10,32.91999
2019-06-21 01:57:20,33.05
2019-06-21 02:01:16,33.05
2019-06-21 02:02:13,33.39999
2019-06-21 02:03:04,33.21999
2019-06-21 02:03:28,33.52999
2019-06-21 02:09:23,33.52999
2019-06-21 02:09:40,33.28
2019-06-21 02:10:15,33.41999
2019-06-21 02:11:11,33.41999
2019-06-21 02:11:39,33.02
2019-06-21 02:12:29,32.68999
2019-06-21 02:13:10,32.93999
2019-06-21 02:14:07,32.93999
2019-06-21 02:14:13,32.75999
2019-06-21 02:15:10,32.75999
2019-06-21 02:15:21,32.34
2019-06-21 02:16:16,32.34
2019-06-21 02:16:37,31.98999
2019-06-21 02:19:33,31.98999
2019-06-21 02:19:45,32.73999
2019-06-21 02:20:20,32.14999
2019-06-21 02:20:58,32.56999
2019-06-21 02:21:27,32.34
2019-06-21 02:22:22,32.34
2019-06-21 02:22:44,32.83999
2019-06-21 02:23:05,32.25999
2019-06-21 02:25:00,32.25999
2019-06-21 02:26:02,32.32999
2019-06-21 02:26:58,32.32999
2019-06-21 02:27:03,32.71999
2019-06-21 02:29:59,32.71999
2019-06-21 02:30:20,32.28999
2019-06-21 02:30:43,32.99
2019-06-21 02:31:04,32.43999
2019-06-21 02:31:27,32.74999
2019-06-21 02:34:22,32.74999
2019-06-21 02:35:15,32.54999
2019-06-21 02:35:47,33.05999
2019-06-21 02:36:18,32.68999
2019-06-21 02:38:15,32.68999
2019-06-21 02:38:33,32.99999
2019-06-21 02:43:29,32.99999
2019-06-21 02:44:21,32.60999
2019-06-21 02:45:13,33.06999
2019-06-21 02:45:28,32.43999
2019-06-21 02:46:13,32.7
2019-06-21 02:48:08,32.7
2019-06-21 02:48:23,32.21999
2019-06-21 02:49:19,32.21999
2019-06-21 02:49:29,32.56999
2019-06-21 02:49:53,32.41999
2019-06-21 02:50:26,31.93999
2019-06-21 02:51:22,31.93999
2019-06-21 02:52:04,32.07999
2019-06-21 02:53:00,32.07999
2019-06-21 02:53:08,32.23999
2019-06-21 02:53:46,32.07999
2019-06-21 02:55:42,32.07999
2019-06-21 02:56:03,32.35999
2019-06-21 02:59:00,32.35999
2019-06-21 02:59:08,31.83999
2019-06-21 02:59:28,31.97999
2019-06-21 03:00:24,31.97999
2019-06-21 03:00:43,32.12
2019-06-21 03:01:38,32.12
2019-06-21 03:02:21,32.61999
2019-06-21 03:02:44,32.41
2019-06-21 03:03:40,32.41
2019-06-21 03:04:24,32.73
2019-06-21 03:06:19,32.73
2019-06-21 03:07:24,33.09999
2019-06-21 03:08:06,33.05
2019-06-21 03:10:02,33.05
2019-06-21 03:10:20,32.77999
2019-06-21 03:10:46,33.22999
2019-06-21 03:11:26,33.02999
2019-06-21 03:13:22,33.02999
2019-06-21 03:14:18,33.57999
2019-06-21 03:14:45,33.32999
2019-06-21 03:15:41,33.32999
2019-06-21 03:16:00,33.74999
2019-06-21 03:16:29,33.28
2019-06-21 03:18:25,33.28
2019-06-21 03:19:25,32.7
2019-06-21 03:20:20,32.7
2019-06-21 03:20:27,32.98
2019-06-21 03:21:22,32.98
2019-06-21 03:22:19,32.78999
2019-06-21 03:25:14,32.78999
2019-06-21 03:25:51,32.45999
2019-06-21 03:26:46,32.45999
2019-06-21 03:26:51,31.96999
2019-06-21 03:27:47,31.96999
2019-06-21 03:28:22,31.69
2019-06-21 03:28:52,31.37
2019-06-21 03:29:30,31.66999
2019-06-21 03:30:25,31.66999
2019-06-21 03:30:58,32.02
2019-06-21 03:31:57,31.94999
2019-06-21 03:32:43,32.39999
2019-06-21 03:33:19,31.93999
2019-06-21 03:33:44,32.30999
2019-06-21 03:34:39,32.30999
2019-06-21 03:34:50,31.98999
2019-06-21 03:35:18,32.23999
2019-06-21 03:36:07,32.74999
2019-06-21 03:36:40,32.25999
2019-06-21 03:36:59,32.62999
2019-06-21 03:37:55,32.62999
2019-06-21 03:38:35,32.50999
2019-06-21 03:39:30,32.99
2019-06-21 03:40:26,32.99
2019-06-21 03:41:22,33.32999
2019-06-21 03:42:18,33.32999
2019-06-21 03:42:49,33.05
2019-06-21 03:43:44,33.05
2019-06-21 03:44:32,33.34
2019-06-21 03:45:15,33.05999
2019-06-21 03:46:15,32.59999
2019-06-21 03:47:01,32.75999
2019-06-21 03:50:57,32.75999
2019-06-21 03:51:29,32.45999
2019-06-21 03:51:53,32.60999
2019-06-21 03:52:48,32.60999
2019-06-21 03:53:08,33.00999
2019-06-21 03:53:44,32.89999
2019-06-21 03:54:39,32.89999
2019-06-21 03:55:28,33.25999
2019-06-21 03:56:23,33.25999
2019-06-21 03:57:24,33.00999
2019-06-21 04:02:20,33.00999
2019-06-21 04:02:27,32.63999
2019-06-21 04:03:16,32.76999
2019-06-21 04:03:48,32.38
2019-06-21 04:04:44,32.38
2019-06-21 04:04:53,31.88999
2019-06-21 04:05:34,32.12
2019-06-21 04:06:29,32.12
2019-06-21 04:06:44,31.7
2019-06-21 04:07:22,32.43999
2019-06-21 04:07:40,32.02999
2019-06-21 04:08:06,32.53999
2019-06-21 04:08:41,32.06
2019-06-21 04:09:02,32.53999
2019-06-21 04:09:40,32.16999
2019-06-21 04:10:10,32.64999
2019-06-21 04:10:33,32.31999
2019-06-21 04:11:33,32.09
2019-06-21 04:11:58,31.96999
2019-06-21 04:12:18,31.32999
2019-06-21 04:13:14,31.32999
2019-06-21 04:13:22,31.00999
2019-06-21 04:14:11,30.60999
2019-06-21 04:15:06,30.60999
2019-06-21 04:15:16,30.79
2019-06-21 04:15:38,31.55999
2019-06-21 04:16:01,30.90999
2019-06-21 04:16:42,31.24999
2019-06-21 04:17:38,31.24999
2019-06-21 04:18:11,31.84999
2019-06-21 04:20:06,31.84999
2019-06-21 04:20:20,32.07999
2019-06-21 04:20:55,31.69
2019-06-21 04:21:42,32.21999
2019-06-21 04:22:04,31.8
2019-06-21 04:22:32,32.38
2019-06-21 04:23:28,32.38
2019-06-21 04:24:11,31.88999
2019-06-21 04:24:45,32.25999
2019-06-21 04:25:41,32.25999
2019-06-21 04:26:02,31.86999
2019-06-21 04:28:57,31.86999
2019-06-21 04:29:41,32.30999
2019-06-21 04:30:11,32.22999
2019-06-21 04:30:40,31.73
2019-06-21 04:30:59,32.50999
2019-06-21 04:31:25,31.87999
2019-06-21 04:31:54,32.67
2019-06-21 04:32:09,32.00999
2019-06-21 04:33:05,32.00999
2019-06-21 04:34:03,31.81999
2019-06-21 04:35:02,31.72
2019-06-21 04:35:56,31.72
2019-06-21 04:36:38,31.92999
2019-06-21 04:37:09,31.65999
2019-06-21 04:38:06,31.80999
2019-06-21 04:39:02,31.80999
2019-06-21 04:39:37,32.59999
2019-06-21 04:39:54,32.10999
2019-06-21 04:40:50,32.10999
2019-06-21 04:41:04,32.32999
2019-06-21 04:43:59,32.32999
2019-06-21 04:44:10,32.19999
2019-06-21 04:44:33,31.8
2019-06-21 04:45:05,31.32999
2019-06-21 04:45:57,31.08
2019-06-21 04:46:22,30.63999
2019-06-21 04:46:41,31.22999
2019-06-21 04:47:11,30.74
2019-06-21 04:47:54,30.8
2019-06-21 04:48:31,31.20999
2019-06-21 04:49:26,31.20999
2019-06-21 04:49:41,30.87
2019-06-21 04:50:04,31.52999
2019-06-21 04:50:31,30.87
2019-06-21 04:51:15,31.37
2019-06-21 04:51:47,31.04
2019-06-21 04:52:11,31.58999
2019-06-21 04:53:04,31.14999
2019-06-21 04:53:33,31.58999
2019-06-21 04:54:22,31.12
2019-06-21 04:54:58,31.28999
2019-06-21 04:56:53,31.28999
2019-06-21 04:57:01,31.36
2019-06-21 04:57:56,31.36
2019-06-21 04:58:41,31.68
2019-06-21 04:59:37,31.68
2019-06-21 05:00:35,31.91999
2019-06-21 05:03:29,31.91999
2019-06-21 05:03:55,32.12999
2019-06-21 05:06:51,32.12999
2019-06-21 05:07:35,32.38999
2019-06-21 05:08:12,32.93999
2019-06-21 05:08:42,32.49999
2019-06-21 05:09:21,32.66
2019-06-21 05:10:03,33.14999
2019-06-21 05:10:53,32.99999
2019-06-21 05:11:48,32.99999
2019-06-21 05:12:40,32.57999
2019-06-21 05:15:36,32.57999
2019-06-21 05:16:07,32.99999
2019-06-21 05:16:29,32.38999
2019-06-21 05:16:59,32.53999
2019-06-21 05:18:54,32.53999
2019-06-21 05:19:37,32.15999
2019-06-21 05:20:03,32.45999
2019-06-21 05:20:42,32.09
2019-06-21 05:21:36,31.86999
2019-06-21 05:22:15,31.36
2019-06-21 05:23:11,31.36
2019-06-21 05:23:27,30.90999
2019-06-21 05:23:51,31.45
2019-06-21 05:24:31,31.98999
2019-06-21 05:25:14,31.58999
2019-06-21 05:25:38,32.09999
2019-06-21 05:26:34,32.09999
2019-06-21 05:27:01,31.96999
2019-06-21 05:27:36,32.38
2019-06-21 05:28:04,31.77
2019-06-21 05:28:47,32.43999
2019-06-21 05:29:21,32.41999
2019-06-21 05:30:17,32.41999
2019-06-21 05:30:22,32.10999
2019-06-21 05:31:18,32.10999
2019-06-21 05:32:06,32.76999
2019-06-21 05:32:32,32.32999
2019-06-21 05:34:28,32.32999
2019-06-21 05:34:55,32.06
2019-06-21 05:35:30,32.21999
2019-06-21 05:37:26,32.21999
2019-06-21 05:37:30,31.91999
2019-06-21 05:38:10,32.12
2019-06-21 05:40:06,32.12
2019-06-21 05:40:23,32.51999
2019-06-21 05:40:55,32.38
2019-06-21 05:41:51,32.38
2019-06-21 05:42:37,31.81999
2019-06-21 05:42:55,32.30999
2019-06-21 05:43:33,31.89999
2019-06-21 05:44:19,32.15999
2019-06-21 05:45:15,32.15999
2019-06-21 05:45:44,31.89999
2019-06-21 05:46:21,31.98999
2019-06-21 05:47:17,31.98999
2019-06-21 05:47:26,31.49999
2019-06-21 05:47:49,32.12
2019-06-21 05:48:45,32.12
2019-06-21 05:48:50,32.67999
2019-06-21 05:49:27,32.28999
2019-06-21 05:49:56,32.91999
2019-06-21 05:50:15,32.57999
2019-06-21 05:51:10,32.57999
2019-06-21 05:51:25,32.80999
2019-06-21 05:51:43,33.46999
2019-06-21 05:52:12,33.89999
2019-06-21 05:53:08,33.89999
2019-06-21 05:53:23,34.02999
2019-06-21 05:54:06,34.18999
2019-06-21 05:56:01,34.18999
2019-06-21 05:56:15,34.74999
2019-06-21 05:56:57,35.20999
2019-06-21 05:57:53,35.20999
2019-06-21 05:58:19,34.92
2019-06-21 05:59:15,34.92
2019-06-21 05:59:26,34.62
2019-06-21 06:01:22,34.62
2019-06-21 06:02:08,34.98999
2019-06-21 06:02:55,34.67999
2019-06-21 06:04:51,34.67999
2019-06-21 06:05:49,35.35999
2019-06-21 06:07:44,35.35999
2019-06-21 06:08:09,35.01999
2019-06-21 06:10:05,35.01999
2019-06-21 06:10:41,34.27999
2019-06-21 06:11:38,33.66
2019-06-21 06:13:33,33.66
2019-06-21 06:13:50,34.20999
2019-06-21 06:14:21,33.92999
2019-06-21 06:15:01,33.48999
2019-06-21 06:15:51,34.15999
2019-06-21 06:16:13,33.75999
2019-06-21 06:17:08,33.75999
2019-06-21 06:17:50,33.82999
2019-06-21 06:18:12,34.02
2019-06-21 06:19:07,34.02
2019-06-21 06:19:34,34.46999
2019-06-21 06:20:09,33.93999
2019-06-21 06:20:27,34.21999
2019-06-21 06:21:25,34.66
2019-06-21 06:22:03,34.21999
2019-06-21 06:22:28,34.63999
2019-06-21 06:23:02,34.25999
2019-06-21 06:25:57,34.25999
2019-06-21 06:26:52,34.19999
2019-06-21 06:27:36,33.74999
2019-06-21 06:28:10,34.24999
2019-06-21 06:32:05,34.24999
2019-06-21 06:33:03,34.62
2019-06-21 06:33:40,34.32999
2019-06-21 06:34:32,34.63999
2019-06-21 06:35:28,34.63999
2019-06-21 06:36:13,34.40999
2019-06-21 06:37:09,34.40999
2019-06-21 06:37:55,34.56
2019-06-21 06:43:50,34.56
2019-06-21 06:44:11,34.43999
2019-06-21 06:45:07,34.43999
2019-06-21 06:45:19,33.75999
2019-06-21 06:45:39,34.13999
2019-06-21 06:46:35,34.43999
2019-06-21 06:47:29,34.43999
2019-06-21 06:47:34,34.37
2019-06-21 06:49:30,34.37
2019-06-21 06:50:08,34.72999
2019-06-21 06:50:36,34.51999
2019-06-21 06:52:32,34.51999
2019-06-21 06:52:57,34.13999
2019-06-21 06:53:23,34.81999
2019-06-21 06:53:49,34.25999
2019-06-21 06:54:27,34.41999
2019-06-21 06:57:22,34.41999
2019-06-21 06:57:42,34.57999
2019-06-21 06:58:27,34.16999
2019-06-21 06:59:22,34.16999
2019-06-21 06:59:54,34.35999
2019-06-21 07:00:36,34.46999
2019-06-21 07:05:32,34.46999
2019-06-21 07:05:43,34.59999
2019-06-21 07:06:39,34.59999
2019-06-21 07:06:55,34.18999
2019-06-21 07:07:31,34.77999
2019-06-21 07:08:11,34.59999
2019-06-21 07:09:06,34.59999
2019-06-21 07:09:30,34.75999
2019-06-21 07:10:25,34.75999
2019-06-21 07:10:30,34.54999
2019-06-21 07:11:26,34.54999
2019-06-21 07:11:50,35.12999
2019-06-21 07:12:08,34.41999
2019-06-21 07:13:04,34.89999
2019-06-21 07:13:59,34.89999
2019-06-21 07:14:15,34.62
2019-06-21 07:15:06,35.16999
2019-06-21 07:15:36,34.64999
2019-06-21 07:16:05,35.12999
2019-06-21 07:16:49,34.63999
2019-06-21 07:17:17,35.25999
2019-06-21 07:17:39,34.75999
2019-06-21 07:18:15,35.27
2019-06-21 07:18:41,35.13999
2019-06-21 07:19:37,35.13999
2019-06-21 07:20:40,34.91
2019-06-21 07:21:07,35.34999
2019-06-21 07:22:03,35.34999
2019-06-21 07:23:00,34.79999
2019-06-21 07:23:56,34.79999
2019-06-21 07:24:02,34.56999
2019-06-21 07:24:51,34.78999
2019-06-21 07:25:25,34.45999
2019-06-21 07:26:20,34.45999
2019-06-21 07:27:17,33.98999
2019-06-21 07:28:13,33.98999
2019-06-21 07:28:36,34.37999
2019-06-21 07:29:01,34.10999
2019-06-21 07:29:56,34.10999
2019-06-21 07:30:50,33.57999
2019-06-21 07:31:26,34.14999
2019-06-21 07:31:57,33.99999
2019-06-21 07:33:52,33.99999
2019-06-21 07:34:28,34.22999
2019-06-21 07:35:24,34.22999
2019-06-21 07:35:35,33.81999
2019-06-21 07:36:03,34.50999
2019-06-21 07:36:24,34.02
2019-06-21 07:37:19,34.02
2019-06-21 07:38:02,34.10999
2019-06-21 07:38:52,33.66
2019-06-21 07:39:25,33.95999
2019-06-21 07:40:09,34.06999
2019-06-21 07:41:03,33.42999
2019-06-21 07:41:59,33.42999
2019-06-21 07:42:25,32.61999
2019-06-21 07:43:14,31.94999
2019-06-21 07:43:58,31.39
2019-06-21 07:45:53,31.39
2019-06-21 07:46:02,32.09
2019-06-21 07:46:57,32.09
2019-06-21 07:47:28,32.35
2019-06-21 07:47:58,32.81999
2019-06-21 07:48:23,33.15999
2019-06-21 07:48:47,33.81999
2019-06-21 07:49:42,33.81999
2019-06-21 07:49:55,33.92
2019-06-21 07:50:25,34.62
2019-06-21 07:50:52,34.10999
2019-06-21 07:51:14,34.68999
2019-06-21 07:53:09,34.68999
2019-06-21 07:53:52,35.23
2019-06-21 07:54:12,34.52999
2019-06-21 07:54:33,35.31999
2019-06-21 07:55:12,34.95
2019-06-21 07:56:07,34.95
2019-06-21 07:56:20,34.54999
2019-06-21 07:56:39,35.18999
2019-06-21 07:57:34,35.18999
2019-06-21 07:58:26,34.86999
2019-06-21 07:58:45,35.56999
2019-06-21 07:59:21,34.91
2019-06-21 08:00:16,34.91
2019-06-21 08:00:44,34.47999
2019-06-21 08:01:16,34.79999
2019-06-21 08:01:48,34.41999
2019-06-21 08:02:44,34.41999
2019-06-21 08:03:28,33.87999
2019-06-21 08:04:23,33.87999
2019-06-21 08:04:53,33.38999
2019-06-21 08:05:48,33.38999
2019-06-21 08:06:28,32.7
2019-06-21 08:07:04,32.34
2019-06-21 08:08:59,32.34
2019-06-21 08:09:05,32.51999
2019-06-21 08:11:00,32.51999
2019-06-21 08:11:07,33.00999
2019-06-21 08:11:53,33.44999
2019-06-21 08:12:45,33.6
2019-06-21 08:13:15,34.03999
2019-06-21 08:14:03,33.47999
2019-06-21 08:14:38,33.49999
2019-06-21 08:16:33,33.49999
2019-06-21 08:16:53,33.80999
2019-06-21 08:17:31,33.31
2019-06-21 08:17:59,33.63999
2019-06-21 08:18:26,34.24
2019-06-21 08:19:21,34.24
2019-06-21 08:19:56,34.02
2019-06-21 08:20:35,34.47999
2019-06-21 08:21:22,34.27999
2019-06-21 08:21:45,33.85999
2019-06-21 08:22:41,34.52999
2019-06-21 08:23:04,33.73999
2019-06-21 08:23:29,34.16999
2019-06-21 08:24:24,34.16999
2019-06-21 08:24:37,34.48999
2019-06-21 08:25:33,34.15999
2019-06-21 08:26:28,34.15999
2019-06-21 08:26:35,34.34
2019-06-21 08:28:30,34.34
2019-06-21 08:29:15,34.56
2019-06-21 08:31:11,34.56
2019-06-21 08:31:35,34.59999
2019-06-21 08:32:31,34.59999
2019-06-21 08:32:55,34.21999
2019-06-21 08:33:50,34.21999
2019-06-21 08:34:06,35.00999
2019-06-21 08:34:46,34.69999
2019-06-21 08:35:41,34.69999
2019-06-21 08:36:26,33.73
2019-06-21 08:37:16,32.77999
2019-06-21 08:37:54,32.10999
2019-06-21 08:38:21,32.96
2019-06-21 08:38:59,32.55999
2019-06-21 08:40:54,32.55999
2019-06-21 08:41:26,33.21999
2019-06-21 08:42:07,33.57999
2019-06-21 08:42:47,34.08999
2019-06-21 08:43:42,34.08999
2019-06-21 08:43:48,33.82999
2019-06-21 08:44:43,33.82999
2019-06-21 08:44:51,33.03999
2019-06-21 08:45:41,33.24998
2019-06-21 08:46:32,33.74999
2019-06-21 08:47:05,33.07999
2019-06-21 08:47:28,33.73
2019-06-21 08:48:23,33.73
2019-06-21 08:48:46,34.14999
2019-06-21 08:49:42,34.14999
2019-06-21 08:50:31,34.39999
2019-06-21 08:51:16,35.25999
2019-06-21 08:51:33,34.68999
2019-06-21 08:52:29,34.68999
2019-06-21 08:52:35,34.84999
2019-06-21 08:53:30,34.84999
2019-06-21 08:54:02,34.44999
2019-06-21 08:54:27,34.84999
2019-06-21 08:55:22,34.84999
2019-06-21 08:55:35,35.05999
2019-06-21 08:56:30,35.05999
2019-06-21 08:56:39,35.65999
2019-06-21 08:57:11,36.01999
2019-06-21 08:57:39,36.44999
2019-06-21 08:58:29,36.70999
2019-06-21 09:00:24,36.70999
2019-06-21 09:01:00,36.89999
2019-06-21 09:01:23,36.27999
2019-06-21 09:01:50,35.63999
2019-06-21 09:02:45,35.63999
2019-06-21 09:03:02,34.53999
2019-06-21 09:03:59,33.82999
2019-06-21 09:04:31,33.05999
2019-06-21 09:05:00,32.86999
2019-06-21 09:05:18,32.41
2019-06-21 09:05:35,31.31999
2019-06-21 09:05:47,32.60999
2019-06-21 09:06:05,32.26999
2019-06-21 09:06:39,32.82999
2019-06-21 09:07:14,33.71999
2019-06-21 09:08:11,34.53999
2019-06-21 09:08:56,33.88999
2019-06-21 09:09:32,34.37999
2019-06-21 09:10:20,34.96999
2019-06-21 09:11:15,34.96999
2019-06-21 09:11:22,35.48999
2019-06-21 09:11:49,36.06999
2019-06-21 09:12:44,36.06999
2019-06-21 09:13:34,36.3
2019-06-21 09:14:28,36.93999
2019-06-21 09:15:06,36.34999
2019-06-21 09:15:46,36.48
2019-06-21 09:16:44,36.21999
2019-06-21 09:17:10,35.63999
2019-06-21 09:17:37,35.37999
2019-06-21 09:18:01,34.91
2019-06-21 09:18:32,34.28999
2019-06-21 09:19:06,33.76999
2019-06-21 09:19:31,33.35999
2019-06-21 09:20:00,32.75999
2019-06-21 09:20:56,32.75999
2019-06-21 09:21:27,31.98999
2019-06-21 09:22:00,31.27999
2019-06-21 09:22:31,30.38999
2019-06-21 09:23:07,29.70999
2019-06-21 09:23:28,28.70999
2019-06-21 09:24:19,27.57999
2019-06-21 09:24:48,27.14999
2019-06-21 09:25:41,26.50999
2019-06-21 09:26:14,25.73
2019-06-21 09:26:36,25.05
2019-06-21 09:27:17,24.24999
2019-06-21 09:27:45,23.12
2019-06-21 09:28:22,21.29999
2019-06-21 09:28:44,20.33
2019-06-21 09:29:01,19.96999
2019-06-21 09:29:11,18.23
2019-06-21 09:29:29,17.41999
2019-06-21 09:29:52,16.14999
2019-06-21 09:30:16,15.16
2019-06-21 09:30:40,16.28999
2019-06-21 09:31:12,15.52
2019-06-21 09:31:44,14.58
2019-06-21 09:32:00,15.56
2019-06-21 09:32:47,16.87
2019-06-21 09:33:09,17.52
2019-06-21 09:34:00,19.13
2019-06-21 09:34:39,19.73
2019-06-21 09:35:34,19.73
2019-06-21 09:36:00,20.89999
2019-06-21 09:36:25,21.76
2019-06-21 09:36:39,23.37
2019-06-21 09:37:34,23.37
2019-06-21 09:37:48,24.02
2019-06-21 09:38:04,25.12
2019-06-21 09:38:37,25.39
2019-06-21 09:38:50,26.16999
2019-06-21 09:39:31,26.66
2019-06-21 09:40:08,27.16999
2019-06-21 09:40:42,27.78999
2019-06-21 09:41:08,28.37999
2019-06-21 09:42:02,28.37999
2019-06-21 09:42:12,29.12
2019-06-21 09:42:58,30.73
2019-06-21 09:43:49,31.45
2019-06-21 09:44:28,31.88999
2019-06-21 09:45:08,32.46999
2019-06-21 09:45:50,32.76999
2019-06-21 09:46:12,33.31
2019-06-21 09:46:46,33.88999
2019-06-21 09:47:18,34.10999
2019-06-21 09:47:44,34.66
2019-06-21 09:48:08,35.49998
2019-06-21 09:48:30,34.95
2019-06-21 09:48:58,35.56
2019-06-21 09:49:53,35.56
2019-06-21 09:50:12,36.03999
2019-06-21 09:51:06,35.91999
2019-06-21 09:51:29,35.30999
2019-06-21 09:52:24,35.30999
2019-06-21 09:52:35,34.79999
2019-06-21 09:52:59,35.27999
2019-06-21 09:53:23,35.46999
2019-06-21 09:53:51,35.84
2019-06-21 09:54:40,35.49998
2019-06-21 09:55:26,34.98
2019-06-21 09:56:21,34.40999
2019-06-21 09:56:49,35.02999
2019-06-21 09:57:45,35.02999
2019-06-21 09:58:29,34.59999
2019-06-21 09:58:47,35.28999
2019-06-21 09:59:42,35.28999
2019-06-21 10:00:29,35.70999
2019-06-21 10:01:24,35.70999
2019-06-21 10:02:22,36.21999
2019-06-21 10:02:43,35.36999
2019-06-21 10:03:10,35.67999
2019-06-21 10:03:48,35.93999
2019-06-21 10:04:12,35.07999
2019-06-21 10:04:33,35.30999
2019-06-21 10:05:16,35.66999
2019-06-21 10:08:11,35.66999
2019-06-21 10:09:14,36.03999
2019-06-21 10:10:10,36.03999
2019-06-21 10:10:18,35.71999
2019-06-21 10:10:46,36.13999
2019-06-21 10:11:16,35.84
2019-06-21 10:12:11,35.84
2019-06-21 10:12:26,36.11999
2019-06-21 10:12:58,35.69999
2019-06-21 10:13:45,35.80999
2019-06-21 10:15:40,35.80999
2019-06-21 10:15:57,35.34999
2019-06-21 10:16:23,35.80999
2019-06-21 10:17:18,35.80999
2019-06-21 10:18:06,35.34999
2019-06-21 10:19:01,35.34999
2019-06-21 10:19:19,35.48999
2019-06-21 10:19:49,35.93999
2019-06-21 10:20:44,35.93999
2019-06-21 10:21:09,35.80999
2019-06-21 10:21:51,36.3
2019-06-21 10:22:27,36.04999
2019-06-21 10:22:59,36.57999
2019-06-21 10:23:32,36.28999
2019-06-21 10:24:28,36.28999
2019-06-21 10:24:55,36.59
2019-06-21 10:25:48,36.37999
2019-06-21 10:28:43,36.37999
2019-06-21 10:29:02,36.07999
2019-06-21 10:29:44,35.92999
2019-06-21 10:30:24,35.77999
2019-06-21 10:31:13,35.27
2019-06-21 10:32:07,35.27
2019-06-21 10:32:36,34.93999
2019-06-21 10:33:14,34.73999
2019-06-21 10:33:49,34.30999
2019-06-21 10:34:43,34.30999
2019-06-21 10:35:39,34.43999
2019-06-21 10:37:33,34.43999
2019-06-21 10:37:51,34.54999
2019-06-21 10:38:36,34.91
2019-06-21 10:40:32,34.91
2019-06-21 10:41:11,35.3
2019-06-21 10:42:07,35.3
2019-06-21 10:42:36,34.89999
2019-06-21 10:43:31,34.89999
2019-06-21 10:43:42,35.47999
2019-06-21 10:44:17,34.82999
2019-06-21 10:44:44,35.18999
2019-06-21 10:46:39,35.18999
2019-06-21 10:46:57,34.93999
2019-06-21 10:47:28,35.38999
2019-06-21 10:48:07,35.17999
2019-06-21 10:50:02,35.17999
2019-06-21 10:50:34,34.98
2019-06-21 10:51:11,35.3
2019-06-21 10:54:06,35.3
2019-06-21 10:54:17,34.95999
2019-06-21 10:54:35,35.47999
2019-06-21 10:55:08,35.10999
2019-06-21 10:55:51,35.35999
2019-06-21 10:56:18,34.99999
2019-06-21 11:02:14,34.99999
2019-06-21 11:02:44,35.3
2019-06-21 11:03:39,35.3
2019-06-21 11:03:51,34.98999
2019-06-21 11:06:47,34.98999
2019-06-21 11:06:52,35.34999
2019-06-21 11:07:40,35.16999
2019-06-21 11:08:21,35.53999
2019-06-21 11:09:16,35.53999
2019-06-21 11:09:21,35.06999
2019-06-21 11:10:11,34.64999
2019-06-21 11:10:59,35.17999
2019-06-21 11:11:43,35.70999
2019-06-21 11:12:14,36.18999
2019-06-21 11:12:45,36.52
2019-06-21 11:13:36,36.77999
2019-06-21 11:14:30,36.21999
2019-06-21 11:15:25,36.21999
2019-06-21 11:15:31,36.62
2019-06-21 11:16:01,36.26999
2019-06-21 11:16:56,36.26999
2019-06-21 11:17:56,36.05999
2019-06-21 11:22:51,36.05999
2019-06-21 11:23:21,36.40999
2019-06-21 11:24:09,35.98
2019-06-21 11:24:34,36.33999
2019-06-21 11:26:30,36.33999
2019-06-21 11:26:40,36.16
2019-06-21 11:27:35,36.16
2019-06-21 11:27:41,36.59
2019-06-21 11:28:24,36.28999
2019-06-21 11:29:19,36.28999
2019-06-21 11:29:57,35.91999
2019-06-21 11:30:29,36.08999
2019-06-21 11:31:24,36.08999
2019-06-21 11:31:33,35.80999
2019-06-21 11:32:27,35.80999
2019-06-21 11:33:25,35.32999
2019-06-21 11:33:57,35.82999
2019-06-21 11:34:48,35.17999
2019-06-21 11:35:30,35.42999
2019-06-21 11:35:52,36.2
2019-06-21 11:36:22,35.65999
2019-06-21 11:36:49,36.12999
2019-06-21 11:37:45,36.12999
2019-06-21 11:38:03,36.41999
2019-06-21 11:38:35,35.91
2019-06-21 11:39:29,35.91
2019-06-21 11:39:57,35.3
2019-06-21 11:40:51,35.3
2019-06-21 11:41:38,34.93999
2019-06-21 11:43:34,34.93999
2019-06-21 11:43:56,34.71999
2019-06-21 11:44:31,34.95999
2019-06-21 11:45:26,34.95999
2019-06-21 11:46:14,35.52
2019-06-21 11:46:41,35.09999
2019-06-21 11:47:33,35.62999
2019-06-21 11:48:28,35.62999
2019-06-21 11:49:21,35.98999
2019-06-21 11:49:51,35.81998
2019-06-21 11:52:47,35.81998
2019-06-21 11:53:12,36.24999
2019-06-21 11:54:07,36.24999
2019-06-21 11:54:27,35.79999
2019-06-21 11:54:59,36.17
2019-06-21 11:55:53,36.17
2019-06-21 11:56:50,35.85
2019-06-21 11:57:37,36.23999
2019-06-21 11:58:11,35.87
2019-06-21 11:58:40,36.39999
2019-06-21 11:59:06,35.95999
2019-06-21 11:59:35,36.21999
2019-06-21 12:01:31,36.21999
2019-06-21 12:01:59,35.77999
2019-06-21 12:02:31,35.98999
2019-06-21 12:03:08,36.35999
2019-06-21 12:04:02,36.35999
2019-06-21 12:04:20,36.06999
2019-06-21 12:05:14,36.06999
2019-06-21 12:05:27,36.25999
2019-06-21 12:08:23,36.25999
2019-06-21 12:09:13,35.99999
2019-06-21 12:10:09,35.99999
2019-06-21 12:10:14,35.67999
2019-06-21 12:12:09,35.67999
2019-06-21 12:12:23,35.85
2019-06-21 12:12:57,35.60999
2019-06-21 12:14:53,35.60999
2019-06-21 12:15:32,35.71999
2019-06-21 12:16:29,35.27999
2019-06-21 12:17:21,35.79999
2019-06-21 12:17:48,35.20999
2019-06-21 12:18:17,35.55
2019-06-21 12:21:13,35.55
2019-06-21 12:22:02,35.67999
2019-06-21 12:23:58,35.67999
2019-06-21 12:24:24,36.08999
2019-06-21 12:24:54,35.53
2019-06-21 12:25:27,35.94999
2019-06-21 12:27:23,35.94999
2019-06-21 12:27:42,36.2
2019-06-21 12:28:22,36.02999
2019-06-21 12:29:18,36.02999
2019-06-21 12:29:39,35.64999
2019-06-21 12:30:10,35.98999
2019-06-21 12:31:06,35.98999
2019-06-21 12:31:41,36.17
2019-06-21 12:32:36,36.17
2019-06-21 12:33:29,36.07999
2019-06-21 12:36:24,36.07999
2019-06-21 12:37:11,36.62999
2019-06-21 12:37:29,36.07999
2019-06-21 12:38:24,36.07999
2019-06-21 12:39:21,36.65999
2019-06-21 12:39:46,36.23
2019-06-21 12:40:32,36.56999
2019-06-21 12:41:03,36.23
2019-06-21 12:41:55,36.59
2019-06-21 12:42:49,36.59
2019-06-21 12:43:38,36.33999
2019-06-21 12:44:33,36.33999
2019-06-21 12:45:04,36.67999
2019-06-21 12:45:35,36.45999
2019-06-21 12:46:30,36.45999
2019-06-21 12:46:58,36.40999
2019-06-21 12:49:53,36.40999
2019-06-21 12:50:48,36.56999
2019-06-21 12:51:23,35.77999
2019-06-21 12:52:18,35.77999
2019-06-21 12:52:43,35.53999
2019-06-21 12:57:39,35.53999
2019-06-21 12:57:59,35.03999
2019-06-21 12:58:48,35.3
2019-06-21 12:59:44,35.3
2019-06-21 13:00:08,34.98
2019-06-21 13:01:03,34.98
2019-06-21 13:01:25,33.81999
2019-06-21 13:02:17,32.94999
2019-06-21 13:03:17,32.63999
2019-06-21 13:03:35,31.94999
2019-06-21 13:04:15,31.06
2019-06-21 13:04:53,30.56999
2019-06-21 13:05:10,29.61999
2019-06-21 13:06:06,30.60999
2019-06-21 13:07:01,30.60999
2019-06-21 13:07:07,31.07
2019-06-21 13:08:03,31.45
2019-06-21 13:08:53,32.02
2019-06-21 13:09:16,32.53999
2019-06-21 13:10:05,33.25999
2019-06-21 13:10:33,32.67999
2019-06-21 13:10:59,32.93999
2019-06-21 13:11:54,32.93999
2019-06-21 13:12:13,32.58999
2019-06-21 13:12:52,32.87999
2019-06-21 13:13:27,32.28999
2019-06-21 13:14:17,31.51999
2019-06-21 13:14:53,30.74
2019-06-21 13:15:33,30.22999
2019-06-21 13:16:00,30.97999
2019-06-21 13:16:44,31.64999
2019-06-21 13:17:20,32.48999
2019-06-21 13:18:07,32.80999
2019-06-21 13:18:48,32.58999
2019-06-21 13:19:26,33.10999
2019-06-21 13:20:22,33.10999
2019-06-21 13:20:48,33.86999
2019-06-21 13:21:16,34.10999
2019-06-21 13:21:43,34.78999
2019-06-21 13:22:05,35.53999
2019-06-21 13:23:00,35.53999
2019-06-21 13:23:11,36.03999
2019-06-21 13:24:02,36.3
2019-06-21 13:24:57,36.38999
2019-06-21 13:25:48,36.81
2019-06-21 13:26:43,36.81
2019-06-21 13:26:56,37.45999
2019-06-21 13:27:19,36.81
2019-06-21 13:27:46,37.63999
2019-06-21 13:28:07,37.36999
2019-06-21 13:29:02,37.36999
2019-06-21 13:29:34,38.06998
2019-06-21 13:30:19,37.77
2019-06-21 13:31:14,37.77
2019-06-21 13:31:36,37.61999
2019-06-21 13:33:31,37.61999
2019-06-21 13:34:04,37.52999
2019-06-21 13:34:28,37.13
2019-06-21 13:35:01,36.76999
2019-06-21 13:35:37,36.40999
2019-06-21 13:36:15,35.94999
2019-06-21 13:37:10,35.94999
2019-06-21 13:37:36,35.46999
2019-06-21 13:38:31,35.46999
2019-06-21 13:39:11,34.96999
2019-06-21 13:39:38,35.24999
2019-06-21 13:40:33,35.24999
2019-06-21 13:41:08,34.56
2019-06-21 13:41:40,34.85999
2019-06-21 13:42:30,35.27999
2019-06-21 13:43:25,35.27999
2019-06-21 13:43:59,35.50999
2019-06-21 13:44:39,35.89999
2019-06-21 13:45:29,35.38999
2019-06-21 13:45:51,35.98
2019-06-21 13:48:47,35.98
2019-06-21 13:49:03,36.59
2019-06-21 13:49:18,35.78999
2019-06-21 13:49:36,36.44999
2019-06-21 13:50:08,36.12999
2019-06-21 13:51:04,36.12999
2019-06-21 13:51:15,36.55999
2019-06-21 13:51:31,36.05999
2019-06-21 13:52:22,36.35999
2019-06-21 13:53:13,36.87
2019-06-21 13:54:08,36.87
2019-06-21 13:54:20,37.35999
2019-06-21 13:56:15,37.35999
2019-06-21 13:57:02,37.04999
2019-06-21 13:58:57,37.04999
2019-06-21 13:59:19,36.40999
2019-06-21 13:59:39,36.84
2019-06-21 14:00:37,36.97999
2019-06-21 14:02:32,36.97999
2019-06-21 14:03:08,37.32999
2019-06-21 14:03:54,37.09999
2019-06-21 14:04:24,37.73999
2019-06-21 14:04:44,37.02999
2019-06-21 14:05:15,37.20999
2019-06-21 14:08:11,37.20999
2019-06-21 14:08:28,37.06999
2019-06-21 14:09:05,37.20999
2019-06-21 14:09:52,36.98999
2019-06-21 14:10:47,36.98999
2019-06-21 14:11:05,37.12
2019-06-21 14:13:00,37.12
2019-06-21 14:13:08,37.21999
2019-06-21 14:13:54,37.04999
2019-06-21 14:15:49,37.04999
2019-06-21 14:16:32,36.67999
2019-06-21 14:17:27,36.67999
2019-06-21 14:17:33,36.85999
2019-06-21 14:21:28,36.85999
2019-06-21 14:21:39,37.27999
2019-06-21 14:22:21,36.87999
2019-06-21 14:23:16,36.87999
2019-06-21 14:23:43,37.16999
2019-06-21 14:24:29,36.82999
2019-06-21 14:25:24,36.82999
2019-06-21 14:26:23,37.23999
2019-06-21 14:26:46,36.55
2019-06-21 14:27:34,36.75999
2019-06-21 14:28:23,36.38999
2019-06-21 14:30:18,36.38999
2019-06-21 14:30:43,36.60999
2019-06-21 14:33:39,36.60999
2019-06-21 14:34:12,35.98
2019-06-21 14:34:32,36.50999
2019-06-21 14:35:04,36.08999
2019-06-21 14:36:59,36.08999
2019-06-21 14:37:06,36.62
2019-06-21 14:37:58,36.10999
2019-06-21 14:38:53,36.40999
2019-06-21 14:39:48,36.40999
2019-06-21 14:40:13,36.11999
2019-06-21 14:40:43,36.42999
2019-06-21 14:41:38,36.42999
2019-06-21 14:42:22,36.85999
2019-06-21 14:43:11,37.29999
2019-06-21 14:46:07,37.29999
2019-06-21 14:46:16,37.13999
2019-06-21 14:51:10,37.13999
2019-06-21 14:51:44,37.52999
2019-06-21 14:52:08,36.96999
2019-06-21 14:53:03,36.96999
2019-06-21 14:53:12,37.36999
2019-06-21 14:53:35,36.91999
2019-06-21 14:54:30,36.91999
2019-06-21 14:55:20,36.56999
2019-06-21 14:56:14,36.56999
2019-06-21 14:56:41,37.10999
2019-06-21 14:57:08,36.55
2019-06-21 14:57:49,36.91
2019-06-21 14:58:45,36.91
2019-06-21 14:59:02,36.62999
2019-06-21 14:59:32,37.10999
2019-06-21 14:59:55,36.49
2019-06-21 15:00:40,36.23
2019-06-21 15:01:00,36.81999
2019-06-21 15:01:56,36.81999
2019-06-21 15:02:19,37.10999
2019-06-21 15:03:14,37.10999
2019-06-21 15:03:23,36.70999
2019-06-21 15:03:50,37.13
2019-06-21 15:04:45,37.13
2019-06-21 15:05:50,37.57999
2019-06-21 15:06:45,37.57999
2019-06-21 15:07:08,37.92999
2019-06-21 15:08:03,37.92999
2019-06-21 15:08:19,37.87999
2019-06-21 15:09:14,37.87999
2019-06-21 15:09:29,38.05999
2019-06-21 15:09:52,37.77999
2019-06-21 15:10:47,37.77999
2019-06-21 15:11:23,37.48
2019-06-21 15:12:17,37.98999
2019-06-21 15:13:09,37.62999
2019-06-21 15:16:05,37.62999
2019-06-21 15:16:27,37.93999
2019-06-21 15:16:50,37.20999
2019-06-21 15:17:10,37.61999
2019-06-21 15:18:05,37.61999
2019-06-21 15:18:16,37.69999
2019-06-21 15:22:11,37.69999
2019-06-21 15:22:32,37.23999
2019-06-21 15:23:11,37.05999
2019-06-21 15:23:42,36.64999
2019-06-21 15:24:12,36.31999
2019-06-21 15:25:07,36.31999
2019-06-21 15:26:01,36.81999
2019-06-21 15:26:24,36.62999
2019-06-21 15:27:20,36.62999
2019-06-21 15:28:06,36.17999
2019-06-21 15:28:43,36.50999
2019-06-21 15:30:38,36.50999
2019-06-21 15:30:53,36.04999
2019-06-21 15:31:24,36.34999
2019-06-21 15:32:21,36.87
2019-06-21 15:33:02,36.44999
2019-06-21 15:33:35,36.88999
2019-06-21 15:34:30,36.88999
2019-06-21 15:35:21,37.2
2019-06-21 15:35:51,37.07999
2019-06-21 15:36:18,37.43999
2019-06-21 15:37:13,37.43999
2019-06-21 15:38:15,37.59999
2019-06-21 15:40:10,37.59999
2019-06-21 15:40:27,37.67999
2019-06-21 15:41:15,37.96999
2019-06-21 15:41:43,37.55
2019-06-21 15:42:29,37.93999
2019-06-21 15:46:23,37.93999
2019-06-21 15:47:08,37.88999
2019-06-21 15:48:03,37.88999
2019-06-21 15:48:15,37.64999
2019-06-21 15:48:53,38.04999
2019-06-21 15:49:36,37.94999
2019-06-21 15:50:29,37.52999
2019-06-21 15:51:24,37.52999
2019-06-21 15:51:41,37.95999
2019-06-21 15:52:20,37.50999
2019-06-21 15:53:09,37.87
2019-06-21 15:54:05,37.41999
2019-06-21 15:54:42,37.93999
2019-06-21 15:55:41,37.65999
2019-06-21 15:56:35,37.65999
2019-06-21 15:57:26,37.75999
2019-06-21 15:58:25,37.34999
2019-06-21 15:58:55,37.61999
2019-06-21 16:00:50,37.61999
2019-06-21 16:01:11,37.24999
2019-06-21 16:01:37,37.60999
2019-06-21 16:02:33,37.60999
2019-06-21 16:03:10,37.8
2019-06-21 16:04:06,37.8
2019-06-21 16:04:35,38.20999
2019-06-21 16:05:05,37.72999
2019-06-21 16:05:36,38.26999
2019-06-21 16:06:19,37.87999
2019-06-21 16:07:13,37.87999
2019-06-21 16:07:33,37.57999
2019-06-21 16:08:06,37.97999
2019-06-21 16:08:28,37.49999
2019-06-21 16:09:23,37.49999
2019-06-21 16:10:03,37.65999
2019-06-21 16:11:59,37.65999
2019-06-21 16:12:57,38.04999
2019-06-21 16:13:16,37.61999
2019-06-21 16:13:47,37.87999
2019-06-21 16:14:41,37.87999
2019-06-21 16:15:13,37.52999
2019-06-21 16:16:09,37.52999
2019-06-21 16:16:34,37.66999
2019-06-21 16:17:33,37.35999
2019-06-21 16:18:00,37.57999
2019-06-21 16:18:55,37.57999
2019-06-21 16:19:37,37.65999
2019-06-21 16:20:09,38.09
2019-06-21 16:22:04,38.09
2019-06-21 16:22:55,37.95999
2019-06-21 16:23:50,37.95999
2019-06-21 16:23:58,37.56999
2019-06-21 16:24:52,37.56999
2019-06-21 16:25:01,37.30999
2019-06-21 16:25:47,37.01999
2019-06-21 16:26:13,36.49999
2019-06-21 16:27:02,36.81999
2019-06-21 16:27:35,36.52
2019-06-21 16:28:31,36.52
2019-06-21 16:29:22,36.77999
2019-06-21 16:31:17,36.77999
2019-06-21 16:31:29,37.18999
2019-06-21 16:32:23,37.18999
2019-06-21 16:32:41,37.39999
2019-06-21 16:33:14,37.84999
2019-06-21 16:34:09,37.84999
2019-06-21 16:34:28,38.25999
2019-06-21 16:35:23,38.25999
2019-06-21 16:36:25,38.56999
2019-06-21 16:37:21,38.56999
2019-06-21 16:37:40,38.74999
2019-06-21 16:38:18,38.29999
2019-06-21 16:38:49,38.73
2019-06-21 16:39:20,38.25999
2019-06-21 16:40:15,38.25999
2019-06-21 16:41:06,38.37999
2019-06-21 16:41:52,38.13999
2019-06-21 16:42:48,38.13999
2019-06-21 16:43:29,37.69999
2019-06-21 16:45:25,37.69999
2019-06-21 16:46:00,37.36999
2019-06-21 16:46:21,36.63999
2019-06-21 16:47:06,36.38999
2019-06-21 16:47:35,35.89999
2019-06-21 16:48:18,36.03999
2019-06-21 16:49:14,36.03999
2019-06-21 16:49:21,36.21999
2019-06-21 16:50:15,36.21999
2019-06-21 16:50:53,36.55999
2019-06-21 16:51:39,36.16
2019-06-21 16:52:35,36.16
2019-06-21 16:52:47,36.52
2019-06-21 16:53:42,36.52
2019-06-21 16:54:24,37.14999
2019-06-21 16:54:41,36.31999
2019-06-21 16:54:57,36.85999
2019-06-21 16:58:52,36.85999
2019-06-21 16:59:13,37.33999
2019-06-21 17:00:09,37.33999
2019-06-21 17:00:56,37.91999
2019-06-21 17:01:25,37.52
2019-06-21 17:01:50,37.85999
2019-06-21 17:02:45,37.85999
2019-06-21 17:03:16,37.94999
2019-06-21 17:04:03,38.27999
2019-06-21 17:04:59,38.27999
2019-06-21 17:05:44,38.46999
2019-06-21 17:06:24,37.97999
2019-06-21 17:07:18,37.97999
2019-06-21 17:07:28,38.56999
2019-06-21 17:08:26,38.22999
2019-06-21 17:09:21,38.22999
2019-06-21 17:09:48,37.74998
2019-06-21 17:10:12,38.01999
2019-06-21 17:11:06,38.01999
2019-06-21 17:11:40,38.29999
2019-06-21 17:12:22,38.12
2019-06-21 17:13:17,38.00999
2019-06-21 17:14:12,38.00999
2019-06-21 17:14:32,37.18999
2019-06-21 17:15:00,37.49
2019-06-21 17:15:37,37.27999
2019-06-21 17:15:59,36.72999
2019-06-21 17:16:53,36.72999
2019-06-21 17:17:53,36.14999
2019-06-21 17:18:17,36.72999
2019-06-21 17:21:13,36.72999
2019-06-21 17:22:01,37.12
2019-06-21 17:22:59,37.40999
2019-06-21 17:23:55,37.40999
2019-06-21 17:24:06,37.87999
2019-06-21 17:25:01,37.87999
2019-06-21 17:25:11,38.13999
2019-06-21 17:26:04,38.74999
2019-06-21 17:26:43,38.35999
2019-06-21 17:27:38,38.35999
2019-06-21 17:27:55,38.74
2019-06-21 17:28:51,38.74
2019-06-21 17:29:09,38.55
2019-06-21 17:30:05,38.55
2019-06-21 17:30:48,38.88999
2019-06-21 17:31:26,38.59999
2019-06-21 17:34:21,38.59999
2019-06-21 17:34:55,38.71999
2019-06-21 17:35:51,38.71999
2019-06-21 17:36:47,38.13999
2019-06-21 17:37:15,39.14999
2019-06-21 17:37:33,38.36999
2019-06-21 17:38:07,38.69999
2019-06-21 17:39:01,38.69999
2019-06-21 17:39:44,38.35999
2019-06-21 17:40:38,38.35999
2019-06-21 17:40:59,37.81999
2019-06-21 17:41:54,37.81999
2019-06-21 17:42:06,37.07999
2019-06-21 17:43:01,37.07999
2019-06-21 17:43:50,36.59
2019-06-21 17:44:27,36.74999
2019-06-21 17:45:21,36.74999
2019-06-21 17:45:45,37.34999
2019-06-21 17:46:10,36.57999
2019-06-21 17:46:47,36.91999
2019-06-21 17:47:42,36.91999
2019-06-21 17:47:51,36.60999
2019-06-21 17:48:32,36.88999
2019-06-21 17:50:28,36.88999
2019-06-21 17:51:03,36.34999
2019-06-21 17:51:18,37.10999
2019-06-21 17:51:56,36.60999
2019-06-21 17:52:51,36.60999
2019-06-21 17:53:42,37.13
2019-06-21 17:54:26,37.49
2019-06-21 17:55:20,37.49
2019-06-21 17:55:38,37.36999
2019-06-21 17:56:11,37.85999
2019-06-21 17:56:54,37.62999
2019-06-21 17:57:49,37.62999
2019-06-21 17:58:22,38.01999
2019-06-21 17:58:52,37.69999
2019-06-21 17:59:48,37.69999
2019-06-21 18:00:08,38.12
2019-06-21 18:00:55,37.91999
2019-06-21 18:01:51,37.91999
2019-06-21 18:02:42,38.25999
2019-06-21 18:03:17,37.95999
2019-06-21 18:06:12,37.95999
2019-06-21 18:06:33,37.61999
2019-06-21 18:08:28,37.61999
2019-06-21 18:08:37,36.99999
2019-06-21 18:09:32,36.99999
2019-06-21 18:09:52,37.10999
2019-06-21 18:10:50,36.64999
2019-06-21 18:11:11,37.20999
2019-06-21 18:11:34,36.40999
2019-06-21 18:11:55,36.85999
2019-06-21 18:12:52,36.52
2019-06-21 18:15:47,36.52
2019-06-21 18:16:40,36.95999
2019-06-21 18:19:35,36.95999
2019-06-21 18:20:05,37.40999
2019-06-21 18:20:42,36.88999
2019-06-21 18:21:04,37.23999
2019-06-21 18:22:00,37.23999
2019-06-21 18:22:13,37.00999
2019-06-21 18:23:08,37.00999
2019-06-21 18:23:40,37.37999
2019-06-21 18:24:01,36.93999
2019-06-21 18:24:55,36.93999
2019-06-21 18:25:53,37.02999
2019-06-21 18:26:11,37.55999
2019-06-21 18:27:06,37.55999
2019-06-21 18:27:26,37.82999
2019-06-21 18:29:22,37.82999
2019-06-21 18:30:12,38.26999
2019-06-21 18:31:07,38.26999
2019-06-21 18:31:47,37.90999
2019-06-21 18:34:41,37.90999
2019-06-21 18:35:30,37.25999
2019-06-21 18:35:51,37.68999
2019-06-21 18:37:46,37.68999
2019-06-21 18:38:14,37.45
2019-06-21 18:41:10,37.45
2019-06-21 18:41:33,36.93999
2019-06-21 18:42:28,36.93999
2019-06-21 18:43:08,37.23999
2019-06-21 18:43:28,36.73999
2019-06-21 18:44:23,36.73999
2019-06-21 18:44:55,36.55999
2019-06-21 18:45:42,36.14999
2019-06-21 18:46:37,36.14999
2019-06-21 18:47:00,36.35999
2019-06-21 18:47:54,36.35999
2019-06-21 18:48:25,36.72999
2019-06-21 18:49:20,36.72999
2019-06-21 18:49:30,36.62
2019-06-21 18:50:25,36.62
2019-06-21 18:50:54,36.84
2019-06-21 18:51:49,36.84
2019-06-21 18:52:49,37.13
2019-06-21 18:54:44,37.13
2019-06-21 18:54:58,37.8
2019-06-21 18:55:26,37.45999
2019-06-21 18:56:23,37.93999
2019-06-21 18:58:17,37.93999
2019-06-21 18:59:15,38.29999
2019-06-21 19:00:03,37.94999
2019-06-21 19:00:26,38.34999
2019-06-21 19:04:21,38.34999
2019-06-21 19:04:56,38.09
2019-06-21 19:05:50,38.09
2019-06-21 19:06:19,38.48
2019-06-21 19:07:14,38.48
2019-06-21 19:08:11,38.28999
2019-06-21 19:09:06,38.28999
2019-06-21 19:09:19,38.05999
2019-06-21 19:10:02,38.69999
2019-06-21 19:10:22,38.18999
2019-06-21 19:12:16,38.18999
2019-06-21 19:12:35,37.96999
2019-06-21 19:13:23,37.59999
2019-06-21 19:14:07,37.85999
2019-06-21 19:14:50,37.04999
2019-06-21 19:15:36,37.2
2019-06-21 19:16:17,36.68999
2019-06-21 19:18:12,36.68999
2019-06-21 19:18:27,36.96999
2019-06-21 19:19:22,36.96999
2019-06-21 19:19:43,37.09999
2019-06-21 19:21:38,37.09999
2019-06-21 19:21:46,37.29999
2019-06-21 19:22:41,37.29999
2019-06-21 19:23:04,37.73999
2019-06-21 19:23:39,37.41999
2019-06-21 19:24:30,37.88999
2019-06-21 19:24:47,37.29999
2019-06-21 19:25:21,37.55
2019-06-21 19:25:56,38.17999
2019-06-21 19:27:51,38.17999
2019-06-21 19:28:34,38.29999
2019-06-21 19:33:28,38.29999
2019-06-21 19:33:40,38.09
2019-06-21 19:34:18,37.69999
2019-06-21 19:35:13,37.69999
2019-06-21 19:36:06,37.39999
2019-06-21 19:38:10,37.39999
2019-06-21 19:39:14,38.07999
2019-06-21 19:39:29,37.50999
2019-06-21 19:41:24,37.50999
2019-06-21 19:42:28,37.25999
2019-06-21 19:43:23,37.25999
2019-06-21 19:43:37,37.39999
2019-06-21 19:44:32,37.39999
2019-06-21 19:44:38,37.70999
2019-06-21 19:45:32,37.70999
2019-06-21 19:45:56,37.45
2019-06-21 19:46:19,37.84999
2019-06-21 19:47:13,37.84999
2019-06-21 19:47:42,38.17999
2019-06-21 19:48:37,38.17999
2019-06-21 19:49:00,38.50999
2019-06-21 19:49:55,38.50999
2019-06-21 19:50:33,38.55999
2019-06-21 19:54:28,38.55999
2019-06-21 19:54:57,38.07999
2019-06-21 19:55:51,38.07999
2019-06-21 19:56:42,37.81
2019-06-21 19:57:37,37.81
2019-06-21 19:58:36,37.32999
2019-06-21 19:59:30,37.32999
2019-06-21 19:59:55,36.91999
2019-06-21 20:01:49,36.91999
2019-06-21 20:02:26,37.26999
2019-06-21 20:03:20,37.26999
2019-06-21 20:03:57,37.63999
2019-06-21 20:04:31,37.2
2019-06-21 20:04:58,37.45999
2019-06-21 20:05:27,37.87999
2019-06-21 20:07:22,37.87999
2019-06-21 20:07:31,38.41
2019-06-21 20:08:26,38.41
2019-06-21 20:09:21,39.02999
2019-06-21 20:09:44,38.61999
2019-06-21 20:10:39,38.61999
2019-06-21 20:11:09,39.25999
2019-06-21 20:11:31,38.88999
2019-06-21 20:13:26,38.88999
2019-06-21 20:13:39,39.12999
2019-06-21 20:14:34,39.12999
2019-06-21 20:14:57,38.89999
2019-06-21 20:15:21,39.43999
2019-06-21 20:15:38,38.78999
2019-06-21 20:16:08,38.92999
2019-06-21 20:18:03,38.92999
2019-06-21 20:18:18,38.53999
2019-06-21 20:18:46,39.02999
2019-06-21 20:19:23,38.68999
2019-06-21 20:20:17,38.68999
2019-06-21 20:20:41,39.06
2019-06-21 20:21:09,38.63999
2019-06-21 20:23:04,38.63999
2019-06-21 20:23:25,39.13999
2019-06-21 20:24:11,38.77999
2019-06-21 20:24:40,38.25999
2019-06-21 20:25:34,38.25999
2019-06-21 20:26:23,37.72999
2019-06-21 20:27:11,37.2
2019-06-21 20:28:06,37.2
2019-06-21 20:28:12,36.88999
2019-06-21 20:29:07,36.88999
2019-06-21 20:29:25,37.18999
2019-06-21 20:30:20,36.84999
2019-06-21 20:30:42,37.20999
2019-06-21 20:31:36,37.20999
2019-06-21 20:31:56,37.37999
2019-06-21 20:32:36,37.93999
2019-06-21 20:32:52,37.31999
2019-06-21 20:33:20,37.91999
2019-06-21 20:34:10,37.73999
2019-06-21 20:35:04,38.19999
2019-06-21 20:35:26,37.69999
2019-06-21 20:36:20,37.69999
2019-06-21 20:36:45,37.75999
2019-06-21 20:38:39,37.75999
2019-06-21 20:39:22,37.52
2019-06-21 20:40:06,37.93999
2019-06-21 20:41:01,37.93999
2019-06-21 20:41:11,37.55999
2019-06-21 20:42:04,37.94999
2019-06-21 20:43:58,37.94999
2019-06-21 20:44:32,37.59999
2019-06-21 20:45:18,38.13999
2019-06-21 20:46:04,37.96999
2019-06-21 20:46:49,38.24999
2019-06-21 20:47:44,38.24999
2019-06-21 20:48:04,38.78999
2019-06-21 20:48:42,38.48
2019-06-21 20:49:16,38.77
2019-06-21 20:51:12,38.77
2019-06-21 20:51:45,39.05
2019-06-21 20:52:16,38.90999
2019-06-21 20:54:12,38.90999
2019-06-21 20:54:41,39.21999
2019-06-21 20:55:33,38.96999
2019-06-21 20:56:27,38.96999
2019-06-21 20:56:42,38.83999
2019-06-21 20:59:36,38.83999
2019-06-21 20:59:46,39.07999
2019-06-21 21:00:22,38.38998
2019-06-21 21:00:45,38.75999
2019-06-21 21:02:39,38.75999
2019-06-21 21:03:07,38.35999
2019-06-21 21:03:48,38.65999
2019-06-21 21:04:36,38.42
2019-06-21 21:05:31,38.84999
2019-06-21 21:06:05,38.45
2019-06-21 21:06:59,38.45
2019-06-21 21:07:39,38.65999
2019-06-21 21:08:33,38.65999
2019-06-21 21:08:49,38.49999
2019-06-21 21:09:14,38.01999
2019-06-21 21:09:50,38.35999
2019-06-21 21:10:34,38.14999
2019-06-21 21:11:10,37.88999
2019-06-21 21:13:04,37.88999
2019-06-21 21:13:37,38.17999
2019-06-21 21:14:31,38.17999
2019-06-21 21:15:34,38.46999
2019-06-21 21:16:29,38.46999
2019-06-21 21:17:05,38.74
2019-06-21 21:17:47,38.95999
2019-06-21 21:19:42,38.95999
2019-06-21 21:20:06,39.25999
2019-06-21 21:20:34,38.98999
2019-06-21 21:22:28,38.98999
2019-06-21 21:22:40,38.42
2019-06-21 21:22:56,39.12999
2019-06-21 21:23:28,38.87999
2019-06-21 21:24:22,38.87999
2019-06-21 21:25:07,39.20999
2019-06-21 21:25:27,38.93999
2019-06-21 21:26:22,38.93999
2019-06-21 21:27:11,38.64999
2019-06-21 21:27:54,39.18999
2019-06-21 21:28:30,38.82999
2019-06-21 21:29:24,38.82999
2019-06-21 21:29:37,39.24999
2019-06-21 21:34:31,39.24999
2019-06-21 21:35:01,38.97999
2019-06-21 21:35:55,38.97999
2019-06-21 21:36:20,39.26999
2019-06-21 21:37:10,38.99998
2019-06-21 21:38:04,38.99998
2019-06-21 21:38:58,38.31999
2019-06-21 21:39:20,38.85999
2019-06-21 21:39:43,38.22999
2019-06-21 21:40:21,38.41
2019-06-21 21:41:01,38.20999
2019-06-21 21:41:33,37.66999
2019-06-21 21:42:27,37.66999
2019-06-21 21:42:49,37.82999
2019-06-21 21:43:43,37.82999
2019-06-21 21:43:57,38.19999
2019-06-21 21:44:52,38.19999
2019-06-21 21:45:23,38.74999
2019-06-21 21:46:18,38.74999
2019-06-21 21:46:51,39.10999
2019-06-21 21:47:45,39.10999
2019-06-21 21:48:16,38.91999
2019-06-21 21:48:53,39.57999
2019-06-21 21:49:12,39.09
2019-06-21 21:50:06,39.09
2019-06-21 21:51:04,39.22999
2019-06-21 21:51:58,39.22999
2019-06-21 21:52:12,39.45999
2019-06-21 21:52:59,38.96999
2019-06-21 21:54:53,38.96999
2019-06-21 21:55:32,38.56999
2019-06-21 21:55:55,38.87
2019-06-21 21:56:50,38.87
2019-06-21 21:57:07,39.44999
2019-06-21 21:57:35,38.77999
2019-06-21 21:58:02,39.34999
2019-06-21 21:58:36,39.07999
2019-06-21 21:59:11,38.74999
2019-06-21 22:00:05,38.74999
2019-06-21 22:00:16,38.46999
2019-06-21 22:00:53,38.71999
2019-06-21 22:01:22,38.31999
2019-06-21 22:01:48,38.78999
2019-06-21 22:02:43,38.78999
2019-06-21 22:03:00,38.24999
2019-06-21 22:03:32,38.58999
2019-06-21 22:04:28,38.58999
2019-06-21 22:05:20,38.16999
2019-06-21 22:05:46,38.84999
2019-06-21 22:06:41,38.84999
2019-06-21 22:06:49,38.30999
2019-06-21 22:07:16,38.71999
2019-06-21 22:08:07,38.83999
2019-06-21 22:08:57,39.19999
2019-06-21 22:09:52,39.19999
2019-06-21 22:10:09,39.44999
2019-06-21 22:11:02,39.91999
2019-06-21 22:11:53,39.41999
2019-06-21 22:12:19,39.57999
2019-06-21 22:13:14,39.57999
2019-06-21 22:14:06,39.29999
2019-06-21 22:14:36,39.93999
2019-06-21 22:15:16,39.8
2019-06-21 22:16:03,39.61999
2019-06-21 22:17:58,39.61999
2019-06-21 22:18:04,39.83999
2019-06-21 22:18:59,39.83999
2019-06-21 22:19:04,39.60999
2019-06-21 22:20:59,39.60999
2019-06-21 22:21:46,39.20999
2019-06-21 22:22:40,39.20999
2019-06-21 22:22:52,39.48
2019-06-21 22:23:46,39.48
2019-06-21 22:23:59,39.28999
2019-06-21 22:24:26,39.80999
2019-06-21 22:24:55,39.24999
2019-06-21 22:26:51,39.24999
2019-06-21 22:27:08,39.48999
2019-06-21 22:28:02,39.48999
2019-06-21 22:28:23,39.24999
2019-06-21 22:28:52,39.73999
2019-06-21 22:29:16,39.29999
2019-06-21 22:31:10,39.29999
2019-06-21 22:31:39,39.64999
2019-06-21 22:32:06,39.38999
2019-06-21 22:33:00,39.38999
2019-06-21 22:33:23,38.87
2019-06-21 22:33:41,39.60999
2019-06-21 22:34:35,39.60999
2019-06-21 22:35:10,39.28999
2019-06-21 22:36:05,39.28999
2019-06-21 22:36:53,39.45999
2019-06-21 22:37:52,38.95999
2019-06-21 22:38:19,39.31999
2019-06-21 22:39:14,39.31999
2019-06-21 22:39:53,39.46999
2019-06-21 22:40:47,39.46999
2019-06-21 22:41:07,39.71999
2019-06-21 22:42:02,39.71999
2019-06-21 22:42:12,39.45999
2019-06-21 22:43:06,39.45999
2019-06-21 22:43:56,39.8
2019-06-21 22:44:51,39.8
2019-06-21 22:45:16,39.42999
2019-06-21 22:45:49,40.16999
2019-06-21 22:46:43,40.16999
2019-06-21 22:46:53,39.77999
2019-06-21 22:47:32,40.06
2019-06-21 22:48:27,40.06
2019-06-21 22:48:45,40.29999
2019-06-21 22:49:46,40.17999
2019-06-21 22:50:23,39.73
2019-06-21 22:51:14,39.96999
2019-06-21 22:51:51,39.70999
2019-06-21 22:52:37,39.95999
2019-06-21 22:53:31,39.95999
2019-06-21 22:53:57,39.33999
2019-06-21 22:54:17,39.68999
2019-06-21 22:55:18,40.00999
2019-06-21 22:56:12,40.00999
2019-06-21 22:56:55,39.77999
2019-06-21 22:57:42,39.95999
2019-06-21 22:58:30,40.37
2019-06-21 22:58:53,39.98999
2019-06-21 22:59:44,40.38
2019-06-21 23:00:33,40.10999
2019-06-21 23:01:29,40.10999
2019-06-21 23:01:45,39.64999
2019-06-21 23:02:20,39.81999
2019-06-21 23:03:01,39.32999
2019-06-21 23:03:55,39.32999
2019-06-21 23:04:25,39.56999
2019-06-21 23:05:20,39.56999
2019-06-21 23:05:48,39.24999
2019-06-21 23:06:43,39.24999
2019-06-21 23:07:22,38.82999
2019-06-21 23:08:17,38.82999
2019-06-21 23:08:25,39.10999
2019-06-21 23:09:15,38.65999
2019-06-21 23:10:09,38.65999
2019-06-21 23:10:16,38.91999
2019-06-21 23:11:10,38.91999
2019-06-21 23:11:59,39.28999
2019-06-21 23:12:55,38.77
2019-06-21 23:13:19,39.45999
2019-06-21 23:14:13,39.45999
2019-06-21 23:14:27,39.16
2019-06-21 23:14:50,39.51999
2019-06-21 23:16:45,39.51999
2019-06-21 23:17:22,39.99999
2019-06-21 23:18:19,39.68999
2019-06-21 23:19:07,40.06999
2019-06-21 23:20:01,40.06999
2019-06-21 23:20:54,40.81999
2019-06-21 23:21:26,40.12999
2019-06-21 23:22:21,40.12999
2019-06-21 23:22:52,40.41999
2019-06-21 23:23:39,40.09
2019-06-21 23:24:33,40.09
2019-06-21 23:25:20,39.63999
2019-06-21 23:26:14,39.63999
2019-06-21 23:27:08,39.39999
2019-06-21 23:29:02,39.39999
2019-06-21 23:29:32,39.78999
2019-06-21 23:30:03,40.21999
2019-06-21 23:30:22,39.53999
2019-06-21 23:31:03,39.96999
2019-06-21 23:31:28,40.42999
2019-06-21 23:31:49,39.80999
2019-06-21 23:32:15,39.05
2019-06-21 23:32:43,39.77999
2019-06-21 23:33:08,39.59999
2019-06-21 23:33:28,38.73
2019-06-21 23:33:43,39.53999
2019-06-21 23:34:36,39.23999
2019-06-21 23:36:31,39.23999
2019-06-21 23:37:06,39.91999
2019-06-21 23:37:25,39.54999
2019-06-21 23:38:20,39.54999
2019-06-21 23:39:05,39.91999
2019-06-21 23:39:59,39.91999
2019-06-21 23:40:14,40.26999
2019-06-21 23:41:05,39.83999
2019-06-21 23:41:43,40.12
2019-06-21 23:44:37,40.12
2019-06-21 23:45:35,40.51999
2019-06-21 23:45:59,40.02999
2019-06-21 23:46:55,40.02999
2019-06-21 23:47:02,40.34
2019-06-21 23:48:57,40.34
2019-06-21 23:49:44,40.85999
2019-06-21 23:50:09,40.59999
2019-06-21 23:51:03,40.59999
2019-06-21 23:51:13,40.85999
2019-06-21 23:53:08,40.85999
2019-06-21 23:54:06,41.09999
2019-06-21 23:54:48,40.55999
2019-06-21 23:55:43,40.55999
2019-06-21 23:56:42,39.89999
2019-06-21 23:57:05,40.23999
2019-06-22 00:00:00,40.23999
2019-06-22 00:00:22,39.96999
2019-06-22 00:02:17,39.96999
2019-06-22 00:02:58,40.17999
2019-06-22 00:04:53,40.17999
2019-06-22 00:05:52,39.95999
2019-06-22 00:06:46,39.95999
2019-06-22 00:06:54,40.28999
2019-06-22 00:07:49,40.28999
2019-06-22 00:08:10,40.22999
2019-06-22 00:08:45,39.91999
2019-06-22 00:09:25,40.19999
2019-06-22 00:10:10,39.85999
2019-06-22 00:11:04,39.85999
2019-06-22 00:11:13,40.14999
2019-06-22 00:12:07,39.96999
2019-06-22 00:14:02,39.96999
2019-06-22 00:14:34,40.21999
2019-06-22 00:15:29,40.45999
2019-06-22 00:15:58,40.06
2019-06-22 00:16:43,40.66
2019-06-22 00:17:39,40.29999
2019-06-22 00:18:20,40.71999
2019-06-22 00:19:15,40.71999
2019-06-22 00:20:02,40.09
2019-06-22 00:20:19,40.64999
2019-06-22 00:21:14,40.64999
2019-06-22 00:22:13,40.39999
2019-06-22 00:22:37,40.7
2019-06-22 00:24:32,40.7
2019-06-22 00:25:08,40.31999
2019-06-22 00:26:02,40.31999
2019-06-22 00:26:30,40.03999
2019-06-22 00:26:58,39.89999
2019-06-22 00:28:52,39.89999
2019-06-22 00:29:09,39.66999
2019-06-22 00:29:36,39.93999
2019-06-22 00:30:08,39.70999
2019-06-22 00:33:01,39.70999
2019-06-22 00:33:33,39.12
2019-06-22 00:34:20,39.60999
2019-06-22 00:36:14,39.60999
2019-06-22 00:36:49,39.96999
2019-06-22 00:37:48,39.54999
2019-06-22 00:38:17,39.75999
2019-06-22 00:38:54,40.12999
2019-06-22 00:39:48,40.12999
2019-06-22 00:40:01,39.87999
2019-06-22 00:40:44,40.12999
2019-06-22 00:41:19,39.74999
2019-06-22 00:42:01,40.27999
2019-06-22 00:42:56,40.27999
2019-06-22 00:43:57,40.57999
2019-06-22 00:45:52,40.57999
2019-06-22 00:46:22,40.38
2019-06-22 00:46:55,41.02
2019-06-22 00:47:41,40.64999
2019-06-22 00:48:29,41.06999
2019-06-22 00:49:19,40.92999
2019-06-22 00:50:09,41.28999
2019-06-22 00:50:59,41.05999
2019-06-22 00:53:54,41.05999
2019-06-22 00:54:40,41.74999
2019-06-22 00:54:58,40.98
2019-06-22 00:55:36,41.26999
2019-06-22 00:56:30,41.26999
2019-06-22 00:57:18,41.14999
2019-06-22 00:57:44,40.94999
2019-06-22 00:58:10,40.58999
2019-06-22 00:59:05,40.58999
2019-06-22 00:59:36,40.41
2019-06-22 01:00:30,40.41
2019-06-22 01:01:34,40.13999
2019-06-22 01:02:29,40.13999
2019-06-22 01:03:28,39.71999
2019-06-22 01:03:56,40.25999
2019-06-22 01:04:23,39.67999
2019-06-22 01:05:18,39.67999
2019-06-22 01:05:40,40.03999
2019-06-22 01:06:34,40.03999
2019-06-22 01:07:08,39.74999
2019-06-22 01:08:03,39.74999
2019-06-22 01:08:58,40.41
2019-06-22 01:09:16,39.45999
2019-06-22 01:09:39,39.7
2019-06-22 01:10:08,40.21999
2019-06-22 01:10:36,39.7
2019-06-22 01:11:00,40.21999
2019-06-22 01:11:33,39.83999
2019-06-22 01:12:28,39.83999
2019-06-22 01:13:15,39.95999
2019-06-22 01:14:09,39.95999
2019-06-22 01:15:02,40.07999
2019-06-22 01:15:39,40.49999
2019-06-22 01:16:10,40.12999
2019-06-22 01:17:06,40.82999
2019-06-22 01:17:53,40.37
2019-06-22 01:18:27,40.67
2019-06-22 01:22:22,40.67
2019-06-22 01:22:28,41.12999
2019-06-22 01:22:51,40.75999
2019-06-22 01:23:46,40.75999
2019-06-22 01:24:07,40.96
2019-06-22 01:25:02,40.96
2019-06-22 01:26:03,41.50998
2019-06-22 01:26:20,41.17999
2019-06-22 01:27:14,41.17999
2019-06-22 01:28:16,40.82999
2019-06-22 01:29:11,40.82999
2019-06-22 01:29:47,40.23999
2019-06-22 01:30:07,40.76999
2019-06-22 01:30:49,40.25999
2019-06-22 01:31:44,40.25999
2019-06-22 01:32:00,40.73999
2019-06-22 01:32:22,40.41
2019-06-22 01:34:17,40.41
2019-06-22 01:34:32,40.17999
2019-06-22 01:35:02,40.73
2019-06-22 01:35:28,40.20999
2019-06-22 01:36:15,40.39999
2019-06-22 01:37:09,40.39999
2019-06-22 01:38:10,40.25999
2019-06-22 01:40:05,40.25999
2019-06-22 01:41:06,39.77999
2019-06-22 01:41:32,40.49999
2019-06-22 01:41:46,39.57999
2019-06-22 01:41:59,40.81999
2019-06-22 01:42:16,40.10999
2019-06-22 01:42:57,40.56999
2019-06-22 01:43:48,40.17999
2019-06-22 01:44:43,40.17999
2019-06-22 01:45:16,40.58999
2019-06-22 01:45:48,40.05
2019-06-22 01:46:07,40.77999
2019-06-22 01:46:26,40.30999
2019-06-22 01:47:21,40.30999
2019-06-22 01:47:29,40.83999
2019-06-22 01:48:07,40.64999
2019-06-22 01:51:01,40.64999
2019-06-22 01:51:18,41.06999
2019-06-22 01:52:01,41.68999
2019-06-22 01:52:56,41.68999
2019-06-22 01:53:17,41.47998
2019-06-22 01:54:10,41.47998
2019-06-22 01:54:48,41.86999
2019-06-22 01:55:39,41.40998
2019-06-22 01:58:33,41.40998
2019-06-22 01:58:50,40.96999
2019-06-22 01:59:33,40.62999
2019-06-22 02:00:09,40.06999
2019-06-22 02:00:40,40.38999
2019-06-22 02:02:35,40.38999
2019-06-22 02:03:14,40.29999
2019-06-22 02:04:11,39.91999
2019-06-22 02:04:53,39.31999
2019-06-22 02:05:50,39.16999
2019-06-22 02:06:31,38.69999
2019-06-22 02:07:07,39.13999
2019-06-22 02:08:02,39.13999
2019-06-22 02:09:01,39.33999
2019-06-22 02:09:50,39.62999
2019-06-22 02:10:44,39.62999
2019-06-22 02:11:19,39.73999
2019-06-22 02:11:47,40.10999
2019-06-22 02:13:41,40.10999
2019-06-22 02:14:25,40.70999
2019-06-22 02:15:19,40.70999
2019-06-22 02:15:42,40.86999
2019-06-22 02:16:37,40.86999
2019-06-22 02:16:58,40.46999
2019-06-22 02:17:39,40.83999
2019-06-22 02:18:33,40.83999
2019-06-22 02:18:54,41.18999
2019-06-22 02:19:38,42.00999
2019-06-22 02:20:18,41.60999
2019-06-22 02:20:41,42.04999
2019-06-22 02:21:35,42.04999
2019-06-22 02:22:36,41.56998
2019-06-22 02:25:30,41.56998
2019-06-22 02:26:20,40.99
2019-06-22 02:26:43,40.56999
2019-06-22 02:27:13,40.09
2019-06-22 02:27:44,40.31999
2019-06-22 02:28:39,40.31999
2019-06-22 02:29:38,40.02
2019-06-22 02:30:16,40.37
2019-06-22 02:31:11,40.37
2019-06-22 02:31:24,39.68999
2019-06-22 02:31:43,40.09
2019-06-22 02:32:12,39.34999
2019-06-22 02:36:06,39.34999
2019-06-22 02:36:34,39.95999
2019-06-22 02:37:19,39.62999
2019-06-22 02:37:45,40.35999
2019-06-22 02:38:13,40.06999
2019-06-22 02:39:03,40.42999
2019-06-22 02:39:57,40.42999
2019-06-22 02:40:48,40.15999
2019-06-22 02:41:18,40.24999
2019-06-22 02:41:43,40.73999
2019-06-22 02:43:38,40.73999
2019-06-22 02:44:20,40.38999
2019-06-22 02:49:15,40.38999
2019-06-22 02:50:07,40.17999
2019-06-22 02:51:00,40.48999
2019-06-22 02:52:54,40.48999
2019-06-22 02:53:41,40.41
2019-06-22 02:56:35,40.41
2019-06-22 02:56:58,39.92999
2019-06-22 02:57:26,39.58999
2019-06-22 02:59:21,39.58999
2019-06-22 02:59:40,40.09999
2019-06-22 03:00:34,40.09999
2019-06-22 03:00:52,40.41
2019-06-22 03:01:27,40.14999
2019-06-22 03:03:22,40.14999
2019-06-22 03:03:27,40.49999
2019-06-22 03:04:22,40.49999
2019-06-22 03:04:55,40.25999
2019-06-22 03:05:42,39.81999
2019-06-22 03:06:18,39.03999
2019-06-22 03:07:11,39.03999
2019-06-22 03:07:26,38.71999
2019-06-22 03:08:20,39.31999
2019-06-22 03:11:14,39.31999
2019-06-22 03:11:34,39.66999
2019-06-22 03:12:28,39.66999
2019-06-22 03:12:56,40.21999
2019-06-22 03:13:18,39.80999
2019-06-22 03:14:11,39.99999
2019-06-22 03:15:06,39.99999
2019-06-22 03:15:31,40.26999
2019-06-22 03:16:25,40.26999
2019-06-22 03:16:35,40.85999
2019-06-22 03:17:15,40.38999
2019-06-22 03:18:10,40.38999
2019-06-22 03:18:49,40.78999
2019-06-22 03:19:37,40.45999
2019-06-22 03:20:03,40.96
2019-06-22 03:20:49,40.74999
2019-06-22 03:21:44,40.74999
2019-06-22 03:21:58,40.32999
2019-06-22 03:22:53,40.32999
2019-06-22 03:23:25,39.82999
2019-06-22 03:24:20,39.82999
2019-06-22 03:24:29,40.25999
2019-06-22 03:24:45,40.94999
2019-06-22 03:25:25,41.79999
2019-06-22 03:25:47,41.12
2019-06-22 03:26:08,41.62
2019-06-22 03:27:02,41.62
2019-06-22 03:27:18,40.73
2019-06-22 03:28:14,39.97999
2019-06-22 03:28:35,40.49999
2019-06-22 03:29:05,40.39999
2019-06-22 03:30:00,40.39999
2019-06-22 03:30:14,40.73
2019-06-22 03:32:08,40.73
2019-06-22 03:32:17,40.67999
2019-06-22 03:33:10,40.67999
2019-06-22 03:33:48,40.35999
2019-06-22 03:35:43,40.35999
2019-06-22 03:36:39,39.86999
2019-06-22 03:36:58,40.49999
2019-06-22 03:37:38,40.41
2019-06-22 03:40:33,40.41
2019-06-22 03:41:24,40.85999
2019-06-22 03:41:54,40.58999
2019-06-22 03:44:49,40.58999
2019-06-22 03:45:32,40.20999
2019-06-22 03:45:52,39.93999
2019-06-22 03:46:31,39.09999
2019-06-22 03:47:07,38.69999
2019-06-22 03:47:31,39.02999
2019-06-22 03:47:54,39.78999
2019-06-22 03:48:37,40.14999
2019-06-22 03:49:05,40.45999
2019-06-22 03:50:03,40.73999
2019-06-22 03:51:04,40.57999
2019-06-22 03:51:36,39.84999
2019-06-22 03:52:25,39.29999
2019-06-22 03:53:17,39.90999
2019-06-22 03:53:37,40.74999
2019-06-22 03:54:15,41.19999
2019-06-22 03:55:09,41.19999
2019-06-22 03:55:25,40.46999
2019-06-22 03:55:58,40.90999
2019-06-22 03:57:53,40.90999
2019-06-22 03:58:32,40.49999
2019-06-22 03:59:27,40.49999
2019-06-22 04:00:30,40.02999
2019-06-22 04:00:55,40.67
2019-06-22 04:01:40,40.24999
2019-06-22 04:02:23,40.62999
2019-06-22 04:05:18,40.62999
2019-06-22 04:06:17,40.06999
2019-06-22 04:07:05,40.38999
2019-06-22 04:08:59,40.38999
2019-06-22 04:09:35,40.62999
2019-06-22 04:10:29,40.62999
2019-06-22 04:10:43,40.25999
2019-06-22 04:11:04,40.76999
2019-06-22 04:11:38,40.49999
2019-06-22 04:12:33,40.49999
2019-06-22 04:12:54,40.73999
2019-06-22 04:13:36,41.10999
2019-06-22 04:14:32,41.10999
2019-06-22 04:14:45,40.55999
2019-06-22 04:15:07,40.96
2019-06-22 04:15:26,40.26999
2019-06-22 04:15:43,41.15999
2019-06-22 04:16:37,41.15999
2019-06-22 04:17:05,40.80999
2019-06-22 04:17:45,40.26999
2019-06-22 04:18:13,39.58999
2019-06-22 04:18:58,39.03999
2019-06-22 04:19:54,39.75999
2019-06-22 04:20:24,40.31999
2019-06-22 04:21:13,40.45999
2019-06-22 04:21:44,39.94999
2019-06-22 04:22:13,39.41
2019-06-22 04:23:08,39.41
2019-06-22 04:23:20,39.91999
2019-06-22 04:23:41,40.38
2019-06-22 04:24:36,40.38
2019-06-22 04:25:15,40.21999
2019-06-22 04:28:09,40.21999
2019-06-22 04:28:57,40.41
2019-06-22 04:29:52,40.41
2019-06-22 04:30:39,40.79999
2019-06-22 04:31:28,40.47999
2019-06-22 04:32:23,40.47999
2019-06-22 04:32:53,40.60999
2019-06-22 04:33:37,40.90999
2019-06-22 04:34:31,40.90999
2019-06-22 04:35:06,40.77999
2019-06-22 04:35:42,40.29999
2019-06-22 04:36:03,41.06999
2019-06-22 04:36:21,40.59999
2019-06-22 04:37:15,40.59999
2019-06-22 04:37:38,41.02999
2019-06-22 04:38:29,40.25999
2019-06-22 04:39:28,39.64999
2019-06-22 04:39:51,39.09
2019-06-22 04:40:41,38.59999
2019-06-22 04:41:36,39.41999
2019-06-22 04:42:30,39.41999
2019-06-22 04:42:38,39.77999
2019-06-22 04:43:32,39.77999
2019-06-22 04:43:52,40.50999
2019-06-22 04:44:46,40.50999
2019-06-22 04:45:38,40.68999
2019-06-22 04:47:32,40.68999
2019-06-22 04:48:06,40.20999
2019-06-22 04:48:54,40.78999
2019-06-22 04:49:17,40.13999
2019-06-22 04:49:50,40.73999
2019-06-22 04:50:17,40.38999
2019-06-22 04:51:12,40.38999
2019-06-22 04:51:36,40.79999
2019-06-22 04:53:30,40.79999
2019-06-22 04:53:59,41.22999
2019-06-22 04:54:47,40.88999
2019-06-22 04:55:17,41.20999
2019-06-22 04:56:11,41.20999
2019-06-22 04:56:29,40.85999
2019-06-22 04:56:57,41.44998
2019-06-22 04:57:33,41.21999
2019-06-22 04:59:27,41.21999
2019-06-22 05:00:14,41.35999
2019-06-22 05:02:08,41.35999
2019-06-22 05:02:20,40.90999
2019-06-22 05:02:55,41.32999
2019-06-22 05:03:18,40.62999
2019-06-22 05:03:35,41.18999
2019-06-22 05:05:29,41.18999
2019-06-22 05:05:37,40.96999
2019-06-22 05:06:31,40.96999
2019-06-22 05:06:43,41.15999
2019-06-22 05:08:38,41.15999
2019-06-22 05:09:07,41.07999
2019-06-22 05:10:02,41.07999
2019-06-22 05:10:39,40.50999
2019-06-22 05:11:34,40.50999
2019-06-22 05:11:53,40.71999
2019-06-22 05:12:36,41.26999
2019-06-22 05:13:01,40.61999
2019-06-22 05:13:43,40.96999
2019-06-22 05:14:38,40.96999
2019-06-22 05:14:59,41.25999
2019-06-22 05:15:50,40.88999
2019-06-22 05:16:29,39.83999
2019-06-22 05:17:23,39.83999
2019-06-22 05:17:58,40.37
2019-06-22 05:18:24,40.87999
2019-06-22 05:19:08,40.35999
2019-06-22 05:19:42,39.95999
2019-06-22 05:20:04,38.91999
2019-06-22 05:20:58,38.91999
2019-06-22 05:21:44,39.57999
2019-06-22 05:22:21,40.31999
2019-06-22 05:22:49,40.82999
2019-06-22 05:23:40,40.41
2019-06-22 05:25:35,40.41
2019-06-22 05:26:04,40.80999
2019-06-22 05:27:04,41.31998
2019-06-22 05:27:52,41.14999
2019-06-22 05:28:22,41.69999
2019-06-22 05:28:45,41.47998
2019-06-22 05:31:39,41.47998
2019-06-22 05:32:19,42.00999
2019-06-22 05:32:53,41.87999
2019-06-22 05:33:48,41.87999
2019-06-22 05:34:20,41.95998
2019-06-22 05:35:15,41.95998
2019-06-22 05:36:20,41.69999
2019-06-22 05:40:14,41.69999
2019-06-22 05:41:00,41.37998
2019-06-22 05:41:27,40.62999
2019-06-22 05:41:56,39.58999
2019-06-22 05:42:09,40.34999
2019-06-22 05:42:49,41.02999
2019-06-22 05:44:44,41.02999
2019-06-22 05:45:26,40.81999
2019-06-22 05:46:21,40.81999
2019-06-22 05:47:24,41.47998
2019-06-22 05:47:55,41.26999
2019-06-22 05:48:53,40.91999
2019-06-22 05:49:47,40.91999
2019-06-22 05:50:06,40.05
2019-06-22 05:51:00,40.05
2019-06-22 05:52:02,40.64999
2019-06-22 05:52:52,41.28999
2019-06-22 05:53:10,40.73
2019-06-22 05:56:04,40.73
2019-06-22 05:56:18,41.14999
2019-06-22 05:57:01,41.51998
2019-06-22 05:57:56,41.51998
2019-06-22 05:58:23,41.96999
2019-06-22 05:59:04,41.57998
2019-06-22 06:00:58,41.57998
2019-06-22 06:01:07,41.96999
2019-06-22 06:02:01,41.96999
2019-06-22 06:02:35,41.67999
2019-06-22 06:03:29,41.67999
2019-06-22 06:03:40,41.28999
2019-06-22 06:04:24,41.83999
2019-06-22 06:07:19,41.83999
2019-06-22 06:07:49,41.62
2019-06-22 06:11:44,41.62
2019-06-22 06:11:59,41.86999
2019-06-22 06:12:57,41.38998
2019-06-22 06:13:50,41.67999
2019-06-22 06:14:15,40.87999
2019-06-22 06:14:54,41.24998
2019-06-22 06:15:21,41.00999
2019-06-22 06:15:40,40.38
2019-06-22 06:16:20,39.77999
2019-06-22 06:18:14,39.77999
2019-06-22 06:18:48,40.02
2019-06-22 06:19:43,40.02
2019-06-22 06:20:39,40.21999
2019-06-22 06:21:34,40.21999
2019-06-22 06:22:27,40.81999
2019-06-22 06:23:04,40.52999
2019-06-22 06:24:58,40.52999
2019-06-22 06:25:18,40.77999
2019-06-22 06:26:11,40.77999
2019-06-22 06:26:37,41.27999
2019-06-22 06:27:12,41.99998
2019-06-22 06:29:07,41.99998
2019-06-22 06:29:51,42.19998
2019-06-22 06:31:46,42.19998
2019-06-22 06:32:39,42.67999
2019-06-22 06:33:34,42.67999
2019-06-22 06:34:12,43.14999
2019-06-22 06:34:44,42.78998
2019-06-22 06:35:14,43.23998
2019-06-22 06:35:55,42.68999
2019-06-22 06:36:49,42.68999
2019-06-22 06:36:59,42.40999
2019-06-22 06:37:39,42.05998
2019-06-22 06:38:17,42.15998
2019-06-22 06:39:11,42.15998
2019-06-22 06:39:35,41.73999
2019-06-22 06:40:15,41.17999
2019-06-22 06:41:10,41.17999
2019-06-22 06:41:57,40.42999
2019-06-22 06:42:18,41.27999
2019-06-22 06:43:11,41.09999
2019-06-22 06:45:06,41.09999
2019-06-22 06:45:35,41.40998
2019-06-22 06:47:30,41.40998
2019-06-22 06:48:29,41.75999
2019-06-22 06:49:09,41.73
2019-06-22 06:49:27,41.32999
2019-06-22 06:50:22,41.32999
2019-06-22 06:50:58,40.99
2019-06-22 06:51:52,40.99
2019-06-22 06:52:12,41.54998
2019-06-22 06:52:35,41.18999
2019-06-22 06:53:29,41.18999
2019-06-22 06:54:02,41.76999
2019-06-22 06:54:34,41.41998
2019-06-22 06:56:28,41.41998
2019-06-22 06:56:55,41.74999
2019-06-22 06:57:49,41.74999
2019-06-22 06:57:58,41.46999
2019-06-22 06:58:52,41.46999
2019-06-22 06:59:49,41.90999
2019-06-22 07:00:25,41.67999
2019-06-22 07:02:20,41.67999
2019-06-22 07:02:29,41.98998
2019-06-22 07:03:16,42.19998
2019-06-22 07:04:03,42.66998
2019-06-22 07:04:32,42.01998
2019-06-22 07:04:54,42.52999
2019-06-22 07:05:48,42.52999
2019-06-22 07:06:19,41.91999
2019-06-22 07:07:15,41.70999
2019-06-22 07:07:53,41.24998
2019-06-22 07:08:47,41.24998
2019-06-22 07:09:12,40.84999
2019-06-22 07:09:37,41.19999
2019-06-22 07:11:32,41.19999
2019-06-22 07:12:03,41.41998
2019-06-22 07:13:01,41.14999
2019-06-22 07:13:24,41.44998
2019-06-22 07:14:19,41.44998
2019-06-22 07:15:00,41.20999
2019-06-22 07:15:55,41.20999
2019-06-22 07:16:45,41.25999
2019-06-22 07:17:15,41.57998
2019-06-22 07:18:09,41.57998
2019-06-22 07:18:32,42.01998
2019-06-22 07:19:08,41.63
2019-06-22 07:19:57,41.98998
2019-06-22 07:20:51,41.98998
2019-06-22 07:21:36,41.69999
2019-06-22 07:25:30,41.69999
2019-06-22 07:25:44,42.32999
2019-06-22 07:26:26,41.90999
2019-06-22 07:27:26,42.39999
2019-06-22 07:28:21,42.39999
2019-06-22 07:28:33,41.89999
2019-06-22 07:29:26,41.89999
2019-06-22 07:29:41,41.41998
2019-06-22 07:30:10,40.91999
2019-06-22 07:30:51,40.26999
2019-06-22 07:31:30,41.03999
2019-06-22 07:32:18,41.90999
2019-06-22 07:33:12,41.90999
2019-06-22 07:34:18,42.49999
2019-06-22 07:34:45,42.19998
2019-06-22 07:36:38,42.19998
2019-06-22 07:36:52,42.41999
2019-06-22 07:37:14,43.04999
2019-06-22 07:38:09,43.04999
2019-06-22 07:39:13,43.30998
2019-06-22 07:40:08,43.30998
2019-06-22 07:40:16,43.57999
2019-06-22 07:41:08,44.13998
2019-06-22 07:41:23,43.85999
2019-06-22 07:41:49,43.38998
2019-06-22 07:42:43,43.38998
2019-06-22 07:43:01,43.62
2019-06-22 07:43:37,43.24998
2019-06-22 07:45:31,43.24998
2019-06-22 07:45:53,43.06999
2019-06-22 07:46:28,42.73998
2019-06-22 07:47:01,42.16998
2019-06-22 07:47:54,42.16998
2019-06-22 07:48:11,41.25999
2019-06-22 07:48:24,41.97999
2019-06-22 07:48:52,41.6
2019-06-22 07:51:47,41.6
2019-06-22 07:52:05,41.94999
2019-06-22 07:55:59,41.94999
2019-06-22 07:56:43,41.88999
2019-06-22 07:57:37,41.88999
2019-06-22 07:57:51,41.40998
2019-06-22 07:58:31,41.86999
2019-06-22 07:59:14,41.26999
2019-06-22 07:59:43,42.05998
2019-06-22 08:00:04,41.45998
2019-06-22 08:00:58,41.45998
2019-06-22 08:01:50,41.32999
2019-06-22 08:02:44,41.32999
2019-06-22 08:03:30,41.86999
2019-06-22 08:05:25,41.86999
2019-06-22 08:05:59,42.19998
2019-06-22 08:07:54,42.19998
2019-06-22 08:08:10,42.81998
2019-06-22 08:09:05,42.81998
2019-06-22 08:09:12,43.10999
2019-06-22 08:10:07,43.10999
2019-06-22 08:10:32,42.79998
2019-06-22 08:11:23,43.18999
2019-06-22 08:12:04,42.45999
2019-06-22 08:12:33,42.65999
2019-06-22 08:13:28,42.65999
2019-06-22 08:13:47,42.34999
2019-06-22 08:14:31,41.96999
2019-06-22 08:15:28,41.68999
2019-06-22 08:16:21,41.68999
2019-06-22 08:16:34,41.09999
2019-06-22 08:17:28,41.09999
2019-06-22 08:17:37,40.39999
2019-06-22 08:18:19,40.82999
2019-06-22 08:18:51,40.15999
2019-06-22 08:19:40,40.43999
2019-06-22 08:20:34,40.43999
2019-06-22 08:21:29,40.98
2019-06-22 08:22:24,40.98
2019-06-22 08:23:09,40.51999
2019-06-22 08:24:04,40.51999
2019-06-22 08:24:40,41.25999
2019-06-22 08:25:33,41.25999
2019-06-22 08:25:46,42.22998
2019-06-22 08:26:41,42.22998
2019-06-22 08:27:27,42.77998
2019-06-22 08:28:02,43.26999
2019-06-22 08:28:38,43.60999
2019-06-22 08:29:04,43.40998
2019-06-22 08:29:23,43.86999
2019-06-22 08:29:42,43.05999
2019-06-22 08:30:14,43.19999
2019-06-22 08:31:01,43.44998
2019-06-22 08:32:55,43.44998
2019-06-22 08:33:34,43.86999
2019-06-22 08:33:56,43.20998
2019-06-22 08:34:14,43.85999
2019-06-22 08:34:34,43.20998
2019-06-22 08:35:28,43.20998
2019-06-22 08:35:36,43.55
2019-06-22 08:36:01,42.95
2019-06-22 08:36:55,42.95
2019-06-22 08:37:53,42.71999
2019-06-22 08:38:14,42.37
2019-06-22 08:38:51,41.82999
2019-06-22 08:39:25,42.12998
2019-06-22 08:40:01,41.78999
2019-06-22 08:40:56,41.78999
2019-06-22 08:41:26,41.30999
2019-06-22 08:44:20,41.30999
2019-06-22 08:45:22,41.66999
2019-06-22 08:46:18,41.90999
2019-06-22 08:47:12,41.90999
2019-06-22 08:47:40,42.49999
2019-06-22 08:49:34,42.49999
2019-06-22 08:50:16,42.92999
2019-06-22 08:51:10,42.92999
2019-06-22 08:52:42,43.84999
2019-06-22 08:53:03,43.09999
2019-06-22 08:53:27,43.42999
2019-06-22 08:55:21,43.42999
2019-06-22 08:55:46,43.01999
2019-06-22 08:57:40,43.01999
2019-06-22 08:57:49,43.35999
2019-06-22 08:58:44,43.35999
2019-06-22 08:59:08,43.62
2019-06-22 09:00:04,43.96999
2019-06-22 09:01:01,43.65999
2019-06-22 09:01:39,44.50999
2019-06-22 09:01:56,43.92999
2019-06-22 09:02:38,44.36999
2019-06-22 09:03:09,43.94998
2019-06-22 09:05:04,43.94998
2019-06-22 09:05:24,43.43998
2019-06-22 09:06:20,42.89999
2019-06-22 09:07:13,42.89999
2019-06-22 09:07:19,42.53999
2019-06-22 09:07:56,42.01998
2019-06-22 09:08:49,42.01998
2019-06-22 09:08:57,41.84999
2019-06-22 09:09:32,41.40998
2019-06-22 09:10:02,41.06999
2019-06-22 09:12:56,41.06999
2019-06-22 09:13:31,40.49999
2019-06-22 09:14:07,40.93999
2019-06-22 09:15:01,40.93999
2019-06-22 09:15:48,41.44998
2019-06-22 09:19:43,41.44998
2019-06-22 09:20:05,41.86999
2019-06-22 09:20:37,41.47998
2019-06-22 09:21:02,41.66999
2019-06-22 09:21:27,42.28999
2019-06-22 09:21:53,42.01998
2019-06-22 09:23:47,42.01998
2019-06-22 09:24:12,42.24
2019-06-22 09:26:06,42.24
2019-06-22 09:26:54,42.30999
2019-06-22 09:27:20,42.68999
2019-06-22 09:28:13,42.68999
2019-06-22 09:28:30,42.58999
2019-06-22 09:32:24,42.58999
2019-06-22 09:33:06,42.09998
2019-06-22 09:33:49,42.45999
2019-06-22 09:34:29,41.86999
2019-06-22 09:34:46,42.27
2019-06-22 09:35:38,42.68999
2019-06-22 09:36:08,42.28999
2019-06-22 09:38:03,42.28999
2019-06-22 09:38:16,42.10999
2019-06-22 09:39:10,42.10999
2019-06-22 09:39:20,41.29999
2019-06-22 09:39:47,41.57998
2019-06-22 09:41:41,41.57998
2019-06-22 09:42:05,41.34998
2019-06-22 09:44:59,41.34998
2019-06-22 09:45:39,41.73
2019-06-22 09:46:33,41.45998
2019-06-22 09:47:27,41.45998
2019-06-22 09:47:51,40.94999
2019-06-22 09:48:29,41.22999
2019-06-22 09:48:57,40.92999
2019-06-22 09:49:53,41.21999
2019-06-22 09:50:47,41.21999
2019-06-22 09:51:52,40.71999
2019-06-22 09:52:47,40.71999
2019-06-22 09:53:09,41.21999
2019-06-22 09:53:27,40.73999
2019-06-22 09:54:20,40.73999
2019-06-22 09:55:18,41.29999
2019-06-22 09:55:32,40.52999
2019-06-22 09:56:02,41.00999
2019-06-22 09:56:34,40.57999
2019-06-22 09:57:09,41.34998
2019-06-22 09:57:40,40.76999
2019-06-22 09:58:34,40.76999
2019-06-22 09:58:52,41.39999
2019-06-22 09:59:04,40.38
2019-06-22 09:59:26,40.96999
2019-06-22 10:00:19,41.43999
2019-06-22 10:00:36,40.91999
2019-06-22 10:00:59,41.40998
2019-06-22 10:01:21,42.31999
2019-06-22 10:01:52,42.09998
2019-06-22 10:02:46,42.09998
2019-06-22 10:03:12,42.32999
2019-06-22 10:04:12,43.07999
2019-06-22 10:04:49,42.63998
2019-06-22 10:05:11,43.42999
2019-06-22 10:05:34,42.98999
2019-06-22 10:09:29,42.98999
2019-06-22 10:10:14,42.75998
2019-06-22 10:11:01,42.35999
2019-06-22 10:11:36,41.99998
2019-06-22 10:12:01,41.63
2019-06-22 10:12:55,41.63
2019-06-22 10:13:33,40.87999
2019-06-22 10:14:27,40.87999
2019-06-22 10:14:53,40.45999
2019-06-22 10:15:47,40.45999
2019-06-22 10:15:58,39.88999
2019-06-22 10:16:41,40.18999
2019-06-22 10:17:04,39.43999
2019-06-22 10:17:24,39.73999
2019-06-22 10:18:22,40.37
2019-06-22 10:19:16,40.37
2019-06-22 10:19:25,40.90999
2019-06-22 10:21:19,40.90999
2019-06-22 10:21:42,40.82999
2019-06-22 10:23:36,40.82999
2019-06-22 10:24:35,41.36999
2019-06-22 10:25:17,41.08999
2019-06-22 10:27:11,41.08999
2019-06-22 10:27:27,40.59999
2019-06-22 10:27:47,41.20999
2019-06-22 10:28:41,41.20999
2019-06-22 10:29:01,41.75999
2019-06-22 10:29:24,41.12999
2019-06-22 10:29:46,41.83999
2019-06-22 10:30:40,41.83999
2019-06-22 10:30:56,41.40998
2019-06-22 10:31:22,41.83999
2019-06-22 10:33:16,41.83999
2019-06-22 10:33:41,42.24
2019-06-22 10:34:13,41.79999
2019-06-22 10:35:05,42.18998
2019-06-22 10:35:46,41.80999
2019-06-22 10:38:40,41.80999
2019-06-22 10:39:31,41.56998
2019-06-22 10:40:25,41.56998
2019-06-22 10:40:51,41.07999
2019-06-22 10:41:24,40.62999
2019-06-22 10:41:52,39.86999
2019-06-22 10:42:26,39.20999
2019-06-22 10:43:11,38.50999
2019-06-22 10:43:58,38.18999
2019-06-22 10:44:14,37.31999
2019-06-22 10:44:40,36.64999
2019-06-22 10:45:12,36.13999
2019-06-22 10:45:38,35.41999
2019-06-22 10:46:32,35.41999
2019-06-22 10:46:44,35.72999
2019-06-22 10:47:12,36.37999
2019-06-22 10:49:06,36.37999
2019-06-22 10:49:31,36.08999
2019-06-22 10:50:24,36.08999
2019-06-22 10:51:01,36.65999
2019-06-22 10:51:35,37.17999
2019-06-22 10:51:57,37.77
2019-06-22 10:52:21,38.16999
2019-06-22 10:52:52,38.82999
2019-06-22 10:53:37,39.48
2019-06-22 10:54:14,39.05
2019-06-22 10:54:57,39.38
2019-06-22 10:55:47,40.24999
2019-06-22 10:56:40,40.24999
2019-06-22 10:56:57,39.84999
2019-06-22 10:57:30,39.17999
2019-06-22 10:57:58,38.89999
2019-06-22 10:58:25,39.25999
2019-06-22 10:58:46,39.99999
2019-06-22 10:59:10,39.54999
2019-06-22 10:59:52,39.09999
2019-06-22 11:00:40,38.90999
2019-06-22 11:01:10,38.31999
2019-06-22 11:01:33,37.64999
2019-06-22 11:02:14,37.30999
2019-06-22 11:02:28,35.92999
2019-06-22 11:02:43,36.30999
2019-06-22 11:03:19,35.30999
2019-06-22 11:03:59,34.49999
2019-06-22 11:04:45,34.72999
2019-06-22 11:04:58,34.05999
2019-06-22 11:05:25,32.90999
2019-06-22 11:05:47,31.94999
2019-06-22 11:06:08,30.26999
2019-06-22 11:06:40,29.29999
2019-06-22 11:07:09,28.69999
2019-06-22 11:07:28,27.98999
2019-06-22 11:07:49,28.28999
2019-06-22 11:08:06,27.32
2019-06-22 11:08:40,26.11999
2019-06-22 11:09:34,26.11999
2019-06-22 11:09:57,25.73999
2019-06-22 11:10:14,26.34999
2019-06-22 11:11:08,26.34999
2019-06-22 11:11:34,25.6
2019-06-22 11:12:28,25.6
2019-06-22 11:12:39,24.91999
2019-06-22 11:13:32,24.91999
2019-06-22 11:13:38,24.73999
2019-06-22 11:13:53,23.73
2019-06-22 11:14:32,22.56999
2019-06-22 11:14:47,23.14999
2019-06-22 11:15:02,22.82
2019-06-22 11:15:24,22.24999
2019-06-22 11:16:10,20.46
2019-06-22 11:16:33,21.29999
2019-06-22 11:17:05,20.56
2019-06-22 11:17:43,20.25999
2019-06-22 11:18:37,20.25999
2019-06-22 11:19:07,20.52
2019-06-22 11:19:55,21.08999
2019-06-22 11:20:16,20.77999
2019-06-22 11:21:10,20.77999
2019-06-22 11:21:16,21.74999
2019-06-22 11:21:42,22.25999
2019-06-22 11:22:19,22.43999
2019-06-22 11:22:36,22.93999
2019-06-22 11:23:30,22.93999
2019-06-22 11:24:06,23.12
2019-06-22 11:26:01,23.12
2019-06-22 11:26:15,22.43999
2019-06-22 11:26:59,22.73
2019-06-22 11:27:32,22.56999
2019-06-22 11:28:26,22.56999
2019-06-22 11:29:07,22.98999
2019-06-22 11:29:47,23.32999
2019-06-22 11:30:23,23.78999
2019-06-22 11:31:17,23.78999
2019-06-22 11:31:28,23.33999
2019-06-22 11:31:43,23.94999
2019-06-22 11:32:23,24.33
2019-06-22 11:33:17,24.33
2019-06-22 11:33:26,24.73
2019-06-22 11:34:17,25.86999
2019-06-22 11:34:52,25.04
2019-06-22 11:35:45,25.04
2019-06-22 11:36:02,25.39
2019-06-22 11:36:18,24.75
2019-06-22 11:37:03,24.30999
2019-06-22 11:37:22,24.90999
2019-06-22 11:38:16,24.90999
2019-06-22 11:38:37,25.62
2019-06-22 11:39:30,25.62
2019-06-22 11:39:38,25.12
2019-06-22 11:40:12,25.64
2019-06-22 11:40:47,25.21999
2019-06-22 11:41:41,25.21999
2019-06-22 11:41:55,24.65
2019-06-22 11:42:49,24.65
2019-06-22 11:43:54,24.46999
2019-06-22 11:44:20,23.89999
2019-06-22 11:44:54,23.23999
2019-06-22 11:45:13,23.89999
2019-06-22 11:45:26,23.01999
2019-06-22 11:45:46,23.78999
2019-06-22 11:46:07,22.59999
2019-06-22 11:46:44,23.17999
2019-06-22 11:47:26,22.48999
2019-06-22 11:47:58,22.91999
2019-06-22 11:48:51,22.91999
2019-06-22 11:48:59,23.16999
2019-06-22 11:49:27,23.39
2019-06-22 11:50:22,23.07
2019-06-22 11:50:39,23.68
2019-06-22 11:51:20,23.50999
2019-06-22 11:53:14,23.50999
2019-06-22 11:53:22,24.12999
2019-06-22 11:54:15,24.12999
2019-06-22 11:54:26,24.44999
2019-06-22 11:54:53,24.15999
2019-06-22 11:56:46,24.15999
2019-06-22 11:56:59,24.57999
2019-06-22 11:57:18,23.88999
2019-06-22 11:57:54,24.41999
2019-06-22 11:58:36,24.68999
2019-06-22 11:58:53,25.54999
2019-06-22 11:59:28,25.32
2019-06-22 12:00:22,25.32
2019-06-22 12:00:39,25.81999
2019-06-22 12:01:33,25.81999
2019-06-22 12:02:11,26.35999
2019-06-22 12:04:05,26.35999
2019-06-22 12:04:28,25.90999
2019-06-22 12:04:58,26.46999
2019-06-22 12:05:43,26.13999
2019-06-22 12:06:19,26.66999
2019-06-22 12:06:44,27.38999
2019-06-22 12:07:01,27.94999
2019-06-22 12:07:37,28.5
2019-06-22 12:08:02,29.15
2019-06-22 12:08:28,29.76
2019-06-22 12:09:20,30.27999
2019-06-22 12:09:38,31.16999
2019-06-22 12:10:08,31.84999
2019-06-22 12:10:35,32.73
2019-06-22 12:11:17,33.13999
2019-06-22 12:11:34,33.66999
2019-06-22 12:11:49,34.59999
2019-06-22 12:12:13,35.36999
2019-06-22 12:12:49,35.85
2019-06-22 12:13:23,36.40999
2019-06-22 12:13:50,37.45
2019-06-22 12:14:44,37.45
2019-06-22 12:14:53,37.82999
2019-06-22 12:15:32,37.50999
2019-06-22 12:16:10,37.16999
2019-06-22 12:17:07,37.87999
2019-06-22 12:17:48,38.49999
2019-06-22 12:18:24,38.8
2019-06-22 12:18:53,39.49999
2019-06-22 12:19:46,39.49999
2019-06-22 12:20:05,39.86999
2019-06-22 12:20:28,40.56999
2019-06-22 12:21:22,40.56999
2019-06-22 12:21:40,41.02
2019-06-22 12:22:05,40.56999
2019-06-22 12:22:59,40.56999
2019-06-22 12:23:42,40.12999
2019-06-22 12:24:30,39.45999
2019-06-22 12:25:26,39.63999
2019-06-22 12:26:04,39.12
2019-06-22 12:26:26,39.73
2019-06-22 12:27:07,39.56999
2019-06-22 12:28:00,39.56999
2019-06-22 12:28:32,39.30999
2019-06-22 12:28:57,39.73999
2019-06-22 12:29:51,39.73999
2019-06-22 12:30:51,40.12
2019-06-22 12:31:46,40.12
2019-06-22 12:32:51,40.26999
2019-06-22 12:33:21,40.79999
2019-06-22 12:34:08,40.49999
2019-06-22 12:35:02,40.49999
2019-06-22 12:35:38,39.94999
2019-06-22 12:36:32,39.94999
2019-06-22 12:36:49,39.51999
2019-06-22 12:37:25,38.93999
2019-06-22 12:37:49,39.41999
2019-06-22 12:38:15,38.70999
2019-06-22 12:40:09,38.70999
2019-06-22 12:40:28,38.25999
2019-06-22 12:41:21,38.25999
2019-06-22 12:41:53,38.05999
2019-06-22 12:42:46,38.05999
2019-06-22 12:43:19,37.81
2019-06-22 12:43:48,38.16999
2019-06-22 12:44:19,38.61999
2019-06-22 12:44:51,38.36999
2019-06-22 12:45:44,38.36999
2019-06-22 12:46:33,37.60999
2019-06-22 12:47:12,37.36999
2019-06-22 12:47:37,36.76999
2019-06-22 12:48:06,36.49999
2019-06-22 12:48:43,36.07999
2019-06-22 12:49:06,35.82999
2019-06-22 12:49:31,35.27999
2019-06-22 12:50:08,34.88
2019-06-22 12:50:27,34.16999
2019-06-22 12:51:06,34.54999
2019-06-22 12:51:32,35.20999
2019-06-22 12:52:28,35.63999
2019-06-22 12:52:52,36.03999
2019-06-22 12:53:45,36.03999
2019-06-22 12:54:15,36.69999
2019-06-22 12:54:50,37.2
2019-06-22 12:55:17,37.48
2019-06-22 12:55:39,38.16
2019-06-22 12:56:33,38.16
2019-06-22 12:57:38,38.58999
2019-06-22 12:58:36,38.83999
2019-06-22 12:58:57,39.60999
2019-06-22 12:59:28,39.27999
2019-06-22 12:59:48,39.98999
2019-06-22 13:00:05,39.35999
2019-06-22 13:00:33,39.71999
2019-06-22 13:02:28,39.71999
2019-06-22 13:03:01,40.10999
2019-06-22 13:03:37,39.53999
2019-06-22 13:04:38,39.89999
2019-06-22 13:05:04,39.23999
2019-06-22 13:05:33,39.38
2019-06-22 13:06:06,39.84999
2019-06-22 13:06:28,39.13999
2019-06-22 13:07:12,39.45999
2019-06-22 13:08:07,39.8
2019-06-22 13:08:45,39.52999
2019-06-22 13:09:44,39.71999
2019-06-22 13:11:37,39.71999
2019-06-22 13:12:02,39.50999
2019-06-22 13:12:56,39.50999
2019-06-22 13:13:17,38.99998
2019-06-22 13:13:51,38.48
2019-06-22 13:14:20,37.68999
2019-06-22 13:16:14,37.68999
2019-06-22 13:16:54,37.41999
2019-06-22 13:18:47,37.41999
2019-06-22 13:19:15,37.02999
2019-06-22 13:19:45,37.32999
2019-06-22 13:20:36,36.93999
2019-06-22 13:21:29,36.93999
2019-06-22 13:22:04,37.23999
2019-06-22 13:25:59,37.23999
2019-06-22 13:26:31,37.71999
2019-06-22 13:27:08,37.49999
2019-06-22 13:28:02,37.49999
2019-06-22 13:28:30,36.81
2019-06-22 13:29:23,36.81
2019-06-22 13:29:58,37.23999
2019-06-22 13:34:51,37.23999
2019-06-22 13:35:26,37.42999
2019-06-22 13:36:00,37.92999
2019-06-22 13:36:41,37.49999
2019-06-22 13:37:36,37.49999
2019-06-22 13:38:08,37.20999
2019-06-22 13:39:01,37.20999
2019-06-22 13:39:18,37.55
2019-06-22 13:42:12,37.55
2019-06-22 13:42:35,37.16999
2019-06-22 13:43:29,37.16999
2019-06-22 13:43:41,36.81
2019-06-22 13:44:36,36.81
2019-06-22 13:44:44,36.42999
2019-06-22 13:45:13,36.65999
2019-06-22 13:46:07,36.65999
2019-06-22 13:46:25,36.87999
2019-06-22 13:46:55,36.30999
2019-06-22 13:47:36,36.56999
2019-06-22 13:48:30,36.56999
2019-06-22 13:48:37,36.3
2019-06-22 13:52:31,36.3
2019-06-22 13:53:27,36.06999
2019-06-22 13:53:49,36.52
2019-06-22 13:54:43,36.52
2019-06-22 13:55:01,37.03999
2019-06-22 13:55:55,37.03999
2019-06-22 13:56:43,37.16999
2019-06-22 13:57:07,37.85999
2019-06-22 13:58:00,37.85999
2019-06-22 13:58:51,38.45999
2019-06-22 13:59:38,38.19999
2019-06-22 14:00:27,37.78999
2019-06-22 14:01:19,37.23999
2019-06-22 14:01:59,36.63999
2019-06-22 14:02:24,35.95999
2019-06-22 14:03:18,35.36999
2019-06-22 14:03:53,34.95999
2019-06-22 14:04:20,34.3
2019-06-22 14:05:15,33.60999
2019-06-22 14:05:43,33.12999
2019-06-22 14:06:29,32.26999
2019-06-22 14:07:23,32.26999
2019-06-22 14:07:38,31.50999
2019-06-22 14:07:58,31.77999
2019-06-22 14:09:52,31.77999
2019-06-22 14:10:51,32.79999
2019-06-22 14:11:46,32.79999
2019-06-22 14:12:23,33.41999
2019-06-22 14:13:02,34.24
2019-06-22 14:13:50,35.01999
2019-06-22 14:14:15,35.94999
2019-06-22 14:15:05,36.38999
2019-06-22 14:15:57,37.16999
2019-06-22 14:16:13,38.13
2019-06-22 14:17:07,38.13
2019-06-22 14:18:04,38.74999
2019-06-22 14:18:57,38.74999
2019-06-22 14:19:08,39.10999
2019-06-22 14:20:02,39.10999
2019-06-22 14:20:29,39.03999
2019-06-22 14:21:22,39.03999
2019-06-22 14:22:16,39.54999
2019-06-22 14:23:05,39.30999
2019-06-22 14:24:58,39.30999
2019-06-22 14:25:52,38.97999
2019-06-22 14:28:46,38.97999
2019-06-22 14:29:49,38.66999
2019-06-22 14:30:38,38.13
2019-06-22 14:31:13,37.84999
2019-06-22 14:31:39,37.16999
2019-06-22 14:32:33,37.16999
2019-06-22 14:33:02,36.60999
2019-06-22 14:33:55,36.60999
2019-06-22 14:34:03,36.05999
2019-06-22 14:34:57,36.05999
2019-06-22 14:35:19,36.32999
2019-06-22 14:36:14,36.32999
2019-06-22 14:36:58,35.91999
2019-06-22 14:37:36,36.17
2019-06-22 14:38:26,36.85999
2019-06-22 14:39:15,37.8
2019-06-22 14:41:09,37.8
2019-06-22 14:41:35,37.53999
2019-06-22 14:42:09,37.67999
2019-06-22 14:42:50,38.55999
2019-06-22 14:43:09,38.1
2019-06-22 14:44:04,38.27999
2019-06-22 14:44:58,38.27999
2019-06-22 14:45:28,38.67999
2019-06-22 14:46:11,39.29999
2019-06-22 14:47:06,39.29999
2019-06-22 14:47:41,39.64999
2019-06-22 14:48:35,39.64999
2019-06-22 14:49:02,40.02
2019-06-22 14:49:51,39.65999
2019-06-22 14:50:45,39.65999
2019-06-22 14:51:24,39.53999
2019-06-22 14:52:18,39.53999
2019-06-22 14:53:02,39.43999
2019-06-22 14:53:42,38.82999
2019-06-22 14:54:04,39.25999
2019-06-22 14:54:51,38.97999
2019-06-22 14:55:44,38.66999
2019-06-22 14:56:37,38.66999
2019-06-22 14:56:59,38.77999
2019-06-22 14:57:46,38.42999
2019-06-22 15:00:40,38.42999
2019-06-22 15:01:19,38.83999
2019-06-22 15:01:52,38.62999
2019-06-22 15:02:46,38.62999
2019-06-22 15:03:28,38.37999
2019-06-22 15:04:11,38.69999
2019-06-22 15:06:05,38.69999
2019-06-22 15:06:51,38.88999
2019-06-22 15:07:17,38.45
2019-06-22 15:09:10,38.45
2019-06-22 15:10:10,38.30999
2019-06-22 15:11:04,38.30999
2019-06-22 15:11:33,38.48999
2019-06-22 15:13:28,38.48999
2019-06-22 15:14:06,38.20999
2019-06-22 15:14:59,38.20999
2019-06-22 15:15:18,38.52999
2019-06-22 15:16:12,37.90999
2019-06-22 15:16:36,38.46999
2019-06-22 15:19:30,38.46999
2019-06-22 15:20:28,38.52999
2019-06-22 15:21:06,39.09999
2019-06-22 15:21:24,38.62999
2019-06-22 15:22:14,38.98999
2019-06-22 15:23:02,38.89999
2019-06-22 15:27:56,38.89999
2019-06-22 15:28:57,39.16
2019-06-22 15:29:26,38.85999
2019-06-22 15:33:20,38.85999
2019-06-22 15:34:13,38.64999
2019-06-22 15:35:07,38.92999
2019-06-22 15:35:49,38.63999
2019-06-22 15:36:30,38.91999
2019-06-22 15:37:24,38.91999
2019-06-22 15:37:35,39.23999
2019-06-22 15:38:29,39.23999
2019-06-22 15:38:42,39.00999
2019-06-22 15:41:36,39.00999
2019-06-22 15:42:07,39.16
2019-06-22 15:44:00,39.16
2019-06-22 15:44:17,38.94999
2019-06-22 15:44:48,39.39999
2019-06-22 15:45:42,39.39999
2019-06-22 15:46:05,39.24999
2019-06-22 15:48:59,39.24999
2019-06-22 15:49:44,39.55999
2019-06-22 15:51:37,39.55999
2019-06-22 15:52:03,39.86999
2019-06-22 15:54:57,39.86999
2019-06-22 15:55:11,39.84999
2019-06-22 15:56:08,39.46999
2019-06-22 15:57:01,39.46999
2019-06-22 15:57:11,39.91999
2019-06-22 15:57:48,39.34999
2019-06-22 15:58:30,39.65999
2019-06-22 16:01:24,39.65999
2019-06-22 16:02:27,39.46999
2019-06-22 16:05:21,39.46999
2019-06-22 16:05:58,39.06
2019-06-22 16:07:52,39.06
2019-06-22 16:08:48,38.56999
2019-06-22 16:09:13,37.84
2019-06-22 16:10:09,37.52
2019-06-22 16:11:03,37.52
2019-06-22 16:11:25,37.8
2019-06-22 16:12:17,37.66999
2019-06-22 16:14:11,37.66999
2019-06-22 16:15:05,37.09999
2019-06-22 16:16:59,37.09999
2019-06-22 16:17:14,36.56999
2019-06-22 16:17:50,35.99999
2019-06-22 16:18:45,35.47999
2019-06-22 16:19:38,35.47999
2019-06-22 16:20:03,35.06999
2019-06-22 16:20:56,35.06999
2019-06-22 16:21:14,35.28999
2019-06-22 16:22:09,35.78999
2019-06-22 16:24:03,35.78999
2019-06-22 16:25:05,35.95999
2019-06-22 16:25:35,36.27999
2019-06-22 16:26:29,36.27999
2019-06-22 16:26:52,36.88999
2019-06-22 16:27:46,36.88999
2019-06-22 16:28:19,37.36999
2019-06-22 16:29:12,37.36999
2019-06-22 16:29:27,37.17999
2019-06-22 16:30:05,37.75999
2019-06-22 16:30:37,37.60999
2019-06-22 16:31:09,38.25999
2019-06-22 16:32:02,38.25999
2019-06-22 16:32:11,37.64999
2019-06-22 16:32:35,38.42
2019-06-22 16:32:52,37.88999
2019-06-22 16:33:27,38.67999
2019-06-22 16:33:48,38.24999
2019-06-22 16:35:42,38.24999
2019-06-22 16:36:40,38.69999
2019-06-22 16:37:13,38.16999
2019-06-22 16:38:00,38.70999
2019-06-22 16:38:39,38.31999
2019-06-22 16:39:25,38.45999
2019-06-22 16:40:18,38.45999
2019-06-22 16:41:21,37.98999
2019-06-22 16:41:56,38.41
2019-06-22 16:42:49,38.41
2019-06-22 16:43:45,38.03999
2019-06-22 16:46:38,38.03999
2019-06-22 16:47:11,37.59999
2019-06-22 16:47:39,38.12
2019-06-22 16:48:23,37.69999
2019-06-22 16:49:17,37.69999
2019-06-22 16:50:09,37.45999
2019-06-22 16:50:52,37.14999
2019-06-22 16:51:41,37.03999
2019-06-22 16:52:34,36.84
2019-06-22 16:53:27,36.84
2019-06-22 16:53:35,37.00999
2019-06-22 16:54:28,37.00999
2019-06-22 16:55:20,37.55999
2019-06-22 16:57:14,37.55999
2019-06-22 16:58:14,36.97999
2019-06-22 16:58:36,37.43999
2019-06-22 16:59:31,37.74998
2019-06-22 17:00:23,37.74998
2019-06-22 17:00:53,38.17999
2019-06-22 17:01:38,37.89999
2019-06-22 17:04:32,37.89999
2019-06-22 17:04:43,38.26999
2019-06-22 17:05:43,37.95999
2019-06-22 17:06:22,38.23999
2019-06-22 17:07:16,38.23999
2019-06-22 17:07:42,37.92999
2019-06-22 17:08:29,38.33999
2019-06-22 17:09:03,37.8
2019-06-22 17:09:48,37.97999
2019-06-22 17:11:41,37.97999
2019-06-22 17:11:57,37.87
2019-06-22 17:12:55,37.36999
2019-06-22 17:14:49,37.36999
2019-06-22 17:15:38,36.91
2019-06-22 17:16:11,37.32999
2019-06-22 17:16:37,36.94999
2019-06-22 17:17:15,36.99999
2019-06-22 17:17:59,37.33999
2019-06-22 17:18:53,37.33999
2019-06-22 17:19:33,36.62
2019-06-22 17:19:45,37.34999
2019-06-22 17:24:38,37.34999
2019-06-22 17:25:18,37.05999
2019-06-22 17:26:12,37.05999
2019-06-22 17:26:21,36.75999
2019-06-22 17:27:15,36.75999
2019-06-22 17:27:49,36.64999
2019-06-22 17:28:43,36.64999
2019-06-22 17:29:02,36.31999
2019-06-22 17:30:56,36.31999
2019-06-22 17:31:45,37.03999
2019-06-22 17:32:18,36.97999
2019-06-22 17:32:57,36.94999
2019-06-22 17:33:41,36.72999
2019-06-22 17:35:35,36.72999
2019-06-22 17:35:59,37.17999
2019-06-22 17:36:52,37.52999
2019-06-22 17:37:28,37.33999
2019-06-22 17:37:56,37.77
2019-06-22 17:38:50,37.77
2019-06-22 17:39:52,37.52999
2019-06-22 17:41:45,37.52999
2019-06-22 17:42:35,36.91
2019-06-22 17:43:17,36.39999
2019-06-22 17:44:11,36.39999
2019-06-22 17:44:54,36.56999
2019-06-22 17:45:47,36.56999
2019-06-22 17:46:45,37.27999
2019-06-22 17:47:01,36.48
2019-06-22 17:47:17,37.16
2019-06-22 17:48:10,37.16
2019-06-22 17:48:39,37.33999
2019-06-22 17:49:33,37.61999
2019-06-22 17:50:13,38.18999
2019-06-22 17:50:53,37.84
2019-06-22 17:51:37,37.57999
2019-06-22 17:53:30,37.57999
2019-06-22 17:54:06,37.20999
2019-06-22 17:54:59,37.20999
2019-06-22 17:55:39,36.92999
2019-06-22 17:56:14,36.3
2019-06-22 17:57:08,36.3
2019-06-22 17:57:54,35.75999
2019-06-22 17:58:47,35.75999
2019-06-22 17:58:59,35.40999
2019-06-22 17:59:26,35.47999
2019-06-22 18:00:03,35.77999
2019-06-22 18:02:58,35.77999
2019-06-22 18:04:02,35.95999
2019-06-22 18:04:53,36.53999
2019-06-22 18:05:11,35.92999
2019-06-22 18:05:50,36.16
2019-06-22 18:07:44,36.16
2019-06-22 18:08:20,36.60999
2019-06-22 18:09:12,36.49
2019-06-22 18:10:06,36.49
2019-06-22 18:10:20,36.39999
2019-06-22 18:11:13,36.39999
2019-06-22 18:11:53,36.06999
2019-06-22 18:12:15,36.50999
2019-06-22 18:13:09,36.50999
2019-06-22 18:14:14,36.91
2019-06-22 18:16:08,36.91
2019-06-22 18:16:43,37.27999
2019-06-22 18:18:37,37.27999
2019-06-22 18:18:57,37.42999
2019-06-22 18:21:51,37.42999
2019-06-22 18:22:37,37.31999
2019-06-22 18:24:31,37.31999
2019-06-22 18:24:58,37.03999
2019-06-22 18:25:51,37.03999
2019-06-22 18:26:04,37.48
2019-06-22 18:26:31,37.17999
2019-06-22 18:27:24,37.17999
2019-06-22 18:28:07,37.45999
2019-06-22 18:28:31,36.91
2019-06-22 18:29:06,37.03999
2019-06-22 18:29:31,37.26999
2019-06-22 18:30:25,37.26999
2019-06-22 18:31:08,36.95999
2019-06-22 18:31:50,36.57999
2019-06-22 18:32:43,36.57999
2019-06-22 18:33:01,36.17999
2019-06-22 18:33:54,36.17999
2019-06-22 18:34:10,35.89999
2019-06-22 18:35:00,36.34999
2019-06-22 18:35:32,35.92999
2019-06-22 18:35:58,36.42999
2019-06-22 18:36:34,36.20999
2019-06-22 18:37:31,36.17999
2019-06-22 18:40:24,36.17999
2019-06-22 18:40:43,36.49
2019-06-22 18:42:37,36.49
2019-06-22 18:43:28,36.69999
2019-06-22 18:44:21,36.69999
2019-06-22 18:44:50,36.93999
2019-06-22 18:45:21,36.59999
2019-06-22 18:48:15,36.59999
2019-06-22 18:49:01,36.88999
2019-06-22 18:49:42,36.71999
2019-06-22 18:50:15,36.11999
2019-06-22 18:51:08,36.11999
2019-06-22 18:52:11,35.71999
2019-06-22 18:52:57,35.99999
2019-06-22 18:55:51,35.99999
2019-06-22 18:56:33,36.46999
2019-06-22 18:57:16,36.25999
2019-06-22 18:58:09,36.25999
2019-06-22 18:58:47,36.3
2019-06-22 18:59:30,36.63999
2019-06-22 19:01:24,36.63999
2019-06-22 19:01:46,36.81
2019-06-22 19:02:40,36.81
2019-06-22 19:03:18,37.13999
2019-06-22 19:04:19,36.78999
2019-06-22 19:04:41,37.29999
2019-06-22 19:05:14,36.67999
2019-06-22 19:05:38,37.21999
2019-06-22 19:06:33,36.95999
2019-06-22 19:09:27,36.95999
2019-06-22 19:10:11,37.25999
2019-06-22 19:10:46,36.82999
2019-06-22 19:11:40,36.82999
2019-06-22 19:12:22,36.46999
2019-06-22 19:13:18,36.25999
2019-06-22 19:14:12,36.25999
2019-06-22 19:15:15,36.77999
2019-06-22 19:15:42,36.30999
2019-06-22 19:16:13,36.59999
2019-06-22 19:18:24,36.59999
2019-06-22 19:18:46,36.8
2019-06-22 19:19:41,36.8
2019-06-22 19:20:01,37.38999
2019-06-22 19:20:26,36.74999
2019-06-22 19:21:09,37.02999
2019-06-22 19:22:07,37.43999
2019-06-22 19:22:37,37.23
2019-06-22 19:23:31,37.23
2019-06-22 19:23:45,37.82999
2019-06-22 19:24:09,37.23999
2019-06-22 19:24:29,37.49
2019-06-22 19:26:22,37.49
2019-06-22 19:26:29,37.85999
2019-06-22 19:26:53,37.10999
2019-06-22 19:27:22,37.46999
2019-06-22 19:28:20,37.16
2019-06-22 19:29:13,37.16
2019-06-22 19:30:06,36.68999
2019-06-22 19:30:36,37.2
2019-06-22 19:31:17,36.63999
2019-06-22 19:31:48,37.06999
2019-06-22 19:32:18,36.74999
2019-06-22 19:33:12,36.74999
2019-06-22 19:33:31,36.25999
2019-06-22 19:34:26,36.25999
2019-06-22 19:35:00,35.98
2019-06-22 19:35:55,35.56999
2019-06-22 19:36:40,35.85
2019-06-22 19:37:33,35.85
2019-06-22 19:38:02,36.14999
2019-06-22 19:38:55,36.14999
2019-06-22 19:39:27,35.74999
2019-06-22 19:39:47,36.53999
2019-06-22 19:40:03,35.94999
2019-06-22 19:40:38,36.49999
2019-06-22 19:42:38,36.49999
2019-06-22 19:42:47,37.02999
2019-06-22 19:43:41,37.02999
2019-06-22 19:44:22,37.38999
2019-06-22 19:45:16,37.38999
2019-06-22 19:45:37,37.69999
2019-06-22 19:46:25,37.42999
2019-06-22 19:47:19,37.42999
2019-06-22 19:47:26,37.23999
2019-06-22 19:48:20,37.23999
2019-06-22 19:48:36,36.73999
2019-06-22 19:49:30,36.73999
2019-06-22 19:50:18,36.01999
2019-06-22 19:50:47,36.31999
2019-06-22 19:51:39,35.81998
2019-06-22 19:52:06,36.11999
2019-06-22 19:52:50,36.53999
2019-06-22 19:53:43,36.53999
2019-06-22 19:54:05,36.41999
2019-06-22 19:56:58,36.41999
2019-06-22 19:57:21,36.2
2019-06-22 19:57:54,35.71999
2019-06-22 19:58:42,36.01999
2019-06-22 19:59:36,36.01999
2019-06-22 19:59:59,35.66999
2019-06-22 20:00:53,35.66999
2019-06-22 20:01:48,35.84
2019-06-22 20:02:42,35.84
2019-06-22 20:03:32,35.94999
2019-06-22 20:04:25,35.94999
2019-06-22 20:04:59,36.05999
2019-06-22 20:05:53,36.05999
2019-06-22 20:06:11,36.20999
2019-06-22 20:07:05,36.20999
2019-06-22 20:07:35,36.50999
2019-06-22 20:08:27,36.05999
2019-06-22 20:08:57,36.55
2019-06-22 20:09:19,36.11999
2019-06-22 20:10:14,36.11999
2019-06-22 20:10:22,36.62999
2019-06-22 20:10:56,36.20999
2019-06-22 20:11:48,36.28999
2019-06-22 20:12:17,36.81
2019-06-22 20:13:11,36.81
2019-06-22 20:13:21,36.40999
2019-06-22 20:13:56,36.91999
2019-06-22 20:14:49,36.91999
2019-06-22 20:15:27,37.13
2019-06-22 20:19:20,37.13
2019-06-22 20:20:13,37.16
2019-06-22 20:23:06,37.16
2019-06-22 20:23:18,37.07999
2019-06-22 20:24:12,37.07999
2019-06-22 20:24:47,37.45
2019-06-22 20:25:20,37.10999
2019-06-22 20:26:07,37.36999
2019-06-22 20:26:47,37.10999
2019-06-22 20:28:40,37.10999
2019-06-22 20:28:50,37.27999
2019-06-22 20:29:43,37.27999
2019-06-22 20:30:23,37.65999
2019-06-22 20:32:17,37.65999
2019-06-22 20:32:49,38.09
2019-06-22 20:33:33,37.61999
2019-06-22 20:33:59,38.13
2019-06-22 20:34:52,38.13
2019-06-22 20:35:38,37.84999
2019-06-22 20:36:32,37.84999
2019-06-22 20:36:56,38.32999
2019-06-22 20:37:51,38.32999
2019-06-22 20:37:58,38.07999
2019-06-22 20:38:28,38.51999
2019-06-22 20:39:12,38.31999
2019-06-22 20:40:06,38.31999
2019-06-22 20:40:39,37.89999
2019-06-22 20:41:17,38.28999
2019-06-22 20:45:11,38.28999
2019-06-22 20:45:29,38.67999
2019-06-22 20:45:50,38.28999
2019-06-22 20:46:30,38.63999
2019-06-22 20:47:18,38.27999
2019-06-22 20:48:06,38.60999
2019-06-22 20:49:00,38.60999
2019-06-22 20:49:47,38.32999
2019-06-22 20:50:44,38.71999
2019-06-22 20:51:39,38.25999
2019-06-22 20:52:03,38.52999
2019-06-22 20:55:56,38.52999
2019-06-22 20:56:09,38.68999
2019-06-22 20:59:04,38.68999
2019-06-22 20:59:27,38.85999
2019-06-22 21:02:21,38.85999
2019-06-22 21:03:20,38.63999
2019-06-22 21:04:03,38.41
2019-06-22 21:04:56,38.41
2019-06-22 21:06:01,38.01999
2019-06-22 21:06:28,37.70999
2019-06-22 21:06:51,36.92999
2019-06-22 21:07:20,37.37999
2019-06-22 21:08:13,37.37999
2019-06-22 21:09:09,37.16
2019-06-22 21:09:58,37.52999
2019-06-22 21:10:52,37.52999
2019-06-22 21:11:14,37.70999
2019-06-22 21:13:07,37.70999
2019-06-22 21:13:32,37.88999
2019-06-22 21:14:24,38.17999
2019-06-22 21:17:18,38.17999
2019-06-22 21:17:33,38.39999
2019-06-22 21:18:27,38.39999
2019-06-22 21:19:10,38.63999
2019-06-22 21:19:47,39.09999
2019-06-22 21:20:30,38.56999
2019-06-22 21:21:12,38.88999
2019-06-22 21:21:57,38.60999
2019-06-22 21:22:50,38.60999
2019-06-22 21:23:07,38.82999
2019-06-22 21:24:01,38.82999
2019-06-22 21:25:02,38.59999
2019-06-22 21:25:27,38.13
2019-06-22 21:26:03,38.35999
2019-06-22 21:26:57,38.35999
2019-06-22 21:27:05,38.62999
2019-06-22 21:27:59,38.62999
2019-06-22 21:28:09,38.33999
2019-06-22 21:28:56,38.48999
2019-06-22 21:29:46,38.19999
2019-06-22 21:30:39,38.19999
2019-06-22 21:31:07,38.64999
2019-06-22 21:31:33,38.28999
2019-06-22 21:32:12,37.77
2019-06-22 21:33:05,37.77
2019-06-22 21:33:56,37.45
2019-06-22 21:34:55,37.00999
2019-06-22 21:35:20,37.49
2019-06-22 21:35:54,37.08999
2019-06-22 21:36:45,37.57999
2019-06-22 21:37:22,37.2
2019-06-22 21:38:09,37.70999
2019-06-22 21:38:35,37.40999
2019-06-22 21:39:28,37.40999
2019-06-22 21:39:49,38.00999
2019-06-22 21:40:42,38.00999
2019-06-22 21:41:44,37.71999
2019-06-22 21:42:17,37.95999
2019-06-22 21:45:11,37.95999
2019-06-22 21:46:14,38.18999
2019-06-22 21:46:59,37.93999
2019-06-22 21:50:52,37.93999
2019-06-22 21:51:48,38.26999
2019-06-22 21:52:41,38.26999
2019-06-22 21:52:53,37.87999
2019-06-22 21:53:28,37.99999
2019-06-22 21:57:22,37.99999
2019-06-22 21:58:13,38.43999
2019-06-22 21:59:13,38.07999
2019-06-22 22:01:07,38.07999
2019-06-22 22:02:03,38.68999
2019-06-22 22:02:35,38.01999
2019-06-22 22:03:29,38.01999
2019-06-22 22:03:42,37.30999
2019-06-22 22:04:03,37.98999
2019-06-22 22:04:22,37.35999
2019-06-22 22:05:02,37.85999
2019-06-22 22:05:21,37.30999
2019-06-22 22:06:07,36.62999
2019-06-22 22:06:24,37.30999
2019-06-22 22:06:57,36.81999
2019-06-22 22:07:41,37.13999
2019-06-22 22:08:35,37.13999
2019-06-22 22:09:31,37.50999
2019-06-22 22:10:06,37.23999
2019-06-22 22:11:00,37.52
2019-06-22 22:11:54,37.52
2019-06-22 22:12:58,37.64999
2019-06-22 22:13:52,37.64999
2019-06-22 22:14:32,37.23999
2019-06-22 22:15:03,37.72999
2019-06-22 22:15:22,37.31999
2019-06-22 22:18:16,37.31999
2019-06-22 22:18:31,37.53999
2019-06-22 22:19:25,37.53999
2019-06-22 22:19:50,37.84999
2019-06-22 22:21:44,37.84999
2019-06-22 22:22:43,38.03999
2019-06-22 22:25:35,38.03999
2019-06-22 22:26:18,38.30999
2019-06-22 22:27:18,37.84
2019-06-22 22:28:17,38.31999
2019-06-22 22:28:52,37.99999
2019-06-22 22:29:45,37.99999
2019-06-22 22:29:59,37.58999
2019-06-22 22:30:53,37.58999
2019-06-22 22:31:23,37.74998
2019-06-22 22:32:20,37.61999
2019-06-22 22:35:13,37.61999
2019-06-22 22:35:39,37.30999
2019-06-22 22:36:32,37.30999
2019-06-22 22:36:44,37.56999
2019-06-22 22:38:38,37.56999
2019-06-22 22:38:49,37.30999
2019-06-22 22:42:43,37.30999
2019-06-22 22:42:56,36.97999
2019-06-22 22:43:42,37.50999
2019-06-22 22:44:10,37.18999
2019-06-22 22:45:01,37.72999
2019-06-22 22:45:37,37.34999
2019-06-22 22:46:02,37.95999
2019-06-22 22:46:23,37.63999
2019-06-22 22:47:16,38.12
2019-06-22 22:47:38,37.59999
2019-06-22 22:48:36,38.09
2019-06-22 22:49:28,38.09
2019-06-22 22:49:38,37.85999
2019-06-22 22:50:27,38.07999
2019-06-22 22:53:21,38.07999
2019-06-22 22:53:46,38.39999
2019-06-22 22:59:40,38.39999
2019-06-22 23:00:26,38.29999
2019-06-22 23:03:20,38.29999
2019-06-22 23:03:55,38.48
2019-06-22 23:04:48,38.48
2019-06-22 23:05:46,38.60999
2019-06-22 23:06:40,38.60999
2019-06-22 23:07:33,38.27999
2019-06-22 23:08:27,38.27999
2019-06-22 23:09:34,37.82999
2019-06-22 23:11:27,37.82999
2019-06-22 23:11:46,37.31999
2019-06-22 23:12:45,37.42999
2019-06-22 23:13:38,37.42999
2019-06-22 23:13:49,38.00999
2019-06-22 23:14:43,38.00999
2019-06-22 23:15:08,38.42
2019-06-22 23:15:38,39.06999
2019-06-22 23:18:32,39.06999
2019-06-22 23:18:40,39.55999
2019-06-22 23:19:34,39.55999
2019-06-22 23:20:26,39.91999
2019-06-22 23:21:18,39.91999
2019-06-22 23:21:29,39.59999
2019-06-22 23:22:13,39.92999
2019-06-22 23:22:56,39.49999
2019-06-22 23:23:22,39.89999
2019-06-22 23:24:00,39.75999
2019-06-22 23:24:52,39.75999
2019-06-22 23:25:46,39.50999
2019-06-22 23:27:40,39.50999
2019-06-22 23:28:13,39.58999
2019-06-22 23:30:05,39.58999
2019-06-22 23:30:44,39.21999
2019-06-22 23:31:23,39.42999
2019-06-22 23:33:16,39.42999
2019-06-22 23:33:47,39.29999
2019-06-22 23:34:20,39.89999
2019-06-22 23:35:06,39.27999
2019-06-22 23:35:49,39.65999
2019-06-22 23:36:42,39.65999
2019-06-22 23:37:04,39.51999
2019-06-22 23:37:59,39.22999
2019-06-22 23:38:35,39.59999
2019-06-22 23:40:29,39.59999
2019-06-22 23:41:08,40.06999
2019-06-22 23:42:04,39.60999
2019-06-22 23:42:54,39.83999
2019-06-22 23:44:47,39.83999
2019-06-22 23:45:08,40.31999
2019-06-22 23:45:35,39.89999
2019-06-22 23:46:07,40.28999
2019-06-22 23:46:54,40.66
2019-06-22 23:47:25,40.27999
2019-06-22 23:47:54,40.54999
2019-06-22 23:48:46,40.54999
2019-06-22 23:49:28,40.7
2019-06-22 23:50:21,40.7
2019-06-22 23:50:53,41.02
2019-06-22 23:51:38,40.57999
2019-06-22 23:52:05,41.14999
2019-06-22 23:52:28,40.61999
2019-06-22 23:55:21,40.61999
2019-06-22 23:56:25,40.16999
2019-06-22 23:56:49,39.63999
2019-06-22 23:57:29,38.81999
2019-06-22 23:58:12,38.52999
2019-06-22 23:58:46,38.87
2019-06-22 23:59:13,39.43999
2019-06-23 00:00:09,39.62999
2019-06-23 00:01:00,38.74
2019-06-23 00:01:53,38.74
2019-06-23 00:02:06,38.96999
2019-06-23 00:02:59,38.55999
2019-06-23 00:03:25,38.89999
2019-06-23 00:03:58,39.38
2019-06-23 00:04:31,39.07999
2019-06-23 00:06:24,39.07999
2019-06-23 00:06:48,39.54999
2019-06-23 00:07:21,38.96999
2019-06-23 00:08:10,39.17999
2019-06-23 00:08:57,39.22999
2019-06-23 00:09:51,39.35999
2019-06-23 00:10:50,39.63999
2019-06-23 00:13:43,39.63999
2019-06-23 00:14:23,39.81999
2019-06-23 00:15:23,39.31999
2019-06-23 00:15:49,39.48999
2019-06-23 00:18:43,39.48999
2019-06-23 00:19:32,39.30999
2019-06-23 00:21:25,39.30999
2019-06-23 00:21:46,39.59999
2019-06-23 00:23:40,39.59999
2019-06-23 00:24:11,39.30999
2019-06-23 00:24:34,39.87999
2019-06-23 00:25:08,39.33999
2019-06-23 00:25:31,39.62999
2019-06-23 00:26:25,39.62999
2019-06-23 00:26:43,39.99999
2019-06-23 00:27:17,39.68999
2019-06-23 00:28:01,39.85999
2019-06-23 00:28:54,39.85999
2019-06-23 00:29:30,39.86999
2019-06-23 00:30:24,39.86999
2019-06-23 00:30:49,40.30999
2019-06-23 00:31:21,39.75999
2019-06-23 00:31:43,40.27999
2019-06-23 00:32:36,40.00999
2019-06-23 00:33:00,40.38
2019-06-23 00:33:53,40.38
2019-06-23 00:34:19,40.12
2019-06-23 00:38:13,40.12
2019-06-23 00:38:31,39.77999
2019-06-23 00:38:49,40.25999
2019-06-23 00:42:42,40.25999
2019-06-23 00:43:07,39.85999
2019-06-23 00:43:47,40.12999
2019-06-23 00:44:31,39.99999
2019-06-23 00:45:05,39.62999
2019-06-23 00:46:58,39.62999
2019-06-23 00:47:13,39.87999
2019-06-23 00:48:08,40.15999
2019-06-23 00:48:46,40.51999
2019-06-23 00:55:40,40.51999
2019-06-23 00:55:50,40.18999
2019-06-23 00:56:26,40.60999
2019-06-23 00:57:20,40.39999
2019-06-23 01:01:13,40.39999
2019-06-23 01:01:35,40.24999
2019-06-23 01:02:28,40.24999
2019-06-23 01:03:19,39.61999
2019-06-23 01:03:50,39.86999
2019-06-23 01:04:33,40.26999
2019-06-23 01:05:15,39.98999
2019-06-23 01:05:51,40.51999
2019-06-23 01:06:26,40.15999
2019-06-23 01:07:20,40.15999
2019-06-23 01:08:18,39.71999
2019-06-23 01:10:12,39.71999
2019-06-23 01:10:20,39.94999
2019-06-23 01:11:10,39.75999
2019-06-23 01:11:39,40.30999
2019-06-23 01:12:00,39.77
2019-06-23 01:12:51,40.22999
2019-06-23 01:13:11,39.78999
2019-06-23 01:15:04,39.78999
2019-06-23 01:15:47,40.27999
2019-06-23 01:16:32,40.03999
2019-06-23 01:18:25,40.03999
2019-06-23 01:18:46,39.66999
2019-06-23 01:19:17,39.94999
2019-06-23 01:21:10,39.94999
2019-06-23 01:21:20,39.43999
2019-06-23 01:21:54,40.17999
2019-06-23 01:22:21,39.84999
2019-06-23 01:23:14,39.84999
2019-06-23 01:24:18,39.63999
2019-06-23 01:27:11,39.63999
2019-06-23 01:27:48,39.39999
2019-06-23 01:28:36,39.00999
2019-06-23 01:29:30,39.00999
2019-06-23 01:30:11,39.42999
2019-06-23 01:30:49,39.29999
2019-06-23 01:31:27,39.85999
2019-06-23 01:32:09,39.63999
2019-06-23 01:33:03,39.63999
2019-06-23 01:33:18,39.78999
2019-06-23 01:34:11,39.78999
2019-06-23 01:34:35,39.41999
2019-06-23 01:35:32,39.71999
2019-06-23 01:37:26,39.71999
2019-06-23 01:37:59,39.99999
2019-06-23 01:38:52,39.99999
2019-06-23 01:39:04,39.60999
2019-06-23 01:39:36,40.06999
2019-06-23 01:40:32,40.41
2019-06-23 01:41:25,40.41
2019-06-23 01:41:56,40.12999
2019-06-23 01:42:29,40.56999
2019-06-23 01:44:23,40.56999
2019-06-23 01:44:30,40.29999
2019-06-23 01:45:23,40.29999
2019-06-23 01:46:11,40.74999
2019-06-23 01:46:27,40.12
2019-06-23 01:47:22,39.80999
2019-06-23 01:49:15,39.80999
2019-06-23 01:49:59,39.58999
2019-06-23 01:50:51,39.58999
2019-06-23 01:51:52,39.82999
2019-06-23 01:52:45,39.82999
2019-06-23 01:53:41,39.61999
2019-06-23 01:54:35,40.10999
2019-06-23 01:55:05,39.66999
2019-06-23 01:56:59,39.66999
2019-06-23 01:57:36,39.88999
2019-06-23 01:58:15,40.13999
2019-06-23 01:59:09,40.13999
2019-06-23 01:59:33,40.55999
2019-06-23 02:00:05,40.07999
2019-06-23 02:00:36,40.60999
2019-06-23 02:01:13,40.29999
2019-06-23 02:03:06,40.29999
2019-06-23 02:03:29,39.58999
2019-06-23 02:03:56,40.54999
2019-06-23 02:04:33,40.02999
2019-06-23 02:07:25,40.02999
2019-06-23 02:08:16,39.64999
2019-06-23 02:09:00,39.99999
2019-06-23 02:09:28,39.66999
2019-06-23 02:10:21,39.66999
2019-06-23 02:10:38,39.86999
2019-06-23 02:11:31,39.86999
2019-06-23 02:12:08,40.24999
2019-06-23 02:14:01,40.24999
2019-06-23 02:14:28,40.74999
2019-06-23 02:14:47,40.18999
2019-06-23 02:15:40,40.18999
2019-06-23 02:16:24,39.81999
2019-06-23 02:17:01,40.06999
2019-06-23 02:21:54,40.06999
2019-06-23 02:22:36,40.13999
2019-06-23 02:23:30,40.13999
2019-06-23 02:24:07,39.74999
2019-06-23 02:24:25,39.96999
2019-06-23 02:25:18,39.96999
2019-06-23 02:25:31,40.27999
2019-06-23 02:26:28,40.07999
2019-06-23 02:31:21,40.07999
2019-06-23 02:31:34,39.89999
2019-06-23 02:32:27,39.89999
2019-06-23 02:33:28,40.47999
2019-06-23 02:33:51,40.09999
2019-06-23 02:34:44,40.09999
2019-06-23 02:35:32,39.88999
2019-06-23 02:37:25,39.88999
2019-06-23 02:37:41,40.06999
2019-06-23 02:38:22,39.84999
2019-06-23 02:39:01,40.12
2019-06-23 02:39:55,40.12
2019-06-23 02:40:35,39.46999
2019-06-23 02:40:59,39.90999
2019-06-23 02:41:51,39.90999
2019-06-23 02:42:11,39.29999
2019-06-23 02:42:31,39.74999
2019-06-23 02:43:24,39.74999
2019-06-23 02:43:33,39.18999
2019-06-23 02:43:54,39.96999
2019-06-23 02:44:34,39.65999
2019-06-23 02:47:27,39.65999
2019-06-23 02:47:45,39.43999
2019-06-23 02:48:38,39.43999
2019-06-23 02:49:23,39.16
2019-06-23 02:49:58,39.43999
2019-06-23 02:50:58,39.09999
2019-06-23 02:51:50,39.09999
2019-06-23 02:52:05,38.74
2019-06-23 02:53:01,38.55
2019-06-23 02:53:55,38.55
2019-06-23 02:54:45,38.81999
2019-06-23 02:55:32,39.18999
2019-06-23 02:56:06,38.90999
2019-06-23 02:56:49,38.45999
2019-06-23 02:57:19,38.88999
2019-06-23 02:58:15,39.18999
2019-06-23 02:59:09,38.97999
2019-06-23 03:00:01,38.97999
2019-06-23 03:00:34,39.07999
2019-06-23 03:01:27,39.07999
2019-06-23 03:02:17,39.45999
2019-06-23 03:02:43,39.01999
2019-06-23 03:03:03,39.44999
2019-06-23 03:03:22,38.91999
2019-06-23 03:03:48,39.77999
2019-06-23 03:04:41,39.77999
2019-06-23 03:04:49,39.48
2019-06-23 03:08:43,39.48
2019-06-23 03:09:32,39.89999
2019-06-23 03:10:12,39.59999
2019-06-23 03:11:05,39.59999
2019-06-23 03:11:21,40.41
2019-06-23 03:11:34,39.70999
2019-06-23 03:12:14,40.25999
2019-06-23 03:12:38,39.8
2019-06-23 03:13:07,40.24999
2019-06-23 03:13:37,40.10999
2019-06-23 03:13:58,39.75999
2019-06-23 03:14:52,39.75999
2019-06-23 03:15:14,39.91999
2019-06-23 03:18:06,39.91999
2019-06-23 03:18:45,40.05
2019-06-23 03:19:39,40.05
2019-06-23 03:19:50,39.60999
2019-06-23 03:20:43,39.60999
2019-06-23 03:21:06,40.16999
2019-06-23 03:21:35,39.62999
2019-06-23 03:22:17,39.87999
2019-06-23 03:23:11,39.87999
2019-06-23 03:23:25,39.33999
2019-06-23 03:25:18,39.33999
2019-06-23 03:25:32,39.12
2019-06-23 03:25:59,38.56999
2019-06-23 03:26:17,39.31999
2019-06-23 03:26:44,39.07999
2019-06-23 03:29:37,39.07999
2019-06-23 03:30:12,39.51999
2019-06-23 03:31:06,39.51999
2019-06-23 03:31:22,39.70999
2019-06-23 03:34:15,39.70999
2019-06-23 03:34:26,39.90999
2019-06-23 03:37:20,39.90999
2019-06-23 03:37:44,40.25999
2019-06-23 03:38:35,39.94999
2019-06-23 03:40:28,39.94999
2019-06-23 03:40:40,40.17999
2019-06-23 03:41:32,40.17999
2019-06-23 03:41:40,39.99999
2019-06-23 03:44:32,39.99999
2019-06-23 03:45:32,39.71999
2019-06-23 03:46:26,39.71999
2019-06-23 03:46:37,39.83999
2019-06-23 03:47:30,39.83999
2019-06-23 03:47:50,40.07999
2019-06-23 03:48:42,40.07999
2019-06-23 03:49:00,39.74999
2019-06-23 03:49:53,39.74999
2019-06-23 03:50:38,39.21999
2019-06-23 03:51:22,39.38999
2019-06-23 03:51:58,39.16
2019-06-23 03:52:57,38.45999
2019-06-23 03:53:27,38.74999
2019-06-23 03:54:21,38.74999
2019-06-23 03:55:09,39.19999
2019-06-23 03:55:33,38.64999
2019-06-23 03:56:26,38.64999
2019-06-23 03:57:29,38.91999
2019-06-23 03:59:22,38.91999
2019-06-23 03:59:34,39.17999
2019-06-23 04:00:26,39.17999
2019-06-23 04:00:59,39.59999
2019-06-23 04:02:52,39.59999
2019-06-23 04:03:39,40.06999
2019-06-23 04:04:31,40.06999
2019-06-23 04:05:04,39.55999
2019-06-23 04:05:26,40.00999
2019-06-23 04:09:20,40.00999
2019-06-23 04:09:38,39.77999
2019-06-23 04:11:31,39.77999
2019-06-23 04:11:45,40.17999
2019-06-23 04:12:39,40.17999
2019-06-23 04:13:32,39.85999
2019-06-23 04:14:27,40.06999
2019-06-23 04:15:09,39.78999
2019-06-23 04:15:49,40.06999
2019-06-23 04:16:21,39.51999
2019-06-23 04:16:51,39.77999
2019-06-23 04:17:44,39.77999
2019-06-23 04:18:43,39.59999
2019-06-23 04:19:09,40.13999
2019-06-23 04:20:02,40.13999
2019-06-23 04:20:10,39.85999
2019-06-23 04:21:03,39.85999
2019-06-23 04:22:07,39.51999
2019-06-23 04:22:43,39.24999
2019-06-23 04:23:37,39.24999
2019-06-23 04:24:18,38.97999
2019-06-23 04:26:10,38.97999
2019-06-23 04:26:42,38.58999
2019-06-23 04:27:07,38.90999
2019-06-23 04:27:59,38.90999
2019-06-23 04:28:36,39.31999
2019-06-23 04:29:29,39.31999
2019-06-23 04:29:35,38.92999
2019-06-23 04:29:59,39.31999
2019-06-23 04:30:52,39.31999
2019-06-23 04:31:00,39.82999
2019-06-23 04:31:25,39.49999
2019-06-23 04:31:58,39.95999
2019-06-23 04:33:51,39.95999
2019-06-23 04:34:48,39.57999
2019-06-23 04:35:31,39.91999
2019-06-23 04:39:23,39.91999
2019-06-23 04:39:46,40.31999
2019-06-23 04:40:39,40.31999
2019-06-23 04:41:13,39.51999
2019-06-23 04:41:29,40.46999
2019-06-23 04:42:19,40.34
2019-06-23 04:43:11,40.34
2019-06-23 04:43:53,39.90999
2019-06-23 04:44:15,40.34
2019-06-23 04:45:06,39.85999
2019-06-23 04:45:49,40.18999
2019-06-23 04:46:42,40.18999
2019-06-23 04:47:34,39.64999
2019-06-23 04:48:00,40.21999
2019-06-23 04:48:40,39.82999
2019-06-23 04:49:34,39.82999
2019-06-23 04:50:00,40.32999
2019-06-23 04:50:25,39.98999
2019-06-23 04:51:19,39.98999
2019-06-23 04:52:16,40.39999
2019-06-23 04:53:03,40.18999
2019-06-23 04:54:01,39.7
2019-06-23 04:54:55,39.7
2019-06-23 04:55:04,40.12
2019-06-23 04:55:32,39.42999
2019-06-23 04:56:05,39.54999
2019-06-23 04:56:59,39.54999
2019-06-23 04:57:34,39.16
2019-06-23 04:58:14,38.66999
2019-06-23 04:58:52,39.30999
2019-06-23 04:59:23,39.77999
2019-06-23 05:00:22,39.91999
2019-06-23 05:01:12,40.24999
2019-06-23 05:04:04,40.24999
2019-06-23 05:04:22,40.60999
2019-06-23 05:04:46,40.17999
2019-06-23 05:05:43,40.58999
2019-06-23 05:06:33,40.13999
2019-06-23 05:07:26,40.13999
2019-06-23 05:07:37,40.37
2019-06-23 05:08:09,39.7
2019-06-23 05:08:29,40.57999
2019-06-23 05:08:46,39.78999
2019-06-23 05:09:40,39.78999
2019-06-23 05:10:20,39.90999
2019-06-23 05:11:01,40.16999
2019-06-23 05:12:54,40.16999
2019-06-23 05:13:17,39.48
2019-06-23 05:13:30,40.00999
2019-06-23 05:14:23,40.00999
2019-06-23 05:14:43,39.96999
2019-06-23 05:15:21,39.58999
2019-06-23 05:16:14,39.58999
2019-06-23 05:16:28,39.94999
2019-06-23 05:17:17,38.96999
2019-06-23 05:17:33,39.60999
2019-06-23 05:19:26,39.60999
2019-06-23 05:20:28,39.93999
2019-06-23 05:22:20,39.93999
2019-06-23 05:22:39,40.18999
2019-06-23 05:23:35,40.51999
2019-06-23 05:24:21,39.8
2019-06-23 05:25:14,39.8
2019-06-23 05:25:25,40.12
2019-06-23 05:28:19,40.12
2019-06-23 05:29:21,39.62999
2019-06-23 05:29:48,39.85999
2019-06-23 05:30:41,39.85999
2019-06-23 05:31:04,39.29999
2019-06-23 05:31:29,38.98999
2019-06-23 05:31:47,38.41
2019-06-23 05:32:15,37.69999
2019-06-23 05:32:31,38.51999
2019-06-23 05:33:10,39.12
2019-06-23 05:33:48,39.7
2019-06-23 05:34:13,39.55999
2019-06-23 05:35:10,39.21999
2019-06-23 05:36:04,39.77
2019-06-23 05:36:39,39.58999
2019-06-23 05:38:32,39.58999
2019-06-23 05:38:40,39.88999
2019-06-23 05:39:33,39.88999
2019-06-23 05:40:17,40.39999
2019-06-23 05:40:41,40.17999
2019-06-23 05:41:35,40.32999
2019-06-23 05:42:07,40.25999
2019-06-23 05:43:00,40.25999
2019-06-23 05:44:01,40.30999
2019-06-23 05:44:54,40.30999
2019-06-23 05:45:09,40.46999
2019-06-23 05:45:31,39.94999
2019-06-23 05:45:49,40.75999
2019-06-23 05:46:22,40.37
2019-06-23 05:47:14,40.37
2019-06-23 05:47:32,39.98999
2019-06-23 05:47:54,40.49999
2019-06-23 05:48:47,40.49999
2019-06-23 05:48:58,40.41999
2019-06-23 05:49:50,40.41999
2019-06-23 05:50:16,40.13999
2019-06-23 05:52:09,40.13999
2019-06-23 05:53:04,40.02999
2019-06-23 05:54:57,40.02999
2019-06-23 05:55:58,40.25999
2019-06-23 05:56:50,40.25999
2019-06-23 05:57:58,39.90999
2019-06-23 05:58:50,39.90999
2019-06-23 05:59:11,40.09999
2019-06-23 06:00:03,40.09999
2019-06-23 06:00:37,39.78999
2019-06-23 06:01:30,39.78999
2019-06-23 06:01:50,40.30999
2019-06-23 06:02:19,39.85999
2019-06-23 06:04:13,39.85999
2019-06-23 06:04:41,39.70999
2019-06-23 06:05:28,39.64999
2019-06-23 06:06:03,39.37
2019-06-23 06:06:36,38.80999
2019-06-23 06:06:49,39.78999
2019-06-23 06:07:29,39.56999
2019-06-23 06:08:23,39.56999
2019-06-23 06:09:16,39.31999
2019-06-23 06:09:54,39.90999
2019-06-23 06:10:17,39.41
2019-06-23 06:11:02,39.45999
2019-06-23 06:11:58,39.62999
2019-06-23 06:13:51,39.62999
2019-06-23 06:14:14,40.07999
2019-06-23 06:14:48,40.7
2019-06-23 06:15:42,40.7
2019-06-23 06:16:24,40.28999
2019-06-23 06:18:17,40.28999
2019-06-23 06:18:43,40.12999
2019-06-23 06:19:31,40.38
2019-06-23 06:20:24,40.38
2019-06-23 06:20:35,40.09999
2019-06-23 06:21:08,40.41
2019-06-23 06:21:59,40.02999
2019-06-23 06:22:26,40.51999
2019-06-23 06:23:10,40.34
2019-06-23 06:26:03,40.34
2019-06-23 06:26:23,40.12
2019-06-23 06:26:48,40.55999
2019-06-23 06:27:41,40.55999
2019-06-23 06:28:36,40.38
2019-06-23 06:32:29,40.38
2019-06-23 06:33:03,40.68999
2019-06-23 06:33:26,40.55999
2019-06-23 06:35:18,40.55999
2019-06-23 06:36:17,40.34
2019-06-23 06:36:45,40.54999
2019-06-23 06:37:45,40.71999
2019-06-23 06:38:38,40.71999
2019-06-23 06:39:16,40.58999
2019-06-23 06:39:46,40.93999
2019-06-23 06:40:39,40.93999
2019-06-23 06:41:29,41.28999
2019-06-23 06:42:21,41.48998
2019-06-23 06:43:12,40.91999
2019-06-23 06:43:59,41.21999
2019-06-23 06:44:52,41.21999
2019-06-23 06:45:17,40.84999
2019-06-23 06:46:10,40.84999
2019-06-23 06:46:26,40.71999
2019-06-23 06:47:13,40.59999
2019-06-23 06:50:06,40.59999
2019-06-23 06:50:36,40.16999
2019-06-23 06:51:19,40.63999
2019-06-23 06:51:47,40.21999
2019-06-23 06:52:04,40.92999
2019-06-23 06:52:28,40.70999
2019-06-23 06:53:21,40.70999
2019-06-23 06:53:39,40.64999
2019-06-23 06:55:32,40.64999
2019-06-23 06:55:52,40.16999
2019-06-23 06:56:27,40.61999
2019-06-23 06:56:55,40.37
2019-06-23 06:59:48,40.37
2019-06-23 07:00:38,40.86999
2019-06-23 07:00:55,40.25999
2019-06-23 07:01:41,40.80999
2019-06-23 07:02:06,40.27999
2019-06-23 07:02:59,40.27999
2019-06-23 07:03:29,40.71999
2019-06-23 07:04:01,40.48999
2019-06-23 07:04:37,40.05
2019-06-23 07:04:58,40.12
2019-06-23 07:05:37,40.41
2019-06-23 07:07:30,40.41
2019-06-23 07:08:11,39.89999
2019-06-23 07:09:03,39.28999
2019-06-23 07:09:56,39.28999
2019-06-23 07:10:49,38.87
2019-06-23 07:11:13,39.41999
2019-06-23 07:11:35,38.89999
2019-06-23 07:12:28,38.89999
2019-06-23 07:12:53,39.16
2019-06-23 07:14:47,39.16
2019-06-23 07:15:33,39.50999
2019-06-23 07:16:13,39.94999
2019-06-23 07:16:49,39.73999
2019-06-23 07:19:42,39.73999
2019-06-23 07:20:49,40.12
2019-06-23 07:21:42,40.12
2019-06-23 07:22:15,39.77999
2019-06-23 07:22:40,40.32999
2019-06-23 07:23:33,40.32999
2019-06-23 07:24:02,40.15999
2019-06-23 07:24:55,40.15999
2019-06-23 07:25:30,40.63999
2019-06-23 07:26:23,40.63999
2019-06-23 07:27:05,39.96999
2019-06-23 07:27:48,40.29999
2019-06-23 07:28:13,39.73999
2019-06-23 07:28:44,39.51999
2019-06-23 07:29:09,38.8
2019-06-23 07:30:02,38.8
2019-06-23 07:30:18,38.25999
2019-06-23 07:30:37,39.07999
2019-06-23 07:30:57,38.66999
2019-06-23 07:32:50,38.66999
2019-06-23 07:32:57,39.42999
2019-06-23 07:34:50,39.42999
2019-06-23 07:35:51,39.7
2019-06-23 07:36:43,39.46999
2019-06-23 07:37:40,39.90999
2019-06-23 07:38:14,39.41
2019-06-23 07:38:52,39.70999
2019-06-23 07:39:45,39.70999
2019-06-23 07:40:43,40.19999
2019-06-23 07:41:14,39.62999
2019-06-23 07:41:55,40.38999
2019-06-23 07:42:26,39.68999
2019-06-23 07:42:53,40.06
2019-06-23 07:43:13,39.62999
2019-06-23 07:44:05,39.62999
2019-06-23 07:44:14,40.15999
2019-06-23 07:44:45,39.70999
2019-06-23 07:45:23,39.03999
2019-06-23 07:45:39,39.7
2019-06-23 07:46:04,39.28999
2019-06-23 07:46:57,39.28999
2019-06-23 07:47:06,39.09
2019-06-23 07:47:59,39.09
2019-06-23 07:48:20,39.66999
2019-06-23 07:49:13,39.66999
2019-06-23 07:49:23,39.18999
2019-06-23 07:49:59,39.71999
2019-06-23 07:50:54,39.55999
2019-06-23 07:57:47,39.55999
2019-06-23 07:58:51,39.77
2019-06-23 07:59:44,39.77
2019-06-23 08:00:14,39.60999
2019-06-23 08:00:59,39.05
2019-06-23 08:01:25,39.41
2019-06-23 08:02:18,39.41
2019-06-23 08:02:54,39.21999
2019-06-23 08:04:47,39.21999
2019-06-23 08:05:13,39.31999
2019-06-23 08:06:05,39.31999
2019-06-23 08:06:54,39.90999
2019-06-23 08:07:47,39.90999
2019-06-23 08:08:17,39.60999
2019-06-23 08:12:09,39.60999
2019-06-23 08:12:38,39.27999
2019-06-23 08:13:31,39.27999
2019-06-23 08:14:25,38.94999
2019-06-23 08:15:05,39.67999
2019-06-23 08:16:58,39.67999
2019-06-23 08:17:15,39.33999
2019-06-23 08:18:00,39.67999
2019-06-23 08:19:53,39.67999
2019-06-23 08:20:29,39.43999
2019-06-23 08:22:22,39.43999
2019-06-23 08:22:31,38.82999
2019-06-23 08:23:24,38.82999
2019-06-23 08:24:31,38.49999
2019-06-23 08:25:23,38.49999
2019-06-23 08:26:23,38.73
2019-06-23 08:27:21,38.34999
2019-06-23 08:27:43,39.12
2019-06-23 08:28:10,38.73
2019-06-23 08:29:05,39.43999
2019-06-23 08:29:28,39.09
2019-06-23 08:30:20,39.09
2019-06-23 08:31:13,39.17999
2019-06-23 08:32:06,39.17999
2019-06-23 08:33:10,38.96999
2019-06-23 08:35:03,38.96999
2019-06-23 08:35:52,38.43999
2019-06-23 08:36:17,39.17999
2019-06-23 08:37:11,38.81999
2019-06-23 08:38:06,39.39999
2019-06-23 08:38:54,39.89999
2019-06-23 08:39:46,39.89999
2019-06-23 08:39:57,40.31999
2019-06-23 08:40:14,39.60999
2019-06-23 08:40:42,39.82999
2019-06-23 08:41:27,39.44999
2019-06-23 08:41:50,39.81999
2019-06-23 08:43:43,39.81999
2019-06-23 08:43:58,39.27999
2019-06-23 08:44:20,39.63999
2019-06-23 08:45:13,39.63999
2019-06-23 08:45:55,39.38999
2019-06-23 08:46:49,39.38999
2019-06-23 08:46:57,39.52999
2019-06-23 08:47:58,39.27999
2019-06-23 08:48:46,39.67999
2019-06-23 08:49:27,39.30999
2019-06-23 08:53:20,39.30999
2019-06-23 08:54:05,38.96999
2019-06-23 08:54:43,39.17999
2019-06-23 08:55:36,39.17999
2019-06-23 08:55:48,39.46999
2019-06-23 08:58:41,39.46999
2019-06-23 08:59:41,39.70999
2019-06-23 09:00:13,39.31999
2019-06-23 09:00:47,39.85999
2019-06-23 09:01:36,39.66999
2019-06-23 09:02:13,39.51999
2019-06-23 09:02:43,39.26999
2019-06-23 09:03:12,39.77
2019-06-23 09:03:36,39.28999
2019-06-23 09:04:17,39.57999
2019-06-23 09:06:09,39.57999
2019-06-23 09:06:38,39.16
2019-06-23 09:07:19,39.53999
2019-06-23 09:08:12,39.53999
2019-06-23 09:08:21,39.29999
2019-06-23 09:09:14,39.29999
2019-06-23 09:10:14,39.56999
2019-06-23 09:12:07,39.56999
2019-06-23 09:12:15,39.83999
2019-06-23 09:13:12,39.56999
2019-06-23 09:15:04,39.56999
2019-06-23 09:16:11,39.09999
2019-06-23 09:17:04,39.09999
2019-06-23 09:17:56,39.19999
2019-06-23 09:19:49,39.19999
2019-06-23 09:20:20,38.95999
2019-06-23 09:21:13,38.95999
2019-06-23 09:22:18,38.36999
2019-06-23 09:22:40,38.61999
2019-06-23 09:23:34,38.61999
2019-06-23 09:24:11,38.83999
2019-06-23 09:24:37,38.73
2019-06-23 09:25:29,38.73
2019-06-23 09:25:50,38.96999
2019-06-23 09:26:32,38.50999
2019-06-23 09:26:55,39.01999
2019-06-23 09:27:37,38.77999
2019-06-23 09:28:30,38.77999
2019-06-23 09:29:23,38.70999
2019-06-23 09:30:16,38.70999
2019-06-23 09:30:41,39.02999
2019-06-23 09:31:16,38.66999
2019-06-23 09:33:08,38.66999
2019-06-23 09:33:34,38.13999
2019-06-23 09:33:54,38.51999
2019-06-23 09:34:35,38.95999
2019-06-23 09:35:09,38.52999
2019-06-23 09:36:02,38.52999
2019-06-23 09:36:14,39.00999
2019-06-23 09:36:43,38.63999
2019-06-23 09:37:22,38.28999
2019-06-23 09:38:19,38.34999
2019-06-23 09:42:12,38.34999
2019-06-23 09:43:01,38.89999
2019-06-23 09:43:36,38.43999
2019-06-23 09:43:59,38.8
2019-06-23 09:44:51,38.8
2019-06-23 09:45:31,38.48999
2019-06-23 09:46:15,38.60999
2019-06-23 09:47:09,38.60999
2019-06-23 09:47:57,38.18999
2019-06-23 09:48:21,38.42999
2019-06-23 09:50:14,38.42999
2019-06-23 09:50:37,38.05999
2019-06-23 09:52:29,38.05999
2019-06-23 09:53:23,37.30999
2019-06-23 09:53:37,38.02999
2019-06-23 09:54:04,37.33999
2019-06-23 09:54:47,36.93999
2019-06-23 09:55:19,37.30999
2019-06-23 09:56:15,37.10999
2019-06-23 09:56:39,37.70999
2019-06-23 09:57:00,37.26999
2019-06-23 09:57:54,37.81
2019-06-23 09:58:15,37.50999
2019-06-23 09:59:08,37.50999
2019-06-23 10:00:10,37.98999
2019-06-23 10:00:35,37.64999
2019-06-23 10:01:14,37.90999
2019-06-23 10:02:06,37.90999
2019-06-23 10:02:42,37.93999
2019-06-23 10:03:11,37.13
2019-06-23 10:03:45,37.17999
2019-06-23 10:04:09,37.98999
2019-06-23 10:04:36,38.51999
2019-06-23 10:05:16,39.20999
2019-06-23 10:05:39,39.74999
2019-06-23 10:06:33,40.28999
2019-06-23 10:06:55,39.59999
2019-06-23 10:07:49,39.59999
2019-06-23 10:08:30,38.94999
2019-06-23 10:09:03,38.68999
2019-06-23 10:09:55,38.68999
2019-06-23 10:10:12,38.21999
2019-06-23 10:10:43,38.89999
2019-06-23 10:11:06,38.14999
2019-06-23 10:11:59,38.14999
2019-06-23 10:12:21,38.37999
2019-06-23 10:12:40,38.10999
2019-06-23 10:13:38,37.43999
2019-06-23 10:14:02,37.94999
2019-06-23 10:14:55,37.94999
2019-06-23 10:15:07,37.61999
2019-06-23 10:15:40,38.26999
2019-06-23 10:16:00,37.52999
2019-06-23 10:16:53,36.81999
2019-06-23 10:17:46,36.81999
2019-06-23 10:18:01,36.2
2019-06-23 10:18:33,36.75999
2019-06-23 10:19:25,36.75999
2019-06-23 10:19:40,37.13999
2019-06-23 10:21:34,37.13999
2019-06-23 10:22:00,37.23999
2019-06-23 10:22:35,37.43999
2019-06-23 10:23:28,37.43999
2019-06-23 10:23:59,37.77999
2019-06-23 10:24:51,37.77999
2019-06-23 10:25:25,37.93999
2019-06-23 10:26:17,37.93999
2019-06-23 10:26:29,37.55
2019-06-23 10:31:21,37.55
2019-06-23 10:32:02,37.81999
2019-06-23 10:34:55,37.81999
2019-06-23 10:35:22,38.10999
2019-06-23 10:38:15,38.10999
2019-06-23 10:38:51,38.41
2019-06-23 10:39:43,38.41
2019-06-23 10:40:45,38.87
2019-06-23 10:41:20,38.42
2019-06-23 10:41:48,38.53999
2019-06-23 10:42:40,38.53999
2019-06-23 10:43:19,38.17999
2019-06-23 10:46:13,38.17999
2019-06-23 10:47:04,37.75999
2019-06-23 10:47:49,37.26999
2019-06-23 10:48:33,37.55
2019-06-23 10:49:27,37.55
2019-06-23 10:49:53,37.34999
2019-06-23 10:51:47,37.34999
2019-06-23 10:52:10,37.17999
2019-06-23 10:54:02,37.17999
2019-06-23 10:54:44,36.89999
2019-06-23 10:55:18,37.16999
2019-06-23 10:56:11,37.16999
2019-06-23 10:57:07,37.52
2019-06-23 10:58:07,37.28999
2019-06-23 10:59:00,37.28999
2019-06-23 10:59:49,37.96999
2019-06-23 11:00:21,37.78999
2019-06-23 11:00:52,37.24999
2019-06-23 11:01:29,37.78999
2019-06-23 11:02:29,37.49999
2019-06-23 11:02:49,37.8
2019-06-23 11:03:42,37.8
2019-06-23 11:04:13,38.37999
2019-06-23 11:05:01,38.20999
2019-06-23 11:05:54,38.20999
2019-06-23 11:06:59,38.35999
2019-06-23 11:08:52,38.35999
2019-06-23 11:09:12,38.93999
2019-06-23 11:09:30,38.23999
2019-06-23 11:09:55,38.67999
2019-06-23 11:10:54,38.49999
2019-06-23 11:11:46,38.49999
2019-06-23 11:11:56,38.23999
2019-06-23 11:12:35,38.57999
2019-06-23 11:13:28,38.57999
2019-06-23 11:14:18,38.38998
2019-06-23 11:15:10,38.38998
2019-06-23 11:16:01,38.57999
2019-06-23 11:17:55,38.57999
2019-06-23 11:18:08,39.05
2019-06-23 11:18:41,38.75999
2019-06-23 11:20:33,38.75999
2019-06-23 11:20:45,38.48
2019-06-23 11:22:38,38.48
2019-06-23 11:22:55,38.27999
2019-06-23 11:23:48,38.27999
2019-06-23 11:23:56,37.90999
2019-06-23 11:24:38,38.31999
2019-06-23 11:25:06,38.24999
2019-06-23 11:25:48,37.81
2019-06-23 11:26:14,38.00999
2019-06-23 11:27:06,38.00999
2019-06-23 11:27:19,38.34999
2019-06-23 11:28:13,38.34999
2019-06-23 11:28:23,37.87999
2019-06-23 11:30:17,37.87999
2019-06-23 11:30:55,38.45999
2019-06-23 11:31:28,38.35999
2019-06-23 11:32:02,37.98999
2019-06-23 11:35:55,37.98999
2019-06-23 11:36:07,37.25999
2019-06-23 11:36:31,37.71999
2019-06-23 11:37:04,37.45999
2019-06-23 11:37:56,37.45999
2019-06-23 11:38:48,37.18999
2019-06-23 11:39:12,36.87
2019-06-23 11:39:40,37.38999
2019-06-23 11:40:07,37.27999
2019-06-23 11:40:50,37.17999
2019-06-23 11:43:42,37.17999
2019-06-23 11:44:29,37.68999
2019-06-23 11:45:23,37.68999
2019-06-23 11:45:51,38.19999
2019-06-23 11:46:17,37.82999
2019-06-23 11:47:13,37.94999
2019-06-23 11:48:05,37.94999
2019-06-23 11:48:17,38.30999
2019-06-23 11:48:45,37.43999
2019-06-23 11:49:01,37.97999
2019-06-23 11:49:57,38.34999
2019-06-23 11:50:22,37.90999
2019-06-23 11:51:14,37.90999
2019-06-23 11:52:05,37.62999
2019-06-23 11:54:58,37.62999
2019-06-23 11:55:34,36.84
2019-06-23 11:55:49,37.55
2019-06-23 11:56:05,36.89999
2019-06-23 11:57:57,36.89999
2019-06-23 11:58:40,36.69999
2019-06-23 11:59:13,37.18999
2019-06-23 11:59:56,36.68999
2019-06-23 12:00:27,37.16999
2019-06-23 12:01:20,37.16999
2019-06-23 12:02:07,37.71999
2019-06-23 12:02:56,38.16999
2019-06-23 12:04:49,38.16999
2019-06-23 12:05:13,37.84999
2019-06-23 12:05:54,38.31999
2019-06-23 12:06:40,37.81
2019-06-23 12:07:34,37.81
2019-06-23 12:08:11,37.32999
2019-06-23 12:08:44,36.71999
2019-06-23 12:09:37,36.71999
2019-06-23 12:09:54,36.28999
2019-06-23 12:10:24,35.71999
2019-06-23 12:11:17,35.71999
2019-06-23 12:12:01,36.24999
2019-06-23 12:13:53,36.24999
2019-06-23 12:14:36,36.45999
2019-06-23 12:16:29,36.45999
2019-06-23 12:16:43,36.87
2019-06-23 12:17:36,36.87
2019-06-23 12:18:01,37.13
2019-06-23 12:19:54,37.13
2019-06-23 12:20:52,36.70999
2019-06-23 12:22:45,36.70999
2019-06-23 12:22:56,36.37999
2019-06-23 12:23:50,36.37999
2019-06-23 12:24:02,36.52
2019-06-23 12:25:00,36.20999
2019-06-23 12:25:53,36.20999
2019-06-23 12:26:52,36.65999
2019-06-23 12:27:28,36.23
2019-06-23 12:28:07,36.65999
2019-06-23 12:29:00,36.65999
2019-06-23 12:29:31,36.49999
2019-06-23 12:30:05,36.97999
2019-06-23 12:30:39,36.59999
2019-06-23 12:31:25,36.98999
2019-06-23 12:32:18,36.98999
2019-06-23 12:32:37,36.82999
2019-06-23 12:33:10,36.43999
2019-06-23 12:33:41,36.64999
2019-06-23 12:34:34,36.64999
2019-06-23 12:34:43,36.93999
2019-06-23 12:35:36,36.93999
2019-06-23 12:36:28,37.49999
2019-06-23 12:36:59,36.92999
2019-06-23 12:37:21,37.34999
2019-06-23 12:38:14,37.34999
2019-06-23 12:39:20,36.85999
2019-06-23 12:39:59,37.23
2019-06-23 12:40:59,36.70999
2019-06-23 12:41:39,37.28999
2019-06-23 12:42:22,36.96999
2019-06-23 12:43:03,36.73999
2019-06-23 12:43:56,36.73999
2019-06-23 12:44:10,36.34999
2019-06-23 12:45:02,36.48
2019-06-23 12:45:55,36.48
2019-06-23 12:46:30,36.63999
2019-06-23 12:47:22,36.63999
2019-06-23 12:47:33,36.81
2019-06-23 12:55:26,36.81
2019-06-23 12:55:43,37.03999
2019-06-23 12:58:35,37.03999
2019-06-23 12:59:09,37.29999
2019-06-23 12:59:49,36.81999
2019-06-23 13:02:41,36.81999
2019-06-23 13:02:57,37.03999
2019-06-23 13:04:50,37.03999
2019-06-23 13:05:43,36.30999
2019-06-23 13:06:04,36.8
2019-06-23 13:06:56,36.8
2019-06-23 13:07:28,36.52999
2019-06-23 13:08:21,36.87999
2019-06-23 13:09:14,36.87999
2019-06-23 13:09:43,37.27999
2019-06-23 13:10:10,37.05999
2019-06-23 13:12:03,37.05999
2019-06-23 13:13:03,36.64999
2019-06-23 13:13:36,36.02999
2019-06-23 13:14:29,36.02999
2019-06-23 13:15:24,35.88999
2019-06-23 13:16:17,35.88999
2019-06-23 13:16:40,35.92999
2019-06-23 13:17:26,36.13999
2019-06-23 13:18:27,36.66999
2019-06-23 13:20:19,36.66999
2019-06-23 13:20:53,37.00999
2019-06-23 13:21:46,37.00999
2019-06-23 13:22:06,37.64999
2019-06-23 13:22:58,37.64999
2019-06-23 13:23:07,37.90999
2019-06-23 13:23:35,37.40999
2019-06-23 13:24:27,37.40999
2019-06-23 13:25:32,36.91
2019-06-23 13:26:25,36.91
2019-06-23 13:27:10,36.59
2019-06-23 13:28:03,36.59
2019-06-23 13:29:00,36.18999
2019-06-23 13:29:32,36.59
2019-06-23 13:30:22,36.41999
2019-06-23 13:31:14,36.41999
2019-06-23 13:32:08,35.98
2019-06-23 13:32:28,36.52
2019-06-23 13:33:14,36.95999
2019-06-23 13:33:59,36.73999
2019-06-23 13:34:52,36.73999
2019-06-23 13:35:02,37.34999
2019-06-23 13:35:55,37.2
2019-06-23 13:36:48,37.2
2019-06-23 13:37:39,37.39999
2019-06-23 13:38:32,37.39999
2019-06-23 13:38:46,37.52
2019-06-23 13:39:38,37.52
2019-06-23 13:40:24,38.04999
2019-06-23 13:40:50,37.38999
2019-06-23 13:41:29,37.92999
2019-06-23 13:42:15,37.65999
2019-06-23 13:43:08,37.65999
2019-06-23 13:43:53,37.87999
2019-06-23 13:44:28,37.41999
2019-06-23 13:46:21,37.41999
2019-06-23 13:46:39,36.77999
2019-06-23 13:47:25,37.12
2019-06-23 13:47:54,36.59999
2019-06-23 13:48:20,37.01999
2019-06-23 13:48:59,36.55
2019-06-23 13:49:51,36.55
2019-06-23 13:50:22,36.40999
2019-06-23 13:51:14,36.40999
2019-06-23 13:51:38,36.25999
2019-06-23 13:52:30,36.25999
2019-06-23 13:53:11,36.62999
2019-06-23 13:53:42,36.46999
2019-06-23 13:56:34,36.46999
2019-06-23 13:57:40,36.57999
2019-06-23 13:59:33,36.57999
2019-06-23 14:00:07,36.91
2019-06-23 14:02:00,36.91
2019-06-23 14:02:17,36.75999
2019-06-23 14:02:44,37.34999
2019-06-23 14:03:11,37.03999
2019-06-23 14:05:04,37.03999
2019-06-23 14:05:58,37.39999
2019-06-23 14:06:51,37.08999
2019-06-23 14:13:44,37.08999
2019-06-23 14:13:51,37.26999
2019-06-23 14:20:44,37.26999
2019-06-23 14:21:01,37.13
2019-06-23 14:22:54,37.13
2019-06-23 14:23:31,37.28999
2019-06-23 14:24:24,37.28999
2019-06-23 14:25:09,36.71999
2019-06-23 14:25:46,37.16
2019-06-23 14:26:38,37.16
2019-06-23 14:27:17,37.59999
2019-06-23 14:27:45,37.29999
2019-06-23 14:28:21,37.63999
2019-06-23 14:29:14,37.63999
2019-06-23 14:30:22,37.20999
2019-06-23 14:30:56,37.38999
2019-06-23 14:32:48,37.38999
2019-06-23 14:33:26,37.09999
2019-06-23 14:34:18,37.09999
2019-06-23 14:35:03,37.25999
2019-06-23 14:35:55,37.25999
2019-06-23 14:36:34,37.45999
2019-06-23 14:37:26,37.45999
2019-06-23 14:38:23,37.60999
2019-06-23 14:39:22,36.94999
2019-06-23 14:39:40,37.61999
2019-06-23 14:40:37,37.89999
2019-06-23 14:41:30,37.89999
2019-06-23 14:41:42,38.32999
2019-06-23 14:42:25,38.10999
2019-06-23 14:44:17,38.10999
2019-06-23 14:44:59,37.67999
2019-06-23 14:45:52,37.67999
2019-06-23 14:46:56,37.09999
2019-06-23 14:47:31,37.58999
2019-06-23 14:47:55,37.09999
2019-06-23 14:48:21,37.33999
2019-06-23 14:49:13,37.33999
2019-06-23 14:49:46,37.38999
2019-06-23 14:50:38,37.38999
2019-06-23 14:50:58,37.67999
2019-06-23 14:51:42,37.41999
2019-06-23 14:52:33,37.69999
2019-06-23 14:53:31,37.26999
2019-06-23 14:53:54,37.73999
2019-06-23 14:54:28,37.59999
2019-06-23 14:56:20,37.59999
2019-06-23 14:57:15,38.05999
2019-06-23 14:57:54,37.68999
2019-06-23 14:58:52,38.06998
2019-06-23 14:59:34,38.02999
2019-06-23 15:00:26,38.02999
2019-06-23 15:01:14,37.55999
2019-06-23 15:02:06,37.87
2019-06-23 15:02:36,37.30999
2019-06-23 15:03:29,37.30999
2019-06-23 15:03:44,37.82999
2019-06-23 15:04:15,37.27999
2019-06-23 15:04:40,37.38999
2019-06-23 15:06:34,37.38999
2019-06-23 15:06:44,37.01999
2019-06-23 15:07:36,37.01999
2019-06-23 15:08:28,37.53999
2019-06-23 15:09:08,37.8
2019-06-23 15:09:40,37.96999
2019-06-23 15:10:23,37.56999
2019-06-23 15:11:21,37.84
2019-06-23 15:12:14,37.84
2019-06-23 15:13:17,38.36999
2019-06-23 15:14:09,38.36999
2019-06-23 15:14:24,38.85999
2019-06-23 15:15:16,38.85999
2019-06-23 15:15:35,39.21999
2019-06-23 15:16:27,39.21999
2019-06-23 15:16:44,39.29999
2019-06-23 15:17:37,39.29999
2019-06-23 15:18:21,38.93999
2019-06-23 15:22:14,38.93999
2019-06-23 15:22:26,38.51999
2019-06-23 15:22:48,39.28999
2019-06-23 15:23:09,38.60999
2019-06-23 15:23:27,39.27999
2019-06-23 15:23:47,38.45
2019-06-23 15:24:11,38.85999
2019-06-23 15:25:00,39.01999
2019-06-23 15:25:57,38.75999
2019-06-23 15:27:49,38.75999
2019-06-23 15:28:43,38.46999
2019-06-23 15:29:35,38.46999
2019-06-23 15:29:53,38.20999
2019-06-23 15:30:46,38.20999
2019-06-23 15:30:55,38.49999
2019-06-23 15:31:48,38.49999
2019-06-23 15:32:45,37.93999
2019-06-23 15:33:40,37.96999
2019-06-23 15:36:33,37.96999
2019-06-23 15:37:03,38.39999
2019-06-23 15:38:56,38.39999
2019-06-23 15:39:25,38.17999
2019-06-23 15:39:46,38.48999
2019-06-23 15:40:38,38.48999
2019-06-23 15:40:52,38.91999
2019-06-23 15:41:19,38.53999
2019-06-23 15:43:11,38.53999
2019-06-23 15:44:09,38.23999
2019-06-23 15:45:06,38.58999
2019-06-23 15:45:46,38.21999
2019-06-23 15:46:23,38.28999
2019-06-23 15:48:15,38.28999
2019-06-23 15:48:49,38.48
2019-06-23 15:49:12,38.1
2019-06-23 15:49:42,38.41
2019-06-23 15:50:41,38.24999
2019-06-23 15:53:34,38.24999
2019-06-23 15:53:45,37.88999
2019-06-23 15:54:37,37.88999
2019-06-23 15:54:47,38.45999
2019-06-23 15:55:08,38.28999
2019-06-23 15:56:00,38.28999
2019-06-23 15:56:19,37.95999
2019-06-23 15:56:55,38.16999
2019-06-23 15:58:48,38.16999
2019-06-23 15:59:34,37.94999
2019-06-23 16:00:24,38.27999
2019-06-23 16:01:17,38.27999
2019-06-23 16:01:35,37.88999
2019-06-23 16:02:27,37.88999
2019-06-23 16:03:11,38.17999
2019-06-23 16:03:55,37.96999
2019-06-23 16:04:44,38.35999
2019-06-23 16:05:22,37.52
2019-06-23 16:05:42,37.89999
2019-06-23 16:06:34,38.20999
2019-06-23 16:07:01,37.95999
2019-06-23 16:07:54,37.95999
2019-06-23 16:08:30,37.77
2019-06-23 16:09:23,37.77
2019-06-23 16:09:34,37.34999
2019-06-23 16:10:08,37.71999
2019-06-23 16:10:46,37.26999
2019-06-23 16:11:39,37.30999
2019-06-23 16:12:22,37.63999
2019-06-23 16:13:17,37.32999
2019-06-23 16:15:10,37.32999
2019-06-23 16:16:16,37.18999
2019-06-23 16:17:09,37.18999
2019-06-23 16:17:15,37.37999
2019-06-23 16:17:40,36.84
2019-06-23 16:17:55,37.45999
2019-06-23 16:18:25,37.18999
2019-06-23 16:19:04,37.58999
2019-06-23 16:20:57,37.58999
2019-06-23 16:21:24,37.03999
2019-06-23 16:22:01,37.62999
2019-06-23 16:22:30,37.2
2019-06-23 16:23:23,37.2
2019-06-23 16:24:00,37.57999
2019-06-23 16:24:54,37.13
2019-06-23 16:25:23,37.49
2019-06-23 16:26:16,37.49
2019-06-23 16:26:56,37.84
2019-06-23 16:28:49,37.84
2019-06-23 16:29:00,37.48
2019-06-23 16:29:53,37.94999
2019-06-23 16:30:11,37.52999
2019-06-23 16:30:58,37.23
2019-06-23 16:31:50,37.23
2019-06-23 16:32:17,37.43999
2019-06-23 16:33:10,37.43999
2019-06-23 16:33:54,37.23
2019-06-23 16:34:47,37.23
2019-06-23 16:35:20,37.70999
2019-06-23 16:35:55,37.40999
2019-06-23 16:36:48,37.40999
2019-06-23 16:37:35,37.77999
2019-06-23 16:38:23,37.99999
2019-06-23 16:40:15,37.99999
2019-06-23 16:40:26,37.46999
2019-06-23 16:40:55,37.98999
2019-06-23 16:41:47,37.98999
2019-06-23 16:42:00,38.26999
2019-06-23 16:42:40,37.91999
2019-06-23 16:43:33,37.91999
2019-06-23 16:44:28,37.49
2019-06-23 16:45:17,37.78999
2019-06-23 16:45:35,37.48
2019-06-23 16:46:26,37.14999
2019-06-23 16:48:19,37.14999
2019-06-23 16:49:14,36.88999
2019-06-23 16:50:00,36.42999
2019-06-23 16:50:43,36.77999
2019-06-23 16:51:35,36.77999
2019-06-23 16:51:53,36.50999
2019-06-23 16:52:46,36.50999
2019-06-23 16:53:30,36.28999
2019-06-23 16:54:12,36.45999
2019-06-23 16:55:04,36.45999
2019-06-23 16:55:20,35.98
2019-06-23 16:55:54,36.34999
2019-06-23 16:56:15,35.85999
2019-06-23 16:56:52,36.37999
2019-06-23 16:58:45,36.37999
2019-06-23 16:59:52,36.52999
2019-06-23 17:01:45,36.52999
2019-06-23 17:02:07,36.05999
2019-06-23 17:02:30,36.31999
2019-06-23 17:03:12,36.67999
2019-06-23 17:04:04,36.67999
2019-06-23 17:05:01,36.87999
2019-06-23 17:06:53,36.87999
2019-06-23 17:07:36,37.25999
2019-06-23 17:08:14,37.07999
2019-06-23 17:08:54,37.25999
2019-06-23 17:09:17,37.75999
2019-06-23 17:10:12,37.98999
2019-06-23 17:12:03,37.98999
2019-06-23 17:12:42,38.06998
2019-06-23 17:13:33,37.61999
2019-06-23 17:14:23,37.34999
2019-06-23 17:15:16,37.34999
2019-06-23 17:15:41,36.91999
2019-06-23 17:17:33,36.91999
2019-06-23 17:18:38,36.64999
2019-06-23 17:19:30,36.64999
2019-06-23 17:20:08,37.02999
2019-06-23 17:20:37,36.55
2019-06-23 17:21:29,36.55
2019-06-23 17:21:44,36.97999
2019-06-23 17:22:31,37.30999
2019-06-23 17:24:24,37.30999
2019-06-23 17:25:12,37.50999
2019-06-23 17:25:54,38.13
2019-06-23 17:26:22,37.52999
2019-06-23 17:26:51,37.84999
2019-06-23 17:28:43,37.84999
2019-06-23 17:28:58,38.17999
2019-06-23 17:29:37,38.53999
2019-06-23 17:30:29,38.53999
2019-06-23 17:31:05,39.29999
2019-06-23 17:31:51,39.01999
2019-06-23 17:32:11,39.63999
2019-06-23 17:34:05,39.63999
2019-06-23 17:34:52,39.05
2019-06-23 17:35:13,39.66999
2019-06-23 17:35:53,39.10999
2019-06-23 17:36:26,39.44999
2019-06-23 17:38:19,39.44999
2019-06-23 17:39:13,39.27999
2019-06-23 17:40:05,39.27999
2019-06-23 17:40:48,39.56999
2019-06-23 17:41:24,39.16
2019-06-23 17:42:18,39.16
2019-06-23 17:43:18,38.91999
2019-06-23 17:43:52,38.80999
2019-06-23 17:44:11,38.19999
2019-06-23 17:45:07,37.89999
2019-06-23 17:46:07,38.17999
2019-06-23 17:46:53,37.71999
2019-06-23 17:47:36,38.21999
2019-06-23 17:48:12,38.04999
2019-06-23 17:48:47,37.61999
2019-06-23 17:49:11,37.09999
2019-06-23 17:52:03,37.09999
2019-06-23 17:52:13,37.57999
2019-06-23 17:53:05,37.57999
2019-06-23 17:54:00,38.06998
2019-06-23 17:54:52,38.06998
2019-06-23 17:55:29,38.34999
2019-06-23 17:56:22,38.34999
2019-06-23 17:56:40,37.84
2019-06-23 17:57:07,38.30999
2019-06-23 17:58:59,38.30999
2019-06-23 17:59:31,38.16
2019-06-23 18:00:23,38.16
2019-06-23 18:00:59,37.94999
2019-06-23 18:01:51,37.94999
2019-06-23 18:02:32,38.03999
2019-06-23 18:04:25,38.03999
2019-06-23 18:04:49,38.26999
2019-06-23 18:05:44,37.84
2019-06-23 18:06:33,38.21999
2019-06-23 18:07:03,37.90999
2019-06-23 18:07:56,37.90999
2019-06-23 18:08:53,38.33999
2019-06-23 18:09:29,37.89999
2019-06-23 18:10:14,38.19999
2019-06-23 18:11:07,38.19999
2019-06-23 18:11:30,37.81999
2019-06-23 18:11:56,37.97999
2019-06-23 18:14:47,37.97999
2019-06-23 18:15:00,37.52999
2019-06-23 18:15:25,38.17999
2019-06-23 18:15:55,37.85999
2019-06-23 18:16:26,38.00999
2019-06-23 18:17:26,37.73999
2019-06-23 18:17:49,37.04999
2019-06-23 18:18:15,36.32999
2019-06-23 18:19:08,36.32999
2019-06-23 18:19:35,36.08999
2019-06-23 18:20:33,35.71999
2019-06-23 18:20:53,36.39999
2019-06-23 18:21:46,36.39999
2019-06-23 18:21:55,36.12999
2019-06-23 18:22:16,36.68999
2019-06-23 18:22:39,36.01999
2019-06-23 18:23:39,36.55
2019-06-23 18:26:31,36.55
2019-06-23 18:27:06,36.39999
2019-06-23 18:27:58,36.39999
2019-06-23 18:28:10,36.62
2019-06-23 18:30:03,36.62
2019-06-23 18:30:35,37.13
2019-06-23 18:31:01,36.71999
2019-06-23 18:32:54,36.71999
2019-06-23 18:33:30,37.09999
2019-06-23 18:34:23,37.09999
2019-06-23 18:34:38,37.16999
2019-06-23 18:35:15,37.62999
2019-06-23 18:37:06,37.62999
2019-06-23 18:37:51,37.98999
2019-06-23 18:38:22,38.8
2019-06-23 18:38:39,38.04999
2019-06-23 18:39:09,38.35999
2019-06-23 18:41:01,38.35999
2019-06-23 18:41:44,38.23999
2019-06-23 18:42:35,38.23999
2019-06-23 18:42:52,37.94999
2019-06-23 18:43:41,38.04999
2019-06-23 18:44:33,38.04999
2019-06-23 18:45:30,37.93999
2019-06-23 18:46:21,37.59999
2019-06-23 18:47:03,37.85999
2019-06-23 18:47:49,37.55999
2019-06-23 18:48:42,37.55999
2019-06-23 18:48:51,37.81
2019-06-23 18:49:44,37.81
2019-06-23 18:50:06,38.10999
2019-06-23 18:51:03,37.81
2019-06-23 18:53:56,37.81
2019-06-23 18:54:23,37.2
2019-06-23 18:55:16,37.2
2019-06-23 18:55:34,36.75999
2019-06-23 18:56:27,36.75999
2019-06-23 18:57:28,36.62999
2019-06-23 18:58:05,36.38999
2019-06-23 18:58:42,36.81
2019-06-23 18:59:14,36.33999
2019-06-23 19:01:07,36.33999
2019-06-23 19:01:25,36.45999
2019-06-23 19:01:43,36.78999
2019-06-23 19:02:10,37.16
2019-06-23 19:03:02,37.16
2019-06-23 19:03:11,37.32999
2019-06-23 19:05:03,37.32999
2019-06-23 19:05:48,37.77
2019-06-23 19:06:40,37.77
2019-06-23 19:06:49,38.17999
2019-06-23 19:07:43,38.51999
2019-06-23 19:08:36,38.51999
2019-06-23 19:09:18,38.32999
2019-06-23 19:09:46,38.59999
2019-06-23 19:10:19,39.06
2019-06-23 19:11:12,39.06
2019-06-23 19:11:26,38.87
2019-06-23 19:12:19,38.87
2019-06-23 19:13:23,38.45
2019-06-23 19:14:12,38.89999
2019-06-23 19:14:49,38.39999
2019-06-23 19:15:17,38.57999
2019-06-23 19:16:09,38.57999
2019-06-23 19:16:54,38.36999
2019-06-23 19:17:48,38.53999
2019-06-23 19:18:32,38.25999
2019-06-23 19:20:24,38.25999
2019-06-23 19:21:25,37.84
2019-06-23 19:21:53,37.14999
2019-06-23 19:22:51,36.52
2019-06-23 19:26:43,36.52
2019-06-23 19:27:02,37.05999
2019-06-23 19:28:54,37.05999
2019-06-23 19:29:09,36.84999
2019-06-23 19:29:35,37.09999
2019-06-23 19:30:20,37.16999
2019-06-23 19:30:51,37.53999
2019-06-23 19:31:42,37.53999
2019-06-23 19:31:55,37.8
2019-06-23 19:32:47,37.8
2019-06-23 19:32:55,37.61999
2019-06-23 19:33:52,37.18999
2019-06-23 19:34:18,37.36999
2019-06-23 19:35:10,37.77
2019-06-23 19:35:32,37.41999
2019-06-23 19:36:24,37.41999
2019-06-23 19:36:32,37.75999
2019-06-23 19:37:25,37.75999
2019-06-23 19:38:22,38.42999
2019-06-23 19:40:14,38.42999
2019-06-23 19:40:27,38.59999
2019-06-23 19:41:19,38.59999
2019-06-23 19:41:42,38.31999
2019-06-23 19:44:34,38.31999
2019-06-23 19:45:02,38.06998
2019-06-23 19:45:40,38.43999
2019-06-23 19:46:37,38.28999
2019-06-23 19:47:06,37.62999
2019-06-23 19:47:38,38.07999
2019-06-23 19:50:31,38.07999
2019-06-23 19:50:44,37.97999
2019-06-23 19:51:30,38.03999
2019-06-23 19:53:23,38.03999
2019-06-23 19:53:30,38.19999
2019-06-23 19:54:08,38.55
2019-06-23 19:56:01,38.55
2019-06-23 19:56:36,37.95999
2019-06-23 19:57:29,37.95999
2019-06-23 19:57:38,38.21999
2019-06-23 19:58:31,38.21999
2019-06-23 19:58:40,37.92999
2019-06-23 19:59:26,37.42999
2019-06-23 20:00:18,37.42999
2019-06-23 20:00:34,37.67999
2019-06-23 20:01:27,37.67999
2019-06-23 20:02:17,37.89999
2019-06-23 20:03:16,38.38998
2019-06-23 20:04:03,38.05999
2019-06-23 20:05:55,38.05999
2019-06-23 20:06:13,37.82999
2019-06-23 20:06:40,38.32999
2019-06-23 20:10:32,38.32999
2019-06-23 20:11:19,38.81999
2019-06-23 20:11:39,38.45
2019-06-23 20:12:15,38.71999
2019-06-23 20:14:08,38.71999
2019-06-23 20:14:44,38.38998
2019-06-23 20:15:24,38.59999
2019-06-23 20:20:16,38.59999
2019-06-23 20:20:39,38.42999
2019-06-23 20:21:26,38.62999
2019-06-23 20:22:23,38.78999
2019-06-23 20:24:15,38.78999
2019-06-23 20:24:25,38.61999
2019-06-23 20:26:17,38.61999
2019-06-23 20:27:18,38.23999
2019-06-23 20:27:40,38.75999
2019-06-23 20:28:14,38.35999
2019-06-23 20:29:08,38.63999
2019-06-23 20:29:51,38.21999
2019-06-23 20:30:44,38.21999
2019-06-23 20:31:03,38.38998
2019-06-23 20:31:56,38.38998
2019-06-23 20:32:57,38.31999
2019-06-23 20:37:50,38.31999
2019-06-23 20:38:51,38.77999
2019-06-23 20:39:43,38.77999
2019-06-23 20:40:08,38.24999
2019-06-23 20:40:40,38.49999
2019-06-23 20:41:32,38.49999
2019-06-23 20:42:33,38.71999
2019-06-23 20:45:26,38.71999
2019-06-23 20:45:36,38.58999
2019-06-23 20:48:29,38.58999
2019-06-23 20:48:54,38.81999
2019-06-23 20:50:46,38.81999
2019-06-23 20:51:48,38.98999
2019-06-23 20:52:40,38.98999
2019-06-23 20:53:42,38.77
2019-06-23 20:54:26,39.27999
2019-06-23 20:55:06,38.80999
2019-06-23 20:55:53,38.92999
2019-06-23 20:56:47,38.92999
2019-06-23 20:56:56,38.51999
2019-06-23 20:57:49,38.51999
2019-06-23 20:58:19,37.93999
2019-06-23 20:58:49,38.34999
2019-06-23 20:59:20,37.69999
2019-06-23 21:00:12,37.69999
2019-06-23 21:00:35,37.14999
2019-06-23 21:01:27,37.14999
2019-06-23 21:01:54,36.65999
2019-06-23 21:02:32,36.20999
2019-06-23 21:03:12,36.33999
2019-06-23 21:05:04,36.33999
2019-06-23 21:05:15,36.84999
2019-06-23 21:05:32,36.08999
2019-06-23 21:05:47,36.73999
2019-06-23 21:06:39,36.73999
2019-06-23 21:07:13,36.87
2019-06-23 21:08:06,36.45999
2019-06-23 21:08:27,36.99999
2019-06-23 21:09:19,36.99999
2019-06-23 21:09:34,36.71999
2019-06-23 21:10:26,36.71999
2019-06-23 21:11:21,36.8
2019-06-23 21:11:42,37.12
2019-06-23 21:12:34,37.12
2019-06-23 21:12:52,37.78999
2019-06-23 21:13:44,37.78999
2019-06-23 21:14:04,37.41999
2019-06-23 21:14:46,37.73999
2019-06-23 21:15:43,37.61999
2019-06-23 21:16:36,37.61999
2019-06-23 21:16:55,38.00999
2019-06-23 21:17:16,38.41
2019-06-23 21:18:08,38.41
2019-06-23 21:18:31,38.67999
2019-06-23 21:19:24,38.67999
2019-06-23 21:19:34,38.33999
2019-06-23 21:20:22,38.69999
2019-06-23 21:21:01,38.34999
2019-06-23 21:23:53,38.34999
2019-06-23 21:24:59,37.8
2019-06-23 21:26:51,37.8
2019-06-23 21:27:01,37.69999
2019-06-23 21:27:45,37.41999
2019-06-23 21:28:25,37.26999
2019-06-23 21:29:18,37.26999
2019-06-23 21:29:27,36.75999
2019-06-23 21:30:12,37.06999
2019-06-23 21:31:04,37.06999
2019-06-23 21:31:38,36.52999
2019-06-23 21:32:30,36.52999
2019-06-23 21:32:50,36.91
2019-06-23 21:33:17,37.32999
2019-06-23 21:33:42,37.67999
2019-06-23 21:34:11,38.06998
2019-06-23 21:34:31,37.52999
2019-06-23 21:35:23,37.52999
2019-06-23 21:35:38,37.97999
2019-06-23 21:36:18,37.55999
2019-06-23 21:38:10,37.55999
2019-06-23 21:38:53,38.03999
2019-06-23 21:39:16,37.29999
2019-06-23 21:39:41,37.94999
2019-06-23 21:40:32,37.46999
2019-06-23 21:40:49,37.92999
2019-06-23 21:42:41,37.92999
2019-06-23 21:43:08,38.16
2019-06-23 21:45:00,38.16
2019-06-23 21:45:30,38.19999
2019-06-23 21:47:23,38.19999
2019-06-23 21:47:35,38.03999
2019-06-23 21:49:27,38.03999
2019-06-23 21:49:58,38.24999
2019-06-23 21:52:50,38.24999
2019-06-23 21:53:27,37.75999
2019-06-23 21:54:19,37.75999
2019-06-23 21:54:34,37.26999
2019-06-23 21:55:26,37.26999
2019-06-23 21:55:44,36.87
2019-06-23 21:56:36,36.87
2019-06-23 21:57:41,37.40999
2019-06-23 21:58:31,37.09999
2019-06-23 21:59:22,37.65999
2019-06-23 21:59:39,37.30999
2019-06-23 22:01:31,37.30999
2019-06-23 22:02:07,37.95999
2019-06-23 22:02:30,37.34999
2019-06-23 22:03:22,37.68999
2019-06-23 22:06:14,37.68999
2019-06-23 22:06:33,37.38999
2019-06-23 22:07:22,37.53999
2019-06-23 22:08:14,37.53999
2019-06-23 22:09:14,37.89999
2019-06-23 22:09:48,38.10999
2019-06-23 22:10:22,38.77
2019-06-23 22:11:15,38.77
2019-06-23 22:11:42,39.06
2019-06-23 22:12:36,39.06
2019-06-23 22:12:47,38.94999
2019-06-23 22:16:39,38.94999
2019-06-23 22:17:35,38.59999
2019-06-23 22:19:27,38.59999
2019-06-23 22:19:37,37.99999
2019-06-23 22:20:32,37.71999
2019-06-23 22:21:24,37.71999
2019-06-23 22:21:41,37.13999
2019-06-23 22:23:33,37.13999
2019-06-23 22:24:12,37.41999
2019-06-23 22:24:53,36.91
2019-06-23 22:25:24,37.27999
2019-06-23 22:26:06,37.32999
2019-06-23 22:28:59,37.32999
2019-06-23 22:29:20,37.62999
2019-06-23 22:32:12,37.62999
2019-06-23 22:32:28,37.84999
2019-06-23 22:33:08,38.26999
2019-06-23 22:36:00,38.26999
2019-06-23 22:36:11,38.60999
2019-06-23 22:37:04,38.60999
2019-06-23 22:37:59,38.97999
2019-06-23 22:38:21,38.52999
2019-06-23 22:38:50,39.09
2019-06-23 22:39:43,39.51999
2019-06-23 22:40:23,38.89999
2019-06-23 22:43:16,38.89999
2019-06-23 22:43:31,39.27999
2019-06-23 22:44:29,39.06
2019-06-23 22:45:21,39.06
2019-06-23 22:45:38,39.35999
2019-06-23 22:46:16,38.95999
2019-06-23 22:48:08,38.95999
2019-06-23 22:49:05,38.49999
2019-06-23 22:49:33,38.70999
2019-06-23 22:51:25,38.70999
2019-06-23 22:52:29,38.13
2019-06-23 22:53:21,38.13
2019-06-23 22:54:08,37.87
2019-06-23 22:54:47,37.21999
2019-06-23 22:55:44,37.52999
2019-06-23 22:56:24,37.2
2019-06-23 22:57:16,37.2
2019-06-23 22:57:40,37.42999
2019-06-23 22:58:03,36.91
2019-06-23 22:58:36,37.41999
2019-06-23 22:59:22,37.05999
2019-06-23 22:59:56,37.50999
2019-06-23 23:02:48,37.50999
2019-06-23 23:03:26,37.75999
2019-06-23 23:07:18,37.75999
2019-06-23 23:07:53,37.34999
2019-06-23 23:08:34,37.65999
2019-06-23 23:09:26,37.65999
2019-06-23 23:10:01,38.04999
2019-06-23 23:10:53,38.04999
2019-06-23 23:11:34,38.37999
2019-06-23 23:12:26,38.37999
2019-06-23 23:13:18,38.12
2019-06-23 23:14:15,38.41
2019-06-23 23:15:16,38.07999
2019-06-23 23:15:40,38.43999
2019-06-23 23:16:29,38.07999
2019-06-23 23:16:55,38.45999
2019-06-23 23:17:23,38.22999
2019-06-23 23:20:14,38.22999
2019-06-23 23:20:26,37.68999
2019-06-23 23:21:03,37.87
2019-06-23 23:21:53,37.43999
2019-06-23 23:23:45,37.43999
2019-06-23 23:24:24,37.03999
2019-06-23 23:25:18,37.21999
2019-06-23 23:26:10,37.21999
2019-06-23 23:26:37,36.73999
2019-06-23 23:27:33,37.13
2019-06-23 23:28:25,37.13
2019-06-23 23:28:34,36.70999
2019-06-23 23:29:26,36.70999
2019-06-23 23:29:49,36.39999
2019-06-23 23:31:42,36.39999
2019-06-23 23:32:28,36.81999
2019-06-23 23:33:21,36.81999
2019-06-23 23:34:16,37.13
2019-06-23 23:34:49,37.66999
2019-06-23 23:35:42,37.66999
2019-06-23 23:35:54,38.13
2019-06-23 23:36:46,38.13
2019-06-23 23:37:16,37.73999
2019-06-23 23:37:44,38.39999
2019-06-23 23:39:36,38.39999
2019-06-23 23:39:58,38.90999
2019-06-23 23:41:49,38.90999
2019-06-23 23:42:00,39.19999
2019-06-23 23:42:40,38.89999
2019-06-23 23:43:16,39.25999
2019-06-23 23:43:58,38.80999
2019-06-23 23:44:46,39.13999
2019-06-23 23:45:21,38.30999
2019-06-23 23:45:38,38.97999
2019-06-23 23:46:29,38.97999
2019-06-23 23:46:39,38.53999
2019-06-23 23:47:03,38.74
2019-06-23 23:47:56,38.74
2019-06-23 23:48:21,38.90999
2019-06-23 23:48:53,38.22999
2019-06-23 23:49:08,38.8
2019-06-23 23:50:01,38.8
2019-06-23 23:50:26,38.36999
2019-06-23 23:50:57,38.95999
2019-06-23 23:51:25,38.58999
2019-06-23 23:52:16,38.58999
2019-06-23 23:52:54,38.48
2019-06-23 23:53:46,38.48
2019-06-23 23:54:29,38.73
2019-06-23 23:55:22,38.73
2019-06-23 23:56:22,38.19999
2019-06-23 23:56:48,38.45
2019-06-23 23:57:40,38.45
2019-06-23 23:58:27,38.75999
2019-06-23 23:58:59,38.34999
2019-06-23 23:59:43,38.19999
2019-06-24 00:00:15,38.03999
2019-06-24 00:03:07,38.03999
2019-06-24 00:04:10,37.81
2019-06-24 00:04:35,38.25999
2019-06-24 00:07:28,38.25999
2019-06-24 00:07:41,38.67999
2019-06-24 00:08:33,38.67999
2019-06-24 00:08:43,38.33999
2019-06-24 00:09:35,38.33999
2019-06-24 00:10:04,38.13
2019-06-24 00:10:56,38.13
2019-06-24 00:11:14,38.61999
2019-06-24 00:12:03,38.21999
2019-06-24 00:12:24,38.70999
2019-06-24 00:13:17,38.70999
2019-06-24 00:13:29,38.58999
2019-06-24 00:14:04,38.87999
2019-06-24 00:14:47,38.59999
2019-06-24 00:15:26,39.03999
2019-06-24 00:16:01,38.82999
2019-06-24 00:17:54,38.82999
2019-06-24 00:18:55,38.49999
2019-06-24 00:19:47,38.49999
2019-06-24 00:20:20,38.59999
2019-06-24 00:21:12,38.28999
2019-06-24 00:21:58,37.68999
2019-06-24 00:22:51,37.68999
2019-06-24 00:23:34,37.53999
2019-06-24 00:24:27,37.53999
2019-06-24 00:24:54,37.31999
2019-06-24 00:25:29,37.66999
2019-06-24 00:26:06,37.09999
2019-06-24 00:26:28,37.45999
2019-06-24 00:27:01,36.89999
2019-06-24 00:27:31,37.21999
2019-06-24 00:28:23,37.21999
2019-06-24 00:28:59,37.43999
2019-06-24 00:29:52,37.43999
2019-06-24 00:30:02,38.04999
2019-06-24 00:30:30,37.67999
2019-06-24 00:31:15,37.26999
2019-06-24 00:33:07,37.26999
2019-06-24 00:34:04,37.59999
2019-06-24 00:36:55,37.59999
2019-06-24 00:37:53,37.87999
2019-06-24 00:38:32,38.35999
2019-06-24 00:39:25,38.35999
2019-06-24 00:39:57,38.46999
2019-06-24 00:40:36,38.68999
2019-06-24 00:41:02,39.17999
2019-06-24 00:41:40,39.02999
2019-06-24 00:42:31,39.02999
2019-06-24 00:43:29,39.35999
2019-06-24 00:44:05,39.14999
2019-06-24 00:44:57,39.14999
2019-06-24 00:45:06,39.38
2019-06-24 00:45:26,38.87999
2019-06-24 00:45:49,39.50999
2019-06-24 00:46:41,39.50999
2019-06-24 00:46:55,39.06
2019-06-24 00:47:48,39.06
2019-06-24 00:48:05,38.68999
2019-06-24 00:48:29,39.03999
2019-06-24 00:49:21,39.03999
2019-06-24 00:49:53,38.66999
2019-06-24 00:50:46,38.66999
2019-06-24 00:51:02,38.85999
2019-06-24 00:51:24,38.45
2019-06-24 00:52:17,38.45
2019-06-24 00:52:34,38.03999
2019-06-24 00:53:26,38.03999
2019-06-24 00:53:37,38.23999
2019-06-24 00:54:09,37.91999
2019-06-24 00:55:01,37.91999
2019-06-24 00:55:30,38.56999
2019-06-24 00:57:22,38.56999
2019-06-24 00:57:53,38.88999
2019-06-24 00:59:44,38.88999
2019-06-24 01:00:23,39.07999
2019-06-24 01:02:07,39.07999
2019-06-24 01:02:57,39.45999
2019-06-24 01:03:52,38.93999
2019-06-24 01:04:19,39.37
2019-06-24 01:05:19,39.37
2019-06-24 01:05:36,39.00999
2019-06-24 01:06:00,39.54999
2019-06-24 01:06:25,39.03999
2019-06-24 01:07:04,39.43999
2019-06-24 01:12:04,39.43999
2019-06-24 01:12:41,39.88999
2019-06-24 01:13:15,39.21999
2019-06-24 01:14:15,39.21999
2019-06-24 01:14:17,39.34999
2019-06-24 01:14:52,39.43999
2019-06-24 01:20:52,39.43999
2019-06-24 01:20:54,39.77999
2019-06-24 01:21:17,39.24999
2019-06-24 01:22:13,38.8
2019-06-24 01:23:13,38.8
2019-06-24 01:23:29,38.66999
2019-06-24 01:24:28,38.48
2019-06-24 01:25:29,38.48
2019-06-24 01:26:00,38.78999
2019-06-24 01:26:46,38.58999
2019-06-24 01:27:14,39.02999
2019-06-24 01:27:51,38.45
2019-06-24 01:28:14,39.10999
2019-06-24 01:28:37,38.51999
2019-06-24 01:29:01,39.10999
2019-06-24 01:29:30,38.83999
2019-06-24 01:32:30,38.83999
2019-06-24 01:32:54,39.02999
2019-06-24 01:33:54,39.02999
2019-06-24 01:34:09,39.25999
2019-06-24 01:35:09,39.25999
2019-06-24 01:35:59,39.01999
2019-06-24 01:39:59,39.01999
2019-06-24 01:40:16,39.26999
2019-06-24 01:41:06,39.07999
2019-06-24 01:42:07,39.07999
2019-06-24 01:42:27,38.69999
2019-06-24 01:43:00,39.32999
2019-06-24 01:43:33,38.87
2019-06-24 01:44:33,38.87
2019-06-24 01:44:45,39.00999
2019-06-24 01:47:45,39.00999
2019-06-24 01:48:01,39.80999
2019-06-24 01:48:19,38.74999
2019-06-24 01:50:20,38.74999
2019-06-24 01:51:10,38.52999
2019-06-24 01:56:11,38.52999
2019-06-24 01:56:17,38.84999
2019-06-24 01:57:18,38.84999
2019-06-24 01:58:06,39.38999
2019-06-24 01:58:24,39.13999
2019-06-24 02:01:24,39.42999
2019-06-24 02:01:24,39.13999
2019-06-24 02:02:23,39.03999
2019-06-24 02:02:56,39.73
2019-06-24 02:03:26,39.14999
2019-06-24 02:04:27,39.14999
2019-06-24 02:05:05,39.21999
2019-06-24 02:05:27,38.74999
2019-06-24 02:05:41,39.55999
2019-06-24 02:06:04,39.09
2019-06-24 02:06:27,39.71999
2019-06-24 02:06:47,39.19999
2019-06-24 02:07:47,39.19999
2019-06-24 02:08:35,39.65999
2019-06-24 02:09:07,39.19999
2019-06-24 02:10:08,39.19999
2019-06-24 02:10:56,39.78999
2019-06-24 02:11:14,39.27999
2019-06-24 02:14:14,39.27999
2019-06-24 02:14:47,38.83999
2019-06-24 02:15:12,38.94999
2019-06-24 02:15:52,39.51999
2019-06-24 02:16:27,39.05
2019-06-24 02:17:27,39.05
2019-06-24 02:17:43,39.46999
2019-06-24 02:18:17,39.23999
2019-06-24 02:19:04,38.80999
2019-06-24 02:20:04,38.80999
2019-06-24 02:20:09,38.94999
2019-06-24 02:21:00,38.77999
2019-06-24 02:22:00,38.77999
2019-06-24 02:22:23,38.48
2019-06-24 02:23:24,38.48
2019-06-24 02:24:03,38.42
2019-06-24 02:24:31,37.87
2019-06-24 02:25:17,37.67999
2019-06-24 02:26:18,37.67999
2019-06-24 02:26:52,38.13999
2019-06-24 02:27:23,37.81999
2019-06-24 02:28:13,38.30999
2019-06-24 02:28:53,38.05999
2019-06-24 02:29:54,38.05999
2019-06-24 02:30:13,38.25999
2019-06-24 02:31:13,38.25999
2019-06-24 02:31:31,38.09
2019-06-24 02:32:31,38.09
2019-06-24 02:33:08,38.43999
2019-06-24 02:34:09,38.43999
2019-06-24 02:34:54,38.10999
2019-06-24 02:35:17,38.57999
2019-06-24 02:37:18,38.57999
2019-06-24 02:37:46,39.03999
2019-06-24 02:38:29,38.77999
2019-06-24 02:39:29,38.77999
2019-06-24 02:39:48,39.12
2019-06-24 02:40:48,39.12
2019-06-24 02:41:23,38.77
2019-06-24 02:41:57,39.09
2019-06-24 02:42:58,39.09
2019-06-24 02:43:15,38.64999
2019-06-24 02:44:15,38.64999
2019-06-24 02:44:29,39.06
2019-06-24 02:45:00,38.55
2019-06-24 02:45:34,38.07999
2019-06-24 02:45:57,38.88999
2019-06-24 02:46:22,38.56999
2019-06-24 02:46:41,37.87999
2019-06-24 02:47:12,37.57999
2019-06-24 02:47:51,37.37999
2019-06-24 02:48:52,37.37999
2019-06-24 02:49:12,36.91999
2019-06-24 02:49:34,37.2
2019-06-24 02:50:21,37.49
2019-06-24 02:54:22,37.49
2019-06-24 02:55:18,37.72999
2019-06-24 02:57:18,37.72999
2019-06-24 02:58:10,37.53999
2019-06-24 02:59:10,37.53999
2019-06-24 02:59:10,37.74998
2019-06-24 03:00:10,37.74998
2019-06-24 03:01:06,38.13999
2019-06-24 03:02:06,38.13999
2019-06-24 03:02:55,38.64999
2019-06-24 03:03:13,38.13
2019-06-24 03:03:43,38.16999
2019-06-24 03:04:13,38.42
2019-06-24 03:05:14,38.42
2019-06-24 03:05:31,38.67999
2019-06-24 03:06:31,38.67999
2019-06-24 03:06:43,39.01999
2019-06-24 03:07:17,39.16999
2019-06-24 03:10:17,39.16999
2019-06-24 03:10:27,39.7
2019-06-24 03:10:52,39.23999
2019-06-24 03:11:52,39.23999
2019-06-24 03:12:07,39.48
2019-06-24 03:13:04,39.37
2019-06-24 03:15:04,39.37
2019-06-24 03:15:49,39.21999
2019-06-24 03:16:32,39.64999
2019-06-24 03:17:32,39.64999
2019-06-24 03:17:35,39.32999
2019-06-24 03:18:35,39.32999
2019-06-24 03:18:50,39.66999
2019-06-24 03:19:10,39.16
2019-06-24 03:20:10,39.16
2019-06-24 03:21:05,39.63999
2019-06-24 03:22:05,39.63999
2019-06-24 03:22:49,39.48
2019-06-24 03:23:41,39.28999
2019-06-24 03:29:41,39.28999
2019-06-24 03:29:52,39.90999
2019-06-24 03:30:08,39.46999
2019-06-24 03:33:09,39.46999
2019-06-24 03:34:01,39.71999
2019-06-24 03:35:01,39.71999
2019-06-24 03:35:02,39.37
2019-06-24 03:35:54,39.90999
2019-06-24 03:36:12,39.30999
2019-06-24 03:37:03,39.54999
2019-06-24 03:37:55,39.33999
2019-06-24 03:38:41,39.80999
2019-06-24 03:39:14,39.30999
2019-06-24 03:40:13,39.30999
2019-06-24 03:40:38,39.62999
2019-06-24 03:41:26,39.35999
2019-06-24 03:42:16,39.58999
2019-06-24 03:45:16,39.58999
2019-06-24 03:45:59,39.03999
2019-06-24 03:46:29,39.41999
2019-06-24 03:48:29,39.41999
2019-06-24 03:48:44,38.87
2019-06-24 03:49:03,39.57999
2019-06-24 03:51:03,39.57999
2019-06-24 03:51:44,39.14999
2019-06-24 03:52:17,39.33999
2019-06-24 03:55:17,39.33999
2019-06-24 03:55:59,39.86999
2019-06-24 03:56:48,39.48
2019-06-24 03:57:25,40.00999
2019-06-24 04:00:25,40.00999
2019-06-24 04:00:40,40.25999
2019-06-24 04:01:21,39.88999
2019-06-24 04:02:02,40.00999
2019-06-24 04:03:02,40.00999
2019-06-24 04:03:30,39.56999
2019-06-24 04:05:29,39.56999
2019-06-24 04:06:25,39.27999
2019-06-24 04:06:54,39.74999
2019-06-24 04:07:31,39.37
2019-06-24 04:08:10,39.81999
2019-06-24 04:08:47,39.30999
2019-06-24 04:09:15,39.71999
2019-06-24 04:10:01,39.37
2019-06-24 04:10:43,39.81999
2019-06-24 04:11:43,39.81999
2019-06-24 04:12:08,39.68999
2019-06-24 04:13:05,39.23999
2019-06-24 04:13:44,39.59999
2019-06-24 04:15:44,39.59999
2019-06-24 04:16:01,39.87999
2019-06-24 04:16:33,39.61999
2019-06-24 04:17:19,39.02999
2019-06-24 04:17:46,39.38999
2019-06-24 04:18:45,39.38999
2019-06-24 04:19:30,39.59999
2019-06-24 04:20:30,39.59999
2019-06-24 04:21:07,39.46999
2019-06-24 04:22:06,39.46999
2019-06-24 04:22:07,38.82999
2019-06-24 04:22:28,39.19999
2019-06-24 04:24:29,39.19999
2019-06-24 04:24:52,38.64999
2019-06-24 04:25:07,39.26999
2019-06-24 04:25:55,38.98999
2019-06-24 04:26:21,38.17999
2019-06-24 04:27:08,37.65999
2019-06-24 04:28:03,38.12
2019-06-24 04:28:27,38.75999
2019-06-24 04:29:07,39.12
2019-06-24 04:29:34,38.83999
2019-06-24 04:30:02,38.57999
2019-06-24 04:30:30,38.22999
2019-06-24 04:32:30,38.22999
2019-06-24 04:32:49,38.87
2019-06-24 04:33:08,38.26999
2019-06-24 04:33:37,38.91999
2019-06-24 04:33:56,38.20999
2019-06-24 04:34:20,38.87999
2019-06-24 04:34:38,38.03999
2019-06-24 04:34:56,38.92999
2019-06-24 04:35:23,38.41
2019-06-24 04:36:23,38.41
2019-06-24 04:37:19,38.85999
2019-06-24 04:37:49,38.49999
2019-06-24 04:38:30,38.77999
2019-06-24 04:39:30,38.77999
2019-06-24 04:39:46,39.22999
2019-06-24 04:40:39,38.85999
2019-06-24 04:41:02,39.20999
2019-06-24 04:42:02,39.20999
2019-06-24 04:42:34,39.30999
2019-06-24 04:43:34,39.30999
2019-06-24 04:43:58,39.67999
2019-06-24 04:44:34,39.06999
2019-06-24 04:45:04,39.26999
2019-06-24 04:46:04,39.26999
2019-06-24 04:47:00,39.56999
2019-06-24 04:47:22,38.95999
2019-06-24 04:47:57,39.10999
2019-06-24 04:49:57,39.10999
2019-06-24 04:50:42,39.27999
2019-06-24 04:51:42,39.27999
2019-06-24 04:52:06,39.63999
2019-06-24 04:52:48,39.32999
2019-06-24 04:53:49,39.32999
2019-06-24 04:53:54,39.65999
2019-06-24 04:54:19,39.03999
2019-06-24 04:54:43,39.73
2019-06-24 04:55:18,39.24999
2019-06-24 04:56:10,39.95999
2019-06-24 04:56:36,39.61999
2019-06-24 04:58:37,39.61999
2019-06-24 04:59:03,39.33999
2019-06-24 05:00:02,39.33999
2019-06-24 05:00:49,38.97999
2019-06-24 05:01:17,39.42999
2019-06-24 05:01:43,39.10999
2019-06-24 05:04:44,39.10999
2019-06-24 05:05:31,39.22999
2019-06-24 05:06:27,39.43999
2019-06-24 05:07:26,39.43999
2019-06-24 05:07:38,39.70999
2019-06-24 05:10:39,39.70999
2019-06-24 05:11:06,39.92999
2019-06-24 05:11:44,39.73
2019-06-24 05:14:43,39.73
2019-06-24 05:15:10,39.23999
2019-06-24 05:15:57,39.43999
2019-06-24 05:16:45,39.00999
2019-06-24 05:17:08,39.45999
2019-06-24 05:18:08,39.45999
2019-06-24 05:18:58,39.7
2019-06-24 05:19:57,39.7
2019-06-24 05:20:44,39.17999
2019-06-24 05:21:08,39.42999
2019-06-24 05:25:08,39.42999
2019-06-24 05:25:42,39.85999
2019-06-24 05:26:12,39.37
2019-06-24 05:27:11,39.37
2019-06-24 05:27:19,40.06
2019-06-24 05:27:35,39.68999
2019-06-24 05:28:34,39.68999
2019-06-24 05:29:06,39.44999
2019-06-24 05:29:31,39.97999
2019-06-24 05:30:19,39.51999
2019-06-24 05:30:45,39.92999
2019-06-24 05:31:36,39.55999
2019-06-24 05:32:10,40.06
2019-06-24 05:33:07,39.62999
2019-06-24 05:33:40,40.00999
2019-06-24 05:34:06,39.35999
2019-06-24 05:35:07,39.35999
2019-06-24 05:35:24,39.78999
2019-06-24 05:36:17,39.59999
2019-06-24 05:38:17,39.59999
2019-06-24 05:38:20,40.17999
2019-06-24 05:38:38,39.67999
2019-06-24 05:39:11,39.32999
2019-06-24 05:39:56,39.61999
2019-06-24 05:40:49,39.39999
2019-06-24 05:41:34,39.45999
2019-06-24 05:42:33,39.75999
2019-06-24 05:43:33,39.75999
2019-06-24 05:43:38,39.48
2019-06-24 05:44:36,39.50999
2019-06-24 05:45:13,40.12999
2019-06-24 05:45:41,39.62999
2019-06-24 05:46:42,39.62999
2019-06-24 05:47:02,39.85999
2019-06-24 05:47:49,39.42999
2019-06-24 05:48:49,39.42999
2019-06-24 05:48:54,40.18999
2019-06-24 05:49:11,40.00999
2019-06-24 05:49:57,39.7
2019-06-24 05:50:47,39.55999
2019-06-24 05:51:48,39.55999
2019-06-24 05:51:51,38.85999
2019-06-24 05:52:09,39.34999
2019-06-24 05:53:06,38.83999
2019-06-24 05:53:38,39.03999
2019-06-24 05:54:33,39.23999
2019-06-24 05:55:33,39.23999
2019-06-24 05:55:57,39.43999
2019-06-24 05:56:57,39.43999
2019-06-24 05:57:56,39.92999
2019-06-24 05:58:24,39.37
2019-06-24 05:58:56,39.89999
2019-06-24 05:59:55,39.89999
2019-06-24 06:00:17,39.77
2019-06-24 06:03:17,39.77
2019-06-24 06:03:44,40.09
2019-06-24 06:05:43,40.09
2019-06-24 06:05:54,39.73999
2019-06-24 06:06:54,39.73999
2019-06-24 06:07:31,39.92999
2019-06-24 06:08:31,39.92999
2019-06-24 06:08:40,40.38
2019-06-24 06:09:17,39.85999
2019-06-24 06:09:59,40.02999
2019-06-24 06:11:00,40.02999
2019-06-24 06:11:42,39.7
2019-06-24 06:13:41,39.7
2019-06-24 06:14:03,39.95999
2019-06-24 06:14:43,39.41999
2019-06-24 06:15:12,40.03999
2019-06-24 06:15:38,39.80999
2019-06-24 06:16:06,39.19999
2019-06-24 06:16:28,39.73999
2019-06-24 06:17:00,39.41999
2019-06-24 06:17:29,39.60999
2019-06-24 06:18:29,39.60999
2019-06-24 06:18:48,38.99998
2019-06-24 06:19:48,39.28999
2019-06-24 06:19:49,38.99998
2019-06-24 06:20:43,39.19999
2019-06-24 06:21:44,39.19999
2019-06-24 06:22:00,38.8
2019-06-24 06:22:51,38.91999
2019-06-24 06:23:52,38.91999
2019-06-24 06:24:10,39.38999
2019-06-24 06:25:09,39.38999
2019-06-24 06:26:03,39.73999
2019-06-24 06:27:04,39.73999
2019-06-24 06:28:04,40.34999
2019-06-24 06:28:21,39.48999
2019-06-24 06:29:22,39.48999
2019-06-24 06:30:10,39.03999
2019-06-24 06:31:10,39.03999
2019-06-24 06:31:24,39.44999
2019-06-24 06:32:18,39.23999
2019-06-24 06:33:19,39.00999
2019-06-24 06:34:19,39.00999
2019-06-24 06:34:37,39.49999
2019-06-24 06:35:10,39.12999
2019-06-24 06:36:04,39.35999
2019-06-24 06:36:46,39.56999
2019-06-24 06:38:47,39.56999
2019-06-24 06:39:08,39.14999
2019-06-24 06:40:08,39.14999
2019-06-24 06:40:13,38.50999
2019-06-24 06:41:12,38.50999
2019-06-24 06:41:20,38.20999
2019-06-24 06:42:20,38.20999
2019-06-24 06:42:29,37.95999
2019-06-24 06:42:52,38.25999
2019-06-24 06:43:47,37.84999
2019-06-24 06:44:46,38.30999
2019-06-24 06:45:24,37.77
2019-06-24 06:46:24,37.77
2019-06-24 06:46:37,38.00999
2019-06-24 06:49:37,38.00999
2019-06-24 06:50:32,37.55
2019-06-24 06:51:32,37.55
2019-06-24 06:51:41,38.02999
2019-06-24 06:52:41,38.02999
2019-06-24 06:52:42,37.58999
2019-06-24 06:53:12,37.98999
2019-06-24 06:55:13,37.98999
2019-06-24 06:55:35,38.28999
2019-06-24 06:55:54,37.57999
2019-06-24 06:56:21,36.70999
2019-06-24 06:57:21,36.70999
2019-06-24 06:57:25,36.06999
2019-06-24 06:58:24,35.35999
2019-06-24 06:58:52,35.73999
2019-06-24 06:59:52,35.73999
2019-06-24 07:00:21,35.05999
2019-06-24 07:00:41,35.64999
2019-06-24 07:01:03,35.27999
2019-06-24 07:02:03,35.27999
2019-06-24 07:02:07,34.63999
2019-06-24 07:02:30,35.05999
2019-06-24 07:03:30,35.05999
2019-06-24 07:04:10,34.53999
2019-06-24 07:04:27,34.99999
2019-06-24 07:04:57,34.34999
2019-06-24 07:05:57,34.83999
2019-06-24 07:06:18,34.28999
2019-06-24 07:06:49,34.79999
2019-06-24 07:08:50,34.79999
2019-06-24 07:09:13,34.64999
2019-06-24 07:10:13,34.64999
2019-06-24 07:10:39,34.83999
2019-06-24 07:11:36,34.3
2019-06-24 07:12:11,33.68999
2019-06-24 07:12:56,33.41999
2019-06-24 07:13:56,33.41999
2019-06-24 07:14:13,33.12999
2019-06-24 07:15:13,33.12999
2019-06-24 07:16:11,32.92999
2019-06-24 07:16:25,33.70999
2019-06-24 07:18:25,33.70999
2019-06-24 07:18:50,34.07999
2019-06-24 07:23:50,34.07999
2019-06-24 07:24:15,33.74999
2019-06-24 07:25:05,33.10999
2019-06-24 07:25:53,33.77999
2019-06-24 07:26:27,33.41
2019-06-24 07:26:53,34.00999
2019-06-24 07:27:52,34.00999
2019-06-24 07:27:53,33.64999
2019-06-24 07:28:31,34.39999
2019-06-24 07:28:48,33.37999
2019-06-24 07:30:48,33.37999
2019-06-24 07:30:54,32.66
2019-06-24 07:31:55,32.66
2019-06-24 07:31:56,32.14999
2019-06-24 07:33:56,32.14999
2019-06-24 07:34:52,32.75999
2019-06-24 07:35:52,32.75999
2019-06-24 07:35:57,33.03999
2019-06-24 07:36:51,32.64999
2019-06-24 07:37:20,32.93999
2019-06-24 07:38:10,33.51999
2019-06-24 07:38:29,32.81999
2019-06-24 07:39:03,32.92999
2019-06-24 07:41:03,32.92999
2019-06-24 07:42:02,33.50999
2019-06-24 07:42:49,33.70999
2019-06-24 07:43:49,33.70999
2019-06-24 07:44:16,33.42999
2019-06-24 07:45:15,33.17999
2019-06-24 07:46:15,33.17999
2019-06-24 07:46:18,32.80999
2019-06-24 07:47:12,33.02
2019-06-24 07:48:11,32.86999
2019-06-24 07:49:03,32.16999
2019-06-24 07:49:22,33.12
2019-06-24 07:49:47,32.55999
2019-06-24 07:51:47,32.55999
2019-06-24 07:52:12,32.91999
2019-06-24 07:52:51,32.52999
2019-06-24 07:53:30,32.7
2019-06-24 07:54:25,33.14999
2019-06-24 07:54:53,32.47999
2019-06-24 07:55:15,33.02999
2019-06-24 07:55:54,32.62999
2019-06-24 07:56:28,33.08999
2019-06-24 07:56:57,32.55999
2019-06-24 07:57:20,33.25999
2019-06-24 07:58:20,33.25999
2019-06-24 07:58:35,32.74999
2019-06-24 07:59:13,33.24998
2019-06-24 08:00:13,33.24998
2019-06-24 08:00:16,32.96
2019-06-24 08:01:16,32.96
2019-06-24 08:01:48,32.73
2019-06-24 08:03:48,32.73
2019-06-24 08:04:10,33.43999
2019-06-24 08:05:10,33.43999
2019-06-24 08:05:22,32.84999
2019-06-24 08:06:21,32.84999
2019-06-24 08:06:23,33.50999
2019-06-24 08:07:23,33.50999
2019-06-24 08:07:52,34.40999
2019-06-24 08:08:12,34.02999
2019-06-24 08:08:49,33.57999
2019-06-24 08:09:49,33.57999
2019-06-24 08:09:52,33.73999
2019-06-24 08:10:16,33.44999
2019-06-24 08:11:16,33.44999
2019-06-24 08:11:17,33.63999
2019-06-24 08:11:40,32.93999
2019-06-24 08:12:14,33.37999
2019-06-24 08:12:58,33.06999
2019-06-24 08:13:59,33.06999
2019-06-24 08:14:47,32.84999
2019-06-24 08:15:33,33.08999
2019-06-24 08:16:33,33.08999
2019-06-24 08:16:43,32.51999
2019-06-24 08:17:38,32.93999
2019-06-24 08:18:38,32.93999
2019-06-24 08:18:45,32.59999
2019-06-24 08:19:08,32.99999
2019-06-24 08:20:08,33.14999
2019-06-24 08:21:08,33.14999
2019-06-24 08:21:41,33.68999
2019-06-24 08:22:42,33.68999
2019-06-24 08:23:28,34.06999
2019-06-24 08:23:56,34.00999
2019-06-24 08:24:56,34.00999
2019-06-24 08:25:12,34.34
2019-06-24 08:26:11,34.34
2019-06-24 08:26:40,34.69999
2019-06-24 08:27:19,33.98
2019-06-24 08:27:36,34.64999
2019-06-24 08:28:36,34.64999
2019-06-24 08:28:53,34.42999
2019-06-24 08:29:37,34.70999
2019-06-24 08:30:38,34.70999
2019-06-24 08:30:58,34.46999
2019-06-24 08:31:25,34.88
2019-06-24 08:32:10,35.37999
2019-06-24 08:33:10,35.37999
2019-06-24 08:33:31,35.80999
2019-06-24 08:34:14,35.65999
2019-06-24 08:34:46,36.04999
2019-06-24 08:35:46,36.04999
2019-06-24 08:36:25,35.94999
2019-06-24 08:37:25,35.94999
2019-06-24 08:38:17,35.45999
2019-06-24 08:40:17,35.45999
2019-06-24 08:41:00,35.81998
2019-06-24 08:42:00,35.81998
2019-06-24 08:42:37,35.40999
2019-06-24 08:42:58,35.89999
2019-06-24 08:43:39,36.21999
2019-06-24 08:45:39,36.21999
2019-06-24 08:45:49,36.01999
2019-06-24 08:46:11,35.42999
2019-06-24 08:46:41,35.81998
2019-06-24 08:47:34,35.37999
2019-06-24 08:49:33,35.37999
2019-06-24 08:49:34,35.10999
2019-06-24 08:50:35,35.10999
2019-06-24 08:50:58,34.79999
2019-06-24 08:51:59,34.79999
2019-06-24 08:52:02,35.12999
2019-06-24 08:52:42,34.64999
2019-06-24 08:53:42,34.64999
2019-06-24 08:54:13,35.00999
2019-06-24 08:54:35,34.59999
2019-06-24 08:56:36,34.59999
2019-06-24 08:57:08,34.75999
2019-06-24 08:57:35,34.56999
2019-06-24 08:58:36,34.56999
2019-06-24 08:59:13,34.39999
2019-06-24 09:00:13,34.39999
2019-06-24 09:00:35,34.63999
2019-06-24 09:01:03,34.09999
2019-06-24 09:01:21,34.41999
2019-06-24 09:01:50,35.12999
2019-06-24 09:02:27,34.78999
2019-06-24 09:03:08,35.05999
2019-06-24 09:05:08,35.05999
2019-06-24 09:05:58,35.33999
2019-06-24 09:07:57,35.33999
2019-06-24 09:08:18,35.74999
2019-06-24 09:09:17,35.74999
2019-06-24 09:09:32,36.08999
2019-06-24 09:10:32,36.08999
2019-06-24 09:11:21,36.65999
2019-06-24 09:12:05,36.25999
2019-06-24 09:12:47,36.59
2019-06-24 09:15:48,36.59
2019-06-24 09:15:58,36.81999
2019-06-24 09:16:50,36.62
2019-06-24 09:17:16,36.33999
2019-06-24 09:17:52,35.77999
2019-06-24 09:18:50,36.08999
2019-06-24 09:19:15,35.41999
2019-06-24 09:20:07,34.92
2019-06-24 09:21:07,34.92
2019-06-24 09:21:14,34.10999
2019-06-24 09:21:50,34.42999
2019-06-24 09:22:15,33.69999
2019-06-24 09:23:15,33.69999
2019-06-24 09:23:55,34.3
2019-06-24 09:24:20,33.79999
2019-06-24 09:25:20,33.79999
2019-06-24 09:25:23,33.96999
2019-06-24 09:28:23,33.96999
2019-06-24 09:29:05,33.80999
2019-06-24 09:29:51,33.92999
2019-06-24 09:31:52,33.92999
2019-06-24 09:31:55,33.80999
2019-06-24 09:34:55,33.80999
2019-06-24 09:34:56,34.17999
2019-06-24 09:35:19,33.80999
2019-06-24 09:36:20,33.80999
2019-06-24 09:36:34,34.35999
2019-06-24 09:37:18,34.20999
2019-06-24 09:38:05,34.66999
2019-06-24 09:39:05,34.66999
2019-06-24 09:39:30,34.83999
2019-06-24 09:40:15,35.12999
2019-06-24 09:40:41,34.81999
2019-06-24 09:41:34,35.3
2019-06-24 09:42:23,34.92999
2019-06-24 09:42:51,35.24
2019-06-24 09:43:50,35.24
2019-06-24 09:43:58,34.66999
2019-06-24 09:44:19,35.33999
2019-06-24 09:44:38,34.92999
2019-06-24 09:45:31,34.56999
2019-06-24 09:46:32,34.56999
2019-06-24 09:46:50,34.79999
2019-06-24 09:47:50,34.79999
2019-06-24 09:48:49,34.11999
2019-06-24 09:49:06,34.95999
2019-06-24 09:49:37,34.37
2019-06-24 09:50:37,34.78999
2019-06-24 09:51:16,34.15999
2019-06-24 09:51:43,34.66999
2019-06-24 09:52:36,34.42999
2019-06-24 09:53:05,34.96999
2019-06-24 09:53:32,34.37
2019-06-24 09:54:12,34.83999
2019-06-24 09:54:40,34.24
2019-06-24 09:55:22,34.77999
2019-06-24 09:55:52,34.27
2019-06-24 09:56:29,34.66
2019-06-24 09:58:30,34.66
2019-06-24 09:59:08,34.83999
2019-06-24 09:59:28,34.17999
2019-06-24 10:00:01,34.43999
2019-06-24 10:02:02,34.43999
2019-06-24 10:02:09,33.96999
2019-06-24 10:03:09,33.96999
2019-06-24 10:03:28,34.37999
2019-06-24 10:04:28,34.37999
2019-06-24 10:05:09,34.73999
2019-06-24 10:09:08,34.73999
2019-06-24 10:09:32,34.84999
2019-06-24 10:10:32,34.84999
2019-06-24 10:10:42,34.74999
2019-06-24 10:12:41,34.74999
2019-06-24 10:13:21,34.41999
2019-06-24 10:14:12,34.63999
2019-06-24 10:14:36,34.05
2019-06-24 10:15:36,34.05
2019-06-24 10:16:07,34.66
2019-06-24 10:17:00,34.08999
2019-06-24 10:17:59,34.08999
2019-06-24 10:18:25,33.73
2019-06-24 10:19:07,34.34999
2019-06-24 10:19:30,33.98999
2019-06-24 10:20:25,33.49999
2019-06-24 10:20:56,33.69999
2019-06-24 10:21:31,34.38999
2019-06-24 10:21:53,33.51999
2019-06-24 10:22:44,34.09999
2019-06-24 10:23:38,34.30999
2019-06-24 10:24:39,34.30999
2019-06-24 10:24:47,34.15999
2019-06-24 10:26:46,34.15999
2019-06-24 10:26:56,34.02
2019-06-24 10:29:56,34.02
2019-06-24 10:30:21,33.31
2019-06-24 10:30:36,34.17999
2019-06-24 10:31:02,33.51999
2019-06-24 10:31:48,33.85999
2019-06-24 10:32:21,33.34999
2019-06-24 10:33:21,33.34999
2019-06-24 10:33:34,33.05
2019-06-24 10:38:35,33.05
2019-06-24 10:38:37,32.7
2019-06-24 10:39:37,32.7
2019-06-24 10:39:42,33.31999
2019-06-24 10:40:12,33.02
2019-06-24 10:40:44,33.6
2019-06-24 10:41:25,33.00999
2019-06-24 10:41:51,33.37
2019-06-24 10:42:51,33.37
2019-06-24 10:42:58,32.91999
2019-06-24 10:43:23,33.66999
2019-06-24 10:44:03,33.3
2019-06-24 10:45:02,33.3
2019-06-24 10:45:20,33.45999
2019-06-24 10:46:06,33.77999
2019-06-24 10:46:28,34.03999
2019-06-24 10:47:00,34.79999
2019-06-24 10:47:30,34.50999
2019-06-24 10:47:57,34.02999
2019-06-24 10:48:26,34.74999
2019-06-24 10:48:47,34.16999
2019-06-24 10:49:10,34.82999
2019-06-24 10:49:29,34.67999
2019-06-24 10:50:03,34.07999
2019-06-24 10:50:54,34.32999
2019-06-24 10:51:54,34.69999
2019-06-24 10:52:37,34.48999
2019-06-24 10:53:28,34.56
2019-06-24 10:54:28,34.56
2019-06-24 10:54:46,34.99999
2019-06-24 10:55:03,34.52999
2019-06-24 10:55:35,34.88
2019-06-24 10:56:35,34.88
2019-06-24 10:57:25,35.27999
2019-06-24 10:58:24,35.27999
2019-06-24 10:58:37,35.09999
2019-06-24 10:59:36,35.09999
2019-06-24 11:00:08,34.82999
2019-06-24 11:01:08,34.82999
2019-06-24 11:01:15,34.21999
2019-06-24 11:01:49,34.56
2019-06-24 11:03:48,34.56
2019-06-24 11:04:47,34.10999
2019-06-24 11:05:21,34.66999
2019-06-24 11:05:44,34.10999
2019-06-24 11:06:25,34.54999
2019-06-24 11:07:24,34.54999
2019-06-24 11:07:59,34.34999
2019-06-24 11:08:42,34.24
2019-06-24 11:12:42,34.24
2019-06-24 11:13:26,34.05999
2019-06-24 11:14:10,34.28999
2019-06-24 11:16:10,34.28999
2019-06-24 11:16:14,33.96999
2019-06-24 11:16:40,34.20999
2019-06-24 11:17:39,34.20999
2019-06-24 11:17:50,34.52999
2019-06-24 11:18:51,34.52999
2019-06-24 11:19:17,34.44999
2019-06-24 11:20:15,34.18999
2019-06-24 11:20:38,34.60999
2019-06-24 11:21:16,34.34
2019-06-24 11:22:01,34.69999
2019-06-24 11:22:36,34.31999
2019-06-24 11:23:05,34.50999
2019-06-24 11:26:05,34.50999
2019-06-24 11:26:16,34.16999
2019-06-24 11:26:54,33.66999
2019-06-24 11:27:54,33.66999
2019-06-24 11:27:58,33.92999
2019-06-24 11:28:48,33.71999
2019-06-24 11:31:48,33.71999
2019-06-24 11:32:38,33.88999
2019-06-24 11:33:27,34.34
2019-06-24 11:34:00,33.86999
2019-06-24 11:34:38,34.15999
2019-06-24 11:35:23,34.47999
2019-06-24 11:36:01,34.06999
2019-06-24 11:37:02,34.40999
2019-06-24 11:37:24,34.08999
2019-06-24 11:39:24,34.08999
2019-06-24 11:40:06,33.92
2019-06-24 11:40:31,33.48999
2019-06-24 11:41:31,33.48999
2019-06-24 11:41:48,33.07999
2019-06-24 11:42:48,33.07999
2019-06-24 11:43:27,32.80999
2019-06-24 11:44:08,32.43999
2019-06-24 11:44:46,32.85999
2019-06-24 11:45:45,32.85999
2019-06-24 11:46:14,33.28
2019-06-24 11:46:53,32.88999
2019-06-24 11:47:14,33.38999
2019-06-24 11:50:14,33.38999
2019-06-24 11:50:36,33.48999
2019-06-24 11:53:35,33.48999
2019-06-24 11:54:14,33.15999
2019-06-24 11:54:45,33.37
2019-06-24 11:55:45,33.37
2019-06-24 11:56:37,33.64999
2019-06-24 11:57:37,33.64999
2019-06-24 11:58:37,33.35999
2019-06-24 12:00:36,33.35999
2019-06-24 12:00:48,33.02999
2019-06-24 12:01:24,33.35999
2019-06-24 12:02:16,32.94999
2019-06-24 12:02:46,33.31999
2019-06-24 12:03:46,33.31999
2019-06-24 12:04:12,33.08999
2019-06-24 12:05:11,33.08999
2019-06-24 12:05:41,33.42999
2019-06-24 12:08:42,33.42999
2019-06-24 12:09:14,32.88999
2019-06-24 12:09:33,33.31999
2019-06-24 12:10:06,32.99
2019-06-24 12:11:06,32.99
2019-06-24 12:11:17,33.09999
2019-06-24 12:11:41,33.68999
2019-06-24 12:13:40,33.68999
2019-06-24 12:14:02,34.02
2019-06-24 12:15:02,34.02
2019-06-24 12:15:42,33.62
2019-06-24 12:18:41,33.62
2019-06-24 12:19:03,33.43999
2019-06-24 12:22:02,33.43999
2019-06-24 12:22:11,33.18999
2019-06-24 12:22:50,33.43999
2019-06-24 12:23:51,33.43999
2019-06-24 12:24:09,32.91999
2019-06-24 12:24:36,32.16999
2019-06-24 12:25:23,31.60999
2019-06-24 12:27:23,31.60999
2019-06-24 12:27:52,31.22999
2019-06-24 12:28:14,31.58999
2019-06-24 12:28:52,32.25999
2019-06-24 12:29:39,31.62999
2019-06-24 12:30:19,32.20999
2019-06-24 12:30:46,31.68
2019-06-24 12:31:04,32.00999
2019-06-24 12:32:03,32.00999
2019-06-24 12:32:48,32.16999
2019-06-24 12:33:48,32.16999
2019-06-24 12:33:59,32.49999
2019-06-24 12:35:00,32.49999
2019-06-24 12:35:42,32.03999
2019-06-24 12:35:56,32.45999
2019-06-24 12:36:34,32.78999
2019-06-24 12:38:34,32.78999
2019-06-24 12:39:22,32.42999
2019-06-24 12:39:38,33.05
2019-06-24 12:40:38,33.05
2019-06-24 12:40:40,32.76999
2019-06-24 12:41:40,32.76999
2019-06-24 12:42:05,32.82999
2019-06-24 12:42:44,33.39999
2019-06-24 12:43:14,33.03999
2019-06-24 12:43:39,33.73999
2019-06-24 12:44:31,33.43999
2019-06-24 12:45:11,33.79999
2019-06-24 12:48:11,33.79999
2019-06-24 12:48:30,33.23999
2019-06-24 12:48:54,33.47999
2019-06-24 12:49:50,32.90999
2019-06-24 12:50:19,33.37
2019-06-24 12:51:11,32.78999
2019-06-24 12:53:10,32.78999
2019-06-24 12:53:51,33.00999
2019-06-24 12:54:31,33.24998
2019-06-24 12:55:14,33.70999
2019-06-24 12:55:41,33.39999
2019-06-24 12:56:31,33.81999
2019-06-24 12:59:31,33.81999
2019-06-24 12:59:40,33.22999
2019-06-24 13:00:23,33.39999
2019-06-24 13:01:23,33.39999
2019-06-24 13:01:28,33.12
2019-06-24 13:02:24,32.75999
2019-06-24 13:02:54,32.25999
2019-06-24 13:03:26,31.7
2019-06-24 13:04:25,31.7
2019-06-24 13:04:53,31.39
2019-06-24 13:05:52,31.39
2019-06-24 13:06:31,31.83999
2019-06-24 13:07:00,31.48
2019-06-24 13:08:00,31.48
2019-06-24 13:08:36,31.69
2019-06-24 13:09:36,31.69
2019-06-24 13:09:45,32.02999
2019-06-24 13:10:45,32.51999
2019-06-24 13:11:09,32.38999
2019-06-24 13:12:10,32.38999
2019-06-24 13:12:28,31.81999
2019-06-24 13:12:49,32.79999
2019-06-24 13:13:09,32.30999
2019-06-24 13:15:09,32.30999
2019-06-24 13:15:18,32.74999
2019-06-24 13:17:17,32.74999
2019-06-24 13:17:39,32.91999
2019-06-24 13:18:10,33.24998
2019-06-24 13:18:44,33.77999
2019-06-24 13:19:16,33.43999
2019-06-24 13:20:16,33.43999
2019-06-24 13:21:12,33.98
2019-06-24 13:22:01,33.48999
2019-06-24 13:23:01,33.48999
2019-06-24 13:23:19,39.91999
2019-06-24 13:23:20,59.17999
2019-06-24 13:23:21,64.41998
2019-06-24 13:23:23,57.32999
2019-06-24 13:23:24,49.71999
2019-06-24 13:23:25,47.65999
2019-06-24 13:23:26,45.65999
2019-06-24 13:23:27,40.81999
2019-06-24 13:23:30,36.24999
2019-06-24 13:23:33,33.60999
2019-06-24 13:23:34,35.85
2019-06-24 13:23:35,33.66999
2019-06-24 13:23:36,30.73
2019-06-24 13:23:36,28.39999
2019-06-24 13:23:38,23.75999
2019-06-24 13:23:41,18.93
2019-06-24 13:23:42,13.8
2019-06-24 13:23:45,11.78
2019-06-24 13:23:46,9.729998
2019-06-24 13:23:47,7.609999
2019-06-24 13:23:48,9.899998
2019-06-24 13:23:53,5.779999
2019-06-24 13:23:56,3.749999
2019-06-24 13:23:59,5.849999
2019-06-24 13:24:03,3.84
2019-06-24 13:24:12,2.669999
2019-06-24 13:24:16,5.379999
2019-06-24 13:24:19,3.269999
2019-06-24 13:24:25,1.23
2019-06-24 13:24:51,2.32
2019-06-24 13:25:30,4.599999
2019-06-24 13:25:31,7.029998
2019-06-24 13:25:33,4.789999
2019-06-24 13:25:37,2.77
2019-06-24 13:25:55,2.329999
2019-06-24 13:26:04,4.369999
2019-06-24 13:26:10,9.819998
2019-06-24 13:26:11,12.33
2019-06-24 13:26:12,9.869999
2019-06-24 13:26:13,7.369999
2019-06-24 13:26:14,4.859999
2019-06-24 13:26:16,2.84
2019-06-24 13:26:22,0.9299999
2019-06-24 13:28:21,0.9299999
2019-06-24 13:28:43,0.8099999
2019-06-24 13:29:42,0.8099999
2019-06-24 13:29:55,2.12
2019-06-24 13:30:34,2.72
2019-06-24 13:30:40,3.69
2019-06-24 13:30:56,5.809999
2019-06-24 13:31:00,7.809999
2019-06-24 13:31:05,5.799998
2019-06-24 13:31:09,3.77
2019-06-24 13:31:13,5.809999
2019-06-24 13:31:15,8.359999
2019-06-24 13:31:22,5.889998
2019-06-24 13:31:25,8.279999
2019-06-24 13:31:33,9.149998
2019-06-24 13:31:39,11.7
2019-06-24 13:31:48,13.9
2019-06-24 13:32:01,15.96
2019-06-24 13:32:07,17.98
2019-06-24 13:32:11,20.06
2019-06-24 13:32:17,21.72999
2019-06-24 13:32:25,23.56999
2019-06-24 13:32:41,25.65
2019-06-24 13:32:47,26.66
2019-06-24 13:32:54,28.66999
2019-06-24 13:33:00,30.16999
2019-06-24 13:33:06,32.19999
2019-06-24 13:33:14,30.14
2019-06-24 13:33:32,31.82999
2019-06-24 13:33:39,33.83999
2019-06-24 13:33:49,35.56
2019-06-24 13:33:53,37.56999
2019-06-24 13:34:09,39.56999
2019-06-24 13:34:21,41.24998
2019-06-24 13:34:28,43.27998
2019-06-24 13:34:50,45.40998
2019-06-24 13:35:04,47.20998
2019-06-24 13:35:17,48.77999
2019-06-24 13:35:36,50.06999
2019-06-24 13:35:52,51.2
2019-06-24 13:36:12,53.21999
2019-06-24 13:36:22,54.95998
2019-06-24 13:36:29,52.93999
2019-06-24 13:36:35,54.99998
2019-06-24 13:37:05,56.81998
2019-06-24 13:37:24,57.58998
2019-06-24 13:37:34,58.44999
2019-06-24 13:37:43,59.32999
2019-06-24 13:38:00,61.35998
2019-06-24 13:38:19,63.21999
2019-06-24 13:38:57,65.02998
2019-06-24 13:38:59,62.93999
2019-06-24 13:39:05,64.98997
2019-06-24 13:39:41,66.57999
2019-06-24 13:39:50,65.48999
2019-06-24 13:40:02,66.63998
2019-06-24 13:40:26,67.04997
2019-06-24 13:40:41,67.61998
2019-06-24 13:40:58,65.81998
2019-06-24 13:41:10,67.42999
2019-06-24 13:41:37,66.74998
2019-06-24 13:41:45,67.95999
2019-06-24 13:42:00,67.23
2019-06-24 13:42:27,67.92999
2019-06-24 13:42:48,68.35999
2019-06-24 13:43:25,66.32999
2019-06-24 13:44:00,67.73997
2019-06-24 13:44:17,67.25999
2019-06-24 13:44:27,68.40997
2019-06-24 13:45:28,68.40997
2019-06-24 13:46:01,67.10997
2019-06-24 13:46:15,67.41998
2019-06-24 13:46:30,68.90997
2019-06-24 13:47:09,68.35999
2019-06-24 13:47:55,67.29999
2019-06-24 13:48:49,67.70998
2019-06-24 13:49:28,67.38998
2019-06-24 13:50:22,65.62999
2019-06-24 13:50:37,66.59
2019-06-24 13:51:06,67.18997
2019-06-24 13:51:18,66.49997
2019-06-24 13:51:43,67.23999
2019-06-24 13:52:21,66.45998
2019-06-24 13:52:34,65.27998
2019-06-24 13:52:53,66.23999
2019-06-24 13:53:00,64.30998
2019-06-24 13:53:06,66.39998
2019-06-24 13:53:17,64.32999
2019-06-24 13:53:26,66.26999
2019-06-24 13:53:43,65.31
2019-06-24 13:54:01,67.17998
2019-06-24 13:54:06,65.09998
2019-06-24 13:54:19,65.56998
2019-06-24 13:54:27,66.38998
2019-06-24 13:54:52,64.95998
2019-06-24 13:55:11,65.37
2019-06-24 13:55:39,67.14998
2019-06-24 13:55:46,65.05998
2019-06-24 13:56:46,65.05998
2019-06-24 13:56:58,63.78999
2019-06-24 13:57:15,65.89998
2019-06-24 13:57:20,63.85999
2019-06-24 13:57:39,64.65999
2019-06-24 13:57:45,62.32999
2019-06-24 13:58:00,63.49999
2019-06-24 13:58:27,61.75999
2019-06-24 13:58:39,62.10999
2019-06-24 13:59:08,64.32999
2019-06-24 13:59:24,62.83999
2019-06-24 13:59:34,60.82999
2019-06-24 13:59:44,62.86999
2019-06-24 13:59:55,60.8
2019-06-24 14:00:04,62.84999
2019-06-24 14:00:07,60.78998
2019-06-24 14:00:32,58.82998
2019-06-24 14:00:37,60.84
2019-06-24 14:00:41,58.82998
2019-06-24 14:00:45,60.85999
2019-06-24 14:00:50,58.78998
2019-06-24 14:00:57,60.81
2019-06-24 14:01:05,58.77998
2019-06-24 14:01:16,60.2
2019-06-24 14:01:20,57.89999
2019-06-24 14:01:34,56.46999
2019-06-24 14:01:57,54.36998
2019-06-24 14:02:06,56.06998
2019-06-24 14:02:20,57.98998
2019-06-24 14:02:27,55.94999
2019-06-24 14:02:31,53.87999
2019-06-24 14:02:38,55.48998
2019-06-24 14:02:48,57.49998
2019-06-24 14:02:59,55.43999
2019-06-24 14:03:04,53.40999
2019-06-24 14:03:11,51.24999
2019-06-24 14:03:12,53.70998
2019-06-24 14:03:14,55.73
2019-06-24 14:03:22,57.77999
2019-06-24 14:03:24,55.33999
2019-06-24 14:03:25,52.86999
2019-06-24 14:03:27,50.69999
2019-06-24 14:03:40,52.69999
2019-06-24 14:03:57,50.53998
2019-06-24 14:04:05,52.60999
2019-06-24 14:04:23,50.40998
2019-06-24 14:04:30,52.42998
2019-06-24 14:04:43,50.40998
2019-06-24 14:04:54,52.49999
2019-06-24 14:05:04,55.05
2019-06-24 14:05:14,57.06999
2019-06-24 14:05:16,59.16999
2019-06-24 14:05:19,56.86998
2019-06-24 14:05:20,54.42
2019-06-24 14:05:22,49.87998
2019-06-24 14:05:23,47.82999
2019-06-24 14:05:28,50.07999
2019-06-24 14:05:39,52.09999
2019-06-24 14:05:40,49.72998
2019-06-24 14:05:42,47.66999
2019-06-24 14:05:49,49.82998
2019-06-24 14:05:52,52.05999
2019-06-24 14:05:56,49.75999
2019-06-24 14:05:59,47.69999
2019-06-24 14:06:01,45.68999
2019-06-24 14:06:04,47.87998
2019-06-24 14:06:15,45.71999
2019-06-24 14:06:26,44.82999
2019-06-24 14:06:40,45.88998
2019-06-24 14:06:54,44.60999
2019-06-24 14:07:06,45.94998
2019-06-24 14:07:46,48.03999
2019-06-24 14:07:47,50.45998
2019-06-24 14:07:49,55.55998
2019-06-24 14:07:50,57.84999
2019-06-24 14:07:51,60.29999
2019-06-24 14:07:52,62.8
2019-06-24 14:07:54,57.47998
2019-06-24 14:07:55,55.09999
2019-06-24 14:07:56,52.48
2019-06-24 14:07:57,49.95
2019-06-24 14:07:58,47.38
2019-06-24 14:08:01,45.33998
2019-06-24 14:08:10,43.89999
2019-06-24 14:08:13,45.90998
2019-06-24 14:08:15,48.40999
2019-06-24 14:08:17,46.00998
2019-06-24 14:08:21,43.78999
2019-06-24 14:08:27,46.02998
2019-06-24 14:08:38,44.02998
2019-06-24 14:08:43,48.80999
2019-06-24 14:08:44,51.77998
2019-06-24 14:08:46,59.27998
2019-06-24 14:08:47,61.69999
2019-06-24 14:08:50,59.02999
2019-06-24 14:08:50,55.91999
2019-06-24 14:08:51,52.83999
2019-06-24 14:08:52,48.30999
2019-06-24 14:08:58,50.60999
2019-06-24 14:09:02,52.60999
2019-06-24 14:09:04,50.56
2019-06-24 14:09:05,48.47998
2019-06-24 14:09:08,46.36999
2019-06-24 14:09:15,48.47998
2019-06-24 14:09:16,53.12
2019-06-24 14:09:19,47.67999
2019-06-24 14:09:21,45.64999
2019-06-24 14:09:23,43.60999
2019-06-24 14:09:31,45.98998
2019-06-24 14:09:36,43.73999
2019-06-24 14:09:38,41.41998
2019-06-24 14:09:44,43.46998
2019-06-24 14:09:45,45.48999
2019-06-24 14:09:49,47.90998
2019-06-24 14:09:52,50.32999
2019-06-24 14:10:02,51.35999
2019-06-24 14:10:06,53.41999
2019-06-24 14:10:07,55.92999
2019-06-24 14:10:08,58.01998
2019-06-24 14:10:09,60.02998
2019-06-24 14:10:13,62.13
2019-06-24 14:10:20,56.51999
2019-06-24 14:10:20,54.27998
2019-06-24 14:10:23,49.46999
2019-06-24 14:10:25,47.46999
2019-06-24 14:10:36,50.06999
2019-06-24 14:10:39,52.10999
2019-06-24 14:10:41,49.66998
2019-06-24 14:10:49,48.73
2019-06-24 14:10:52,50.76999
2019-06-24 14:10:55,53.25999
2019-06-24 14:11:03,55.37999
2019-06-24 14:11:04,57.50998
2019-06-24 14:11:09,59.60999
2019-06-24 14:11:23,61.68999
2019-06-24 14:11:26,56.10999
2019-06-24 14:11:26,53.8
2019-06-24 14:11:27,51.79998
2019-06-24 14:11:34,54.22998
2019-06-24 14:11:41,56.25998
2019-06-24 14:11:44,58.82998
2019-06-24 14:11:49,56.80998
2019-06-24 14:11:53,59.14999
2019-06-24 14:11:58,56.76998
2019-06-24 14:12:00,54.49999
2019-06-24 14:12:14,56.58999
2019-06-24 14:12:17,58.66998
2019-06-24 14:12:50,60.78998
2019-06-24 14:13:02,62.09999
2019-06-24 14:13:13,60.25999
2019-06-24 14:13:29,60.81
2019-06-24 14:13:38,61.92999
2019-06-24 14:14:13,61.23998
2019-06-24 14:14:21,59.15999
2019-06-24 14:14:35,60.54999
2019-06-24 14:14:44,61.69999
2019-06-24 14:14:54,60.74998
2019-06-24 14:15:49,58.95999
2019-06-24 14:15:58,54.05999
2019-06-24 14:16:04,56.50999
2019-06-24 14:16:10,58.62998
2019-06-24 14:16:14,60.66998
2019-06-24 14:16:33,58.17998
2019-06-24 14:16:51,60.27999
2019-06-24 14:17:06,60.95999
2019-06-24 14:17:38,60.61998
2019-06-24 14:17:54,59.01999
2019-06-24 14:18:08,60.43999
2019-06-24 14:18:26,59.59
2019-06-24 14:18:40,61.62999
2019-06-24 14:18:49,62.68998
2019-06-24 14:19:02,60.77998
2019-06-24 14:19:11,60.01998
2019-06-24 14:19:18,61.59999
2019-06-24 14:19:36,58.41999
2019-06-24 14:19:39,56.15998
2019-06-24 14:19:39,54.13998
2019-06-24 14:19:45,52.13998
2019-06-24 14:19:48,49.84998
2019-06-24 14:19:49,47.42999
2019-06-24 14:19:53,45.17999
2019-06-24 14:19:56,47.67999
2019-06-24 14:19:57,50.22999
2019-06-24 14:20:00,52.41998
2019-06-24 14:20:01,54.48999
2019-06-24 14:20:03,56.59999
2019-06-24 14:20:09,58.62998
2019-06-24 14:21:10,58.62998
2019-06-24 14:21:33,57.60999
2019-06-24 14:22:10,56.69999
2019-06-24 14:22:37,56.09998
2019-06-24 14:23:02,55.21999
2019-06-24 14:23:33,53.95999
2019-06-24 14:23:42,54.49999
2019-06-24 14:24:15,53.10998
2019-06-24 14:24:38,54.07999
2019-06-24 14:24:52,53.24999
2019-06-24 14:25:29,52.92999
2019-06-24 14:25:58,51.93999
2019-06-24 14:26:17,51.08998
2019-06-24 14:26:42,51.39999
2019-06-24 14:27:05,50.75999
2019-06-24 14:27:28,51.38999
2019-06-24 14:27:49,50.62999
2019-06-24 14:28:32,50.01999
2019-06-24 14:29:06,49.40999
2019-06-24 14:29:39,48.53998
2019-06-24 14:30:17,47.69999
2019-06-24 14:31:17,47.69999
2019-06-24 14:31:45,48.50998
2019-06-24 14:32:05,46.94999
2019-06-24 14:32:48,46.13999
2019-06-24 14:33:06,47.00999
2019-06-24 14:33:17,45.42998
2019-06-24 14:33:32,46.24999
2019-06-24 14:33:42,45.14999
2019-06-24 14:33:44,47.22998
2019-06-24 14:33:47,44.75998
2019-06-24 14:33:48,39.80999
2019-06-24 14:33:48,37.64999
2019-06-24 14:33:51,35.45999
2019-06-24 14:33:51,31.25999
2019-06-24 14:33:52,28.91999
2019-06-24 14:33:55,26.40999
2019-06-24 14:33:58,36.21999
2019-06-24 14:33:59,38.60999
2019-06-24 14:34:01,40.62999
2019-06-24 14:34:08,41.62
2019-06-24 14:34:26,39.31999
2019-06-24 14:34:27,33.54999
2019-06-24 14:34:28,27.85
2019-06-24 14:34:29,20.27
2019-06-24 14:34:30,15.66999
2019-06-24 14:34:31,13.16
2019-06-24 14:34:33,8.519999
2019-06-24 14:34:34,13.41
2019-06-24 14:34:36,19.7
2019-06-24 14:34:37,24.64
2019-06-24 14:34:39,32.63999
2019-06-24 14:34:39,35.69999
2019-06-24 14:34:40,38.20999
2019-06-24 14:34:43,40.34
2019-06-24 14:34:46,42.37999
2019-06-24 14:34:55,40.34999
2019-06-24 14:35:16,40.83999
2019-06-24 14:35:31,41.63999
2019-06-24 14:35:35,34.66999
2019-06-24 14:35:36,27.67999
2019-06-24 14:35:37,18.73
2019-06-24 14:35:38,14.02
2019-06-24 14:35:39,11.61
2019-06-24 14:35:40,9.169998
2019-06-24 14:35:41,6.709997
2019-06-24 14:35:43,4.629998
2019-06-24 14:35:44,9.109997
2019-06-24 14:35:45,11.62
2019-06-24 14:35:47,25.48999
2019-06-24 14:35:48,30.69999
2019-06-24 14:35:51,33.37
2019-06-24 14:35:52,35.91999
2019-06-24 14:35:53,37.98999
2019-06-24 14:35:57,40.02
2019-06-24 14:36:16,35.31999
2019-06-24 14:36:17,26.3
2019-06-24 14:36:18,19.16999
2019-06-24 14:36:19,13.58
2019-06-24 14:36:20,11.05
2019-06-24 14:36:21,8.609997
2019-06-24 14:36:22,6.099998
2019-06-24 14:36:25,3.949999
2019-06-24 14:36:27,7.569998
2019-06-24 14:36:28,17.93
2019-06-24 14:36:29,23.7
2019-06-24 14:36:30,28.97999
2019-06-24 14:36:31,31.43
2019-06-24 14:36:32,33.84999
2019-06-24 14:36:33,36.33999
2019-06-24 14:36:37,32.10999
2019-06-24 14:36:38,34.49999
2019-06-24 14:36:40,36.57999
2019-06-24 14:36:44,27.06999
2019-06-24 14:36:45,18.13
2019-06-24 14:36:46,13.37
2019-06-24 14:36:48,7.759999
2019-06-24 14:36:49,5.709999
2019-06-24 14:36:51,3.709999
2019-06-24 14:36:53,5.789999
2019-06-24 14:37:00,13.17
2019-06-24 14:37:01,15.74
2019-06-24 14:37:02,20.57999
2019-06-24 14:37:03,23.59999
2019-06-24 14:37:04,25.95
2019-06-24 14:37:07,20.09999
2019-06-24 14:37:07,18.05
2019-06-24 14:37:09,13.5
2019-06-24 14:37:09,10.63
2019-06-24 14:37:10,7.969998
2019-06-24 14:37:11,5.459999
2019-06-24 14:37:14,3.419999
2019-06-24 14:37:17,6.179999
2019-06-24 14:37:17,10.96
2019-06-24 14:37:22,8.829998
2019-06-24 14:37:24,10.95
2019-06-24 14:37:25,13.25
2019-06-24 14:37:26,15.68
2019-06-24 14:37:31,10.96
2019-06-24 14:37:31,8.499998
2019-06-24 14:37:33,6.019999
2019-06-24 14:37:35,3.96
2019-06-24 14:37:37,5.979998
2019-06-24 14:37:40,10.29
2019-06-24 14:37:42,14.95
2019-06-24 14:37:43,17.23
2019-06-24 14:37:49,14.99
2019-06-24 14:37:50,17.09
2019-06-24 14:37:53,11.98
2019-06-24 14:37:55,15.3
2019-06-24 14:37:55,21.21
2019-06-24 14:37:57,27.64999
2019-06-24 14:37:57,30.22999
2019-06-24 14:37:58,32.56999
2019-06-24 14:38:02,35.09999
2019-06-24 14:38:04,32.50999
2019-06-24 14:38:13,34.56999
2019-06-24 14:38:24,36.60999
2019-06-24 14:38:26,34.53999
2019-06-24 14:38:29,32.32999
2019-06-24 14:38:40,34.32999
2019-06-24 14:38:48,32.02
2019-06-24 14:38:51,34.05
2019-06-24 14:39:00,31.39
2019-06-24 14:39:04,33.54999
2019-06-24 14:39:11,35.55
2019-06-24 14:39:51,33.77999
2019-06-24 14:40:05,35.08999
2019-06-24 14:40:17,34.07999
2019-06-24 14:40:33,33.05
2019-06-24 14:41:08,32.09
2019-06-24 14:41:29,31.87999
2019-06-24 14:41:44,30.97999
2019-06-24 14:42:12,29.93999
2019-06-24 14:42:47,29.00999
2019-06-24 14:43:01,29.87
2019-06-24 14:43:27,29.10999
2019-06-24 14:43:41,34.74999
2019-06-24 14:43:41,37.23
2019-06-24 14:43:43,32.14999
2019-06-24 14:43:45,13.95
2019-06-24 14:43:47,8.939997
2019-06-24 14:43:47,6.539998
2019-06-24 14:43:49,3.96
2019-06-24 14:43:51,1.87
2019-06-24 14:43:59,4.719999
2019-06-24 14:43:59,10.2
2019-06-24 14:44:01,7.899998
2019-06-24 14:44:02,5.899998
2019-06-24 14:44:07,3.669999
2019-06-24 14:44:12,9.129999
2019-06-24 14:44:13,14.18
2019-06-24 14:44:15,16.46999
2019-06-24 14:44:16,21.31999
2019-06-24 14:44:18,23.85999
2019-06-24 14:44:26,25.92
2019-06-24 14:44:35,27.10999
2019-06-24 14:45:05,26.42999
2019-06-24 14:45:48,26.05999
2019-06-24 14:46:03,24.54999
2019-06-24 14:47:02,22.16
2019-06-24 14:47:02,20.12999
2019-06-24 14:47:08,22.14
2019-06-24 14:47:17,23.59999
2019-06-24 14:47:28,22.28999
2019-06-24 14:47:55,21.35999
2019-06-24 14:48:12,20.34
2019-06-24 14:48:56,15.95
2019-06-24 14:48:57,13.47
2019-06-24 14:48:59,11.39
2019-06-24 14:49:01,9.159998
2019-06-24 14:49:02,7.149999
2019-06-24 14:49:03,9.329998
2019-06-24 14:49:04,11.8
2019-06-24 14:49:05,13.81
2019-06-24 14:49:07,16.03
2019-06-24 14:49:17,17.02999
2019-06-24 14:49:43,15.78
2019-06-24 14:50:00,16.78999
2019-06-24 14:50:12,14.97
2019-06-24 14:50:23,16.21
2019-06-24 14:50:46,16.65
2019-06-24 14:51:07,15.58
2019-06-24 14:52:05,16.38
2019-06-24 14:52:20,15.1
2019-06-24 14:53:04,13.37
2019-06-24 14:53:16,15.04
2019-06-24 14:53:23,13.44
2019-06-24 14:53:47,13.10999
2019-06-24 14:53:54,18.75
2019-06-24 14:53:54,25.41
2019-06-24 14:53:57,23.22999
2019-06-24 14:53:59,18.37
2019-06-24 14:54:00,15.86
2019-06-24 14:54:03,13.78
2019-06-24 14:54:20,12.73
2019-06-24 14:54:42,10.72
2019-06-24 14:54:49,11.87
2019-06-24 14:54:58,12.38
2019-06-24 14:55:08,11.45
2019-06-24 14:56:03,10.83
2019-06-24 14:56:13,9.489998
2019-06-24 14:56:48,8.499998
2019-06-24 14:57:11,9.569998
2019-06-24 14:57:24,8.059998
2019-06-24 14:57:39,8.679998
2019-06-24 14:58:03,7.69
2019-06-24 14:58:11,5.609999
2019-06-24 14:58:21,7.129999
2019-06-24 14:58:40,5.949999
2019-06-24 14:59:17,5.229999
2019-06-24 14:59:38,5.749998
2019-06-24 14:59:55,4.919999
2019-06-24 15:00:06,4.079999
2019-06-24 15:00:17,3.299999
2019-06-24 15:00:58,2.529999
2019-06-24 15:04:58,2.529999
2019-06-24 15:05:10,2.4
2019-06-24 15:09:10,2.4
2019-06-24 15:09:34,2.34
2019-06-24 15:10:34,2.34
2019-06-24 15:10:37,1.33
2019-06-24 15:11:36,1.05
2019-06-24 15:12:36,1.05
2019-06-24 15:13:34,0.92
2019-06-24 15:15:35,0.92
2019-06-24 15:16:01,0.77
2019-06-24 15:18:00,0.77
2019-06-24 15:18:07,3.259999
2019-06-24 15:18:08,8.639999
2019-06-24 15:18:09,11.08
2019-06-24 15:18:10,13.5
2019-06-24 15:18:12,15.57
2019-06-24 15:18:18,16.98
2019-06-24 15:18:25,14.96
2019-06-24 15:18:36,13.74
2019-06-24 15:19:01,14.49
2019-06-24 15:19:07,12.47
2019-06-24 15:19:44,11.49
2019-06-24 15:19:54,12.32
2019-06-24 15:20:17,11.68
2019-06-24 15:20:38,10.42
2019-06-24 15:21:37,10.42
2019-06-24 15:21:38,9.899998
2019-06-24 15:21:52,10.68999
2019-06-24 15:22:09,9.649998
2019-06-24 15:22:20,10.06
2019-06-24 15:22:33,11.78
2019-06-24 15:22:48,10.81
2019-06-24 15:23:23,8.679998
2019-06-24 15:23:40,9.969997
2019-06-24 15:23:51,9.179996
2019-06-24 15:24:03,10.43
2019-06-24 15:24:15,8.999998
2019-06-24 15:24:32,10.25
2019-06-24 15:24:39,8.519999
2019-06-24 15:24:46,7.079998
2019-06-24 15:25:06,5.249998
2019-06-24 15:25:13,7.249998
2019-06-24 15:26:12,7.249998
2019-06-24 15:26:20,5.599999
2019-06-24 15:27:07,4.259999
2019-06-24 15:27:17,5.649998
2019-06-24 15:27:37,6.079999
2019-06-24 15:28:37,6.079999
2019-06-24 15:28:58,5.499998
2019-06-24 15:29:10,3.459999
2019-06-24 15:29:28,4.69
2019-06-24 15:30:02,3.68
2019-06-24 15:30:20,2.829999
2019-06-24 15:31:00,3.409999
2019-06-24 15:31:26,6.519999
2019-06-24 15:31:26,9.369999
2019-06-24 15:31:29,15.48
2019-06-24 15:31:30,15.4
2019-06-24 15:31:32,11.08
2019-06-24 15:31:33,11.33
2019-06-24 15:31:34,17.39999
2019-06-24 15:31:34,19.87
2019-06-24 15:31:36,17.81
2019-06-24 15:31:37,12.41
2019-06-24 15:31:38,10.37
2019-06-24 15:31:39,7.879998
2019-06-24 15:31:41,5.819998
2019-06-24 15:31:51,7.829998
2019-06-24 15:31:55,9.899998
2019-06-24 15:32:14,7.869999
2019-06-24 15:32:27,8.819998
2019-06-24 15:32:35,10.33
2019-06-24 15:32:49,8.4
2019-06-24 15:33:20,7.939999
2019-06-24 15:33:37,6.629997
2019-06-24 15:33:51,5.709999
2019-06-24 15:34:15,3.709999
2019-06-24 15:34:36,4.709999
2019-06-24 15:34:44,3.28
2019-06-24 15:35:18,2.5
2019-06-24 15:35:49,2.859999
2019-06-24 15:36:24,2.539999
2019-06-24 15:37:24,2.539999
2019-06-24 15:37:41,2.369999
2019-06-24 15:44:41,2.369999
2019-06-24 15:45:40,1.32
2019-06-24 15:46:01,2.17
2019-06-24 15:46:22,1.27
2019-06-24 15:46:35,2.039999
2019-06-24 15:46:51,1.09
2019-06-24 15:47:09,2.3
2019-06-24 15:47:31,1.5
2019-06-24 15:47:53,0.9999999
2019-06-24 15:49:53,0.9999999
2019-06-24 15:50:03,0.8799999
2019-06-24 15:51:03,0.8799999
2019-06-24 15:52:03,0.77
2019-06-24 15:54:02,0.77
2019-06-24 15:54:50,0.66
2019-06-24 16:00:49,0.66
2019-06-24 16:01:47,0.5899999
2019-06-24 16:04:47,0.5899999
2019-06-24 16:05:39,0.5599999
2019-06-24 16:09:39,0.5599999
2019-06-24 16:10:06,0.53
2019-06-24 16:13:05,0.53
2019-06-24 16:13:16,0.46
2019-06-24 16:20:16,0.46
2019-06-24 16:20:31,0.48
2019-06-24 16:25:31,0.48
2019-06-24 16:25:50,0.4299999
2019-06-24 16:39:50,0.4299999
2019-06-24 16:40:07,0.41
2019-06-24 16:45:07,0.41
2019-06-24 16:45:43,0.3699999
2019-06-24 16:48:42,0.3699999
2019-06-24 16:49:24,0.3099999
2019-06-24 16:58:25,0.3099999
2019-06-24 16:58:48,0.22
2019-06-24 17:01:48,0.22
2019-06-24 17:02:23,0.25
2019-06-24 17:05:22,0.25
2019-06-24 17:06:13,0.3
2019-06-24 17:16:12,0.3
2019-06-24 17:17:12,0.24
2019-06-24 17:20:11,0.24
2019-06-24 17:20:36,0.27
2019-06-24 17:26:35,0.27
2019-06-24 17:27:23,0.25
2019-06-24 17:31:22,0.25
2019-06-24 17:32:03,0.23
2019-06-24 17:42:03,0.23
2019-06-24 17:42:55,0.21
2019-06-24 17:45:56,0.21
2019-06-24 17:46:06,0.12
2019-06-24 17:48:05,0.12
2019-06-24 17:49:03,0.16
2019-06-24 18:03:02,0.16
2019-06-24 18:03:11,0.2
2019-06-24 18:12:10,0.2
2019-06-24 18:12:23,0.16
2019-06-24 18:17:23,0.16
2019-06-24 18:18:20,0.22
2019-06-24 18:21:19,0.22
2019-06-24 18:21:41,0.17
2019-06-24 18:32:41,0.17
2019-06-24 18:33:30,0.2
2019-06-24 19:09:29,0.2
2019-06-24 19:09:41,0.21
2019-06-24 19:38:40,0.21
2019-06-24 19:38:43,0.3
2019-06-24 19:42:43,0.3
2019-06-24 19:43:34,0.26
2019-06-24 19:48:34,0.26
2019-06-24 19:49:13,0.29
2019-06-24 20:00:13,0.29
2019-06-24 20:00:56,0.18
2019-06-24 20:02:56,0.18
2019-06-24 20:03:10,0.25
2019-06-24 20:11:09,0.25
2019-06-24 20:12:06,0.29
2019-06-24 20:21:05,0.29
2019-06-24 20:21:33,0.35
2019-06-24 20:30:32,0.35
2019-06-24 20:31:08,0.3099999
2019-06-24 20:37:08,0.3099999
2019-06-24 20:37:14,0.33
2019-06-24 20:49:14,0.33
2019-06-24 20:49:42,0.3799999
2019-06-24 21:10:41,0.3799999
2019-06-24 21:11:17,0.4
2019-06-24 21:38:17,0.4
2019-06-24 21:38:38,0.32
2019-06-24 21:40:37,0.32
2019-06-24 21:40:45,0.3699999
2019-06-24 21:51:44,0.3699999
2019-06-24 21:51:59,0.4
2019-06-24 22:14:58,0.4
2019-06-24 22:15:01,0.4399999
2019-06-24 22:32:00,0.4399999
2019-06-24 22:32:07,0.4899999
2019-06-24 22:36:06,0.4899999
2019-06-24 22:37:04,0.45
2019-06-24 22:43:03,0.45
2019-06-24 22:43:54,0.39
2019-06-24 22:45:53,0.39
2019-06-24 22:46:25,0.4999999
2019-06-24 22:49:25,0.4999999
2019-06-24 22:49:52,0.45
2019-06-24 23:05:51,0.45
2019-06-24 23:06:01,0.47
2019-06-24 23:18:00,0.47
2019-06-24 23:18:49,0.4999999
2019-06-24 23:29:49,0.4999999
2019-06-24 23:30:10,0.45
2019-06-24 23:34:09,0.45
2019-06-24 23:34:29,0.52
2019-06-25 00:01:29,0.52
2019-06-25 00:02:00,0.5899999
2019-06-25 00:04:59,0.5899999
2019-06-25 00:05:06,0.55
2019-06-25 00:22:05,0.55
2019-06-25 00:22:56,0.5999999
2019-06-25 00:28:55,0.5999999
2019-06-25 00:29:13,0.55
2019-06-25 00:34:12,0.55
2019-06-25 00:34:21,0.6099999
2019-06-25 00:40:20,0.6099999
2019-06-25 00:40:34,0.53
2019-06-25 00:42:34,0.53
2019-06-25 00:42:51,0.6099999
2019-06-25 00:45:50,0.6099999
2019-06-25 00:46:24,0.5699999
2019-06-25 01:00:23,0.5699999
2019-06-25 01:01:03,0.6099999
2019-06-25 01:21:03,0.6099999
2019-06-25 01:21:28,0.67
2019-06-25 01:50:28,0.67
2019-06-25 01:50:58,0.7299999
2019-06-25 01:54:57,0.7299999
2019-06-25 01:55:02,0.6999999
2019-06-25 02:22:02,0.6999999
2019-06-25 02:22:05,0.7199999
2019-06-25 02:35:04,0.7199999
2019-06-25 02:35:27,0.7599999
2019-06-25 02:40:27,0.7599999
2019-06-25 02:41:07,0.8
2019-06-25 03:05:07,0.8
2019-06-25 03:05:22,0.8399999
2019-06-25 03:08:21,0.8399999
2019-06-25 03:09:13,0.7599999
2019-06-25 03:13:13,0.7599999
2019-06-25 03:13:25,0.8
2019-06-25 03:21:24,0.8
2019-06-25 03:21:25,0.8199999
2019-06-25 03:33:24,0.8199999
2019-06-25 03:34:18,0.8499999
2019-06-25 03:45:18,0.8499999
2019-06-25 03:45:24,0.8699999
2019-06-25 04:05:23,0.8699999
2019-06-25 04:06:08,0.9
2019-06-25 04:31:07,0.9
2019-06-25 04:31:54,0.91
2019-06-25 04:39:53,0.91
2019-06-25 04:40:50,0.9299999
2019-06-25 05:03:50,0.9299999
2019-06-25 05:03:55,0.9799999
2019-06-25 05:05:53,0.9799999
2019-06-25 05:06:51,0.92
2019-06-25 05:11:50,0.92
2019-06-25 05:12:23,0.9599999
2019-06-25 05:17:22,0.9599999
2019-06-25 05:18:22,0.91
2019-06-25 05:22:21,0.91
2019-06-25 05:22:34,0.9699999
2019-06-25 05:25:33,0.9699999
2019-06-25 05:26:26,0.9299999
2019-06-25 05:31:26,0.9299999
2019-06-25 05:31:47,0.9399999
2019-06-25 05:44:47,0.9399999
2019-06-25 05:45:22,0.9999999
2019-06-25 06:03:22,0.9999999
2019-06-25 06:04:18,1.02
2019-06-25 06:13:17,1.02
2019-06-25 06:13:46,1.07
2019-06-25 06:20:46,1.07
2019-06-25 06:21:28,1.01
2019-06-25 06:23:26,1.01
2019-06-25 06:24:11,1.08
2019-06-25 06:47:10,1.08
2019-06-25 06:48:00,1.11
2019-06-25 06:58:58,1.11
2019-06-25 06:59:06,1.08
2019-06-25 07:04:05,1.08
2019-06-25 07:04:09,1.13
2019-06-25 07:12:08,1.13
2019-06-25 07:12:43,1.07
2019-06-25 07:16:42,1.07
2019-06-25 07:16:55,1.12
2019-06-25 07:28:54,1.12
2019-06-25 07:28:57,1.06
2019-06-25 07:32:56,1.06
2019-06-25 07:33:35,1.09
2019-06-25 07:55:34,1.09
2019-06-25 07:55:44,1.02
2019-06-25 07:58:42,1.02
2019-06-25 07:58:47,1.06
2019-06-25 08:08:46,1.06
2019-06-25 08:09:18,1.1
2019-06-25 08:14:16,1.1
2019-06-25 08:14:25,1.07
2019-06-25 08:34:25,1.07
2019-06-25 08:34:34,1.11
2019-06-25 08:37:33,1.11
2019-06-25 08:37:43,1.08
2019-06-25 08:46:42,1.08
2019-06-25 08:47:36,1.05
2019-06-25 09:28:35,1.05
2019-06-25 09:28:43,1.02
2019-06-25 09:57:41,1.02
2019-06-25 09:58:17,0.9999999
2019-06-25 10:06:16,0.9999999
2019-06-25 10:07:00,0.9599999
2019-06-25 10:25:59,0.9599999
2019-06-25 10:26:24,0.9
2019-06-25 10:47:23,0.9
2019-06-25 10:48:14,0.8799999
2019-06-25 10:55:14,0.8799999
2019-06-25 10:55:41,0.8399999
2019-06-25 11:05:41,0.8399999
2019-06-25 11:06:18,0.77
2019-06-25 11:10:17,0.77
2019-06-25 11:11:15,0.8099999
2019-06-25 11:17:14,0.8099999
2019-06-25 11:17:19,0.7599999
2019-06-25 11:35:17,0.7599999
2019-06-25 11:36:07,0.6999999
2019-06-25 11:43:06,0.6999999
2019-06-25 11:43:15,0.66
2019-06-25 11:52:14,0.66
2019-06-25 11:53:06,0.7099999
2019-06-25 11:57:04,0.7099999
2019-06-25 11:57:56,0.6099999
2019-06-25 12:05:55,0.6099999
2019-06-25 12:06:24,0.67
2019-06-25 12:08:22,0.67
2019-06-25 12:08:32,0.55
2019-06-25 12:10:30,0.55
2019-06-25 12:11:09,0.5599999
2019-06-25 12:14:08,0.5599999
2019-06-25 12:14:29,0.65
2019-06-25 12:17:28,0.65
2019-06-25 12:17:58,0.6199999
2019-06-25 12:22:56,0.6199999
2019-06-25 12:23:56,0.5699999
2019-06-25 12:32:55,0.5699999
2019-06-25 12:33:28,0.5999999
2019-06-25 12:41:27,0.5999999
2019-06-25 12:42:21,0.55
2019-06-25 12:46:21,0.55
2019-06-25 12:47:15,0.6099999
2019-06-25 12:50:14,0.6099999
2019-06-25 12:51:03,0.53
2019-06-25 13:01:02,0.53
2019-06-25 13:01:13,0.46
2019-06-25 13:05:13,0.46
2019-06-25 13:05:31,0.4999999
2019-06-25 13:11:29,0.4999999
2019-06-25 13:11:42,0.42
2019-06-25 13:14:40,0.42
2019-06-25 13:14:51,0.46
2019-06-25 13:22:50,0.46
2019-06-25 13:23:28,0.5599999
2019-06-25 13:24:26,0.5599999
2019-06-25 13:25:03,0.45
2019-06-25 13:27:01,0.45
2019-06-25 13:27:49,0.52
2019-06-25 13:35:48,0.52
2019-06-25 13:36:25,0.5099999
2019-06-25 13:41:23,0.5099999
2019-06-25 13:42:16,0.4999999
2019-06-25 13:45:15,0.4999999
2019-06-25 13:45:29,0.46
2019-06-25 13:59:28,0.46
2019-06-25 13:59:44,0.42
2019-06-25 14:13:42,0.42
2019-06-25 14:14:12,0.3699999
2019-06-25 14:20:10,0.3699999
2019-06-25 14:21:11,0.41
2019-06-25 14:34:09,0.41
2019-06-25 14:34:16,0.33
2019-06-25 14:37:14,0.33
2019-06-25 14:37:47,0.3799999
2019-06-25 14:44:45,0.3799999
2019-06-25 14:45:17,0.3099999
2019-06-25 14:49:15,0.3099999
2019-06-25 14:49:18,0.3799999
2019-06-25 14:53:16,0.3799999
2019-06-25 14:53:29,0.32
2019-06-25 14:58:27,0.32
2019-06-25 14:58:38,0.36
2019-06-25 15:07:37,0.36
2019-06-25 15:07:57,0.3
2019-06-25 15:09:55,0.3
2019-06-25 15:10:48,0.36
2019-06-25 15:16:46,0.36
2019-06-25 15:17:44,0.3699999
2019-06-25 15:34:42,0.3699999
2019-06-25 15:35:16,0.4
2019-06-25 15:47:14,0.4
2019-06-25 15:47:54,0.33
2019-06-25 15:50:52,0.33
2019-06-25 15:51:04,0.4
2019-06-25 16:13:01,0.4
2019-06-25 16:13:16,0.45
2019-06-25 16:30:15,0.45
2019-06-25 16:30:40,0.52
2019-06-25 16:32:38,0.52
2019-06-25 16:33:40,0.5099999
2019-06-25 16:37:38,0.5099999
2019-06-25 16:38:37,0.47
2019-06-25 16:44:36,0.47
2019-06-25 16:45:22,0.48
2019-06-25 16:52:21,0.48
2019-06-25 16:52:34,0.55
2019-06-25 16:55:33,0.55
2019-06-25 16:55:51,0.4999999
2019-06-25 17:15:50,0.4999999
2019-06-25 17:16:31,0.48
2019-06-25 17:24:29,0.48
2019-06-25 17:24:47,0.4299999
2019-06-25 17:27:46,0.4299999
2019-06-25 17:28:14,0.5099999
2019-06-25 17:34:12,0.5099999
2019-06-25 17:34:16,0.47
2019-06-25 17:42:13,0.47
2019-06-25 17:42:23,0.5099999
2019-06-25 18:06:22,0.5099999
2019-06-25 18:07:12,0.5699999
2019-06-25 18:14:11,0.5699999
2019-06-25 18:14:23,0.52
2019-06-25 18:17:22,0.52
2019-06-25 18:17:46,0.5799999
2019-06-25 18:24:44,0.5799999
2019-06-25 18:24:55,0.55
2019-06-25 18:32:53,0.55
2019-06-25 18:33:41,0.52
2019-06-25 18:42:40,0.52
2019-06-25 18:43:36,0.5599999
2019-06-25 18:49:34,0.5599999
2019-06-25 18:50:32,0.5099999
2019-06-25 18:54:31,0.5099999
2019-06-25 18:55:29,0.5599999
2019-06-25 19:12:27,0.5599999
2019-06-25 19:13:09,0.6099999
2019-06-25 19:47:08,0.6099999
2019-06-25 19:47:51,0.5699999
2019-06-25 19:50:49,0.5699999
2019-06-25 19:51:39,0.6099999
2019-06-25 19:58:37,0.6099999
2019-06-25 19:59:21,0.64
2019-06-25 20:01:19,0.64
2019-06-25 20:02:16,0.5699999
2019-06-25 20:07:14,0.5699999
2019-06-25 20:08:15,0.6199999
2019-06-25 20:15:13,0.6199999
2019-06-25 20:15:19,0.65
2019-06-25 20:24:18,0.65
2019-06-25 20:24:23,0.5899999
2019-06-25 20:29:21,0.5899999
2019-06-25 20:29:48,0.6199999
2019-06-25 20:59:46,0.6199999
2019-06-25 21:00:13,0.67
2019-06-25 21:03:11,0.67
2019-06-25 21:04:11,0.6199999
2019-06-25 21:09:10,0.6199999
2019-06-25 21:10:10,0.6999999
2019-06-25 21:13:07,0.6999999
2019-06-25 21:14:06,0.6099999
2019-06-25 21:16:03,0.6099999
2019-06-25 21:16:10,0.6999999
2019-06-25 21:22:08,0.6999999
2019-06-25 21:22:57,0.67
2019-06-25 21:32:55,0.67
2019-06-25 21:33:24,0.6999999
2019-06-25 21:39:22,0.6999999
2019-06-25 21:39:33,0.65
2019-06-25 21:41:31,0.65
2019-06-25 21:42:25,0.6799999
2019-06-25 21:48:23,0.6799999
2019-06-25 21:48:51,0.7299999
2019-06-25 22:05:49,0.7299999
2019-06-25 22:06:25,0.66
2019-06-25 22:09:23,0.66
2019-06-25 22:09:30,0.7199999
2019-06-25 22:20:27,0.7199999
2019-06-25 22:20:41,0.7499999
2019-06-25 22:37:40,0.7499999
2019-06-25 22:38:13,0.6999999
2019-06-25 22:43:11,0.6999999
2019-06-25 22:44:02,0.7499999
2019-06-25 23:01:00,0.7499999
2019-06-25 23:01:33,0.77
2019-06-25 23:34:32,0.77
2019-06-25 23:35:06,0.78
2019-06-25 23:40:04,0.78
2019-06-25 23:40:46,0.8299999
2019-06-25 23:46:43,0.8299999
2019-06-25 23:47:20,0.7499999
2019-06-25 23:49:18,0.7499999
2019-06-25 23:49:53,0.8099999
2019-06-26 00:19:51,0.8099999
2019-06-26 00:19:59,0.8599999
2019-06-26 00:23:56,0.8599999
2019-06-26 00:24:49,0.8099999
2019-06-26 00:29:47,0.8099999
2019-06-26 00:30:02,0.8299999
2019-06-26 00:43:00,0.8299999
2019-06-26 00:43:26,0.8
2019-06-26 00:46:24,0.8
2019-06-26 00:46:43,0.8599999
2019-06-26 00:49:41,0.8599999
2019-06-26 00:49:46,0.8199999
2019-06-26 01:29:44,0.8199999
2019-06-26 01:30:17,0.8699999
2019-06-26 01:34:16,0.8699999
2019-06-26 01:34:42,0.8299999
2019-06-26 01:45:39,0.8299999
2019-06-26 01:45:56,0.9
2019-06-26 01:49:54,0.9
2019-06-26 01:50:44,0.8499999
2019-06-26 01:56:41,0.8499999
2019-06-26 01:57:04,0.8699999
2019-06-26 02:09:02,0.8699999
2019-06-26 02:09:26,0.8599999
2019-06-26 02:19:23,0.8599999
2019-06-26 02:19:41,0.9
2019-06-26 02:24:39,0.9
2019-06-26 02:25:08,0.8099999
2019-06-26 02:28:07,0.8099999
2019-06-26 02:28:11,0.8499999
2019-06-26 02:41:10,0.8499999
2019-06-26 02:42:04,0.8699999
2019-06-26 03:09:02,0.8699999
2019-06-26 03:09:47,0.8
2019-06-26 03:11:44,0.8
2019-06-26 03:12:21,0.8499999
2019-06-26 03:41:19,0.8499999
2019-06-26 03:41:58,0.8099999
2019-06-26 03:45:57,0.8099999
2019-06-26 03:46:58,0.8599999
2019-06-26 03:51:55,0.8599999
2019-06-26 03:52:16,0.79
2019-06-26 03:55:14,0.79
2019-06-26 03:55:55,0.8199999
2019-06-26 04:00:54,0.8199999
2019-06-26 04:01:42,0.8599999
2019-06-26 04:12:41,0.8599999
2019-06-26 04:13:03,0.8299999
2019-06-26 04:26:00,0.8299999
2019-06-26 04:26:49,0.9
2019-06-26 04:30:46,0.9
2019-06-26 04:31:39,0.8499999
2019-06-26 04:37:37,0.8499999
2019-06-26 04:38:25,0.8699999
2019-06-26 04:42:23,0.8699999
2019-06-26 04:43:02,0.9299999
2019-06-26 04:47:00,0.9299999
2019-06-26 04:47:11,0.8699999
2019-06-26 04:53:09,0.8699999
2019-06-26 04:53:20,0.9
2019-06-26 05:20:17,0.9
2019-06-26 05:20:46,0.8799999
2019-06-26 05:26:44,0.8799999
2019-06-26 05:27:30,0.8299999
2019-06-26 05:31:27,0.8299999
2019-06-26 05:32:02,0.91
2019-06-26 05:35:00,0.91
2019-06-26 05:35:17,0.8499999
2019-06-26 05:39:14,0.8499999
2019-06-26 05:39:55,0.8699999
2019-06-26 06:01:52,0.8699999
2019-06-26 06:02:07,0.9
2019-06-26 06:25:05,0.9
2019-06-26 06:25:52,0.8499999
2019-06-26 06:28:50,0.8499999
2019-06-26 06:29:10,0.9
2019-06-26 06:41:08,0.9
2019-06-26 06:41:31,0.8699999
2019-06-26 06:49:29,0.8699999
2019-06-26 06:50:11,0.9
2019-06-26 07:11:09,0.9
2019-06-26 07:11:15,0.92
2019-06-26 07:23:12,0.92
2019-06-26 07:24:01,0.8599999
2019-06-26 07:26:59,0.8599999
2019-06-26 07:27:22,0.91
2019-06-26 07:32:20,0.91
2019-06-26 07:32:39,0.8599999
2019-06-26 07:40:36,0.8599999
2019-06-26 07:41:10,0.91
2019-06-26 07:44:08,0.91
2019-06-26 07:45:03,0.9
2019-06-26 07:51:02,0.9
2019-06-26 07:51:24,0.8499999
2019-06-26 07:55:21,0.8499999
2019-06-26 07:56:22,0.9
2019-06-26 08:03:20,0.9
2019-06-26 08:03:40,0.8299999
2019-06-26 08:05:38,0.8299999
2019-06-26 08:06:33,0.8599999
2019-06-26 08:12:30,0.8599999
2019-06-26 08:13:08,0.91
2019-06-26 08:17:05,0.91
2019-06-26 08:17:19,0.8299999
2019-06-26 08:20:16,0.8299999
2019-06-26 08:21:09,0.8699999
2019-06-26 08:33:08,0.8699999
2019-06-26 08:33:16,0.92
2019-06-26 08:37:12,0.92
2019-06-26 08:37:17,0.8599999
2019-06-26 08:43:14,0.8599999
2019-06-26 08:44:08,0.9
2019-06-26 08:50:05,0.9
2019-06-26 08:50:48,0.8599999
2019-06-26 08:58:47,0.8599999
2019-06-26 08:58:58,0.8899999
2019-06-26 09:02:55,0.8899999
2019-06-26 09:03:11,0.8699999
2019-06-26 09:11:08,0.8699999
2019-06-26 09:11:30,0.8299999
2019-06-26 09:20:28,0.8299999
2019-06-26 09:21:14,0.8599999
2019-06-26 09:28:12,0.8599999
2019-06-26 09:28:59,0.8299999
2019-06-26 10:02:56,0.8299999
2019-06-26 10:03:19,0.8099999
2019-06-26 10:12:16,0.8099999
2019-06-26 10:12:27,0.7399999
2019-06-26 10:14:24,0.7399999
2019-06-26 10:14:58,0.77
2019-06-26 10:25:56,0.77
2019-06-26 10:26:43,0.8099999
2019-06-26 10:37:40,0.8099999
2019-06-26 10:38:31,0.78
2019-06-26 10:43:28,0.78
2019-06-26 10:43:57,0.8399999
2019-06-26 10:45:54,0.8399999
2019-06-26 10:46:53,0.77
2019-06-26 10:49:50,0.77
2019-06-26 10:50:09,0.8499999
2019-06-26 10:52:07,0.8499999
2019-06-26 10:52:56,0.7499999
2019-06-26 10:56:54,0.7499999
2019-06-26 10:56:59,0.77
2019-06-26 11:14:57,0.77
2019-06-26 11:15:34,0.7399999
2019-06-26 11:29:31,0.7399999
2019-06-26 11:30:15,0.6799999
2019-06-26 11:34:13,0.6799999
2019-06-26 11:34:50,0.7499999
2019-06-26 11:38:48,0.7499999
2019-06-26 11:39:08,0.7199999
2019-06-26 11:56:05,0.7199999
2019-06-26 11:56:35,0.66
2019-06-26 11:59:33,0.66
2019-06-26 12:00:01,0.6799999
2019-06-26 12:15:59,0.6799999
2019-06-26 12:16:51,0.7099999
2019-06-26 12:21:49,0.7099999
2019-06-26 12:22:44,0.67
2019-06-26 12:37:40,0.67
2019-06-26 12:38:06,0.7099999
2019-06-26 12:44:03,0.7099999
2019-06-26 12:44:16,0.66
2019-06-26 12:48:13,0.66
2019-06-26 12:49:11,0.6799999
2019-06-26 12:57:08,0.6799999
2019-06-26 12:58:07,0.6299999
2019-06-26 13:01:05,0.6299999
2019-06-26 13:01:32,0.7099999
2019-06-26 13:04:30,0.7099999
2019-06-26 13:05:18,0.67
2019-06-26 13:22:16,0.67
2019-06-26 13:25:16,0.67
2019-06-26 13:26:05,0.6999999
2019-06-26 13:45:02,0.6999999
2019-06-26 13:45:58,0.7399999
2019-06-26 13:49:55,0.7399999
2019-06-26 13:50:09,0.67
2019-06-26 13:53:07,0.67
2019-06-26 13:53:31,0.7599999
2019-06-26 13:55:28,0.7599999
2019-06-26 13:56:13,0.7199999
2019-06-26 14:22:10,0.7199999
2019-06-26 14:22:22,0.7399999
2019-06-26 14:33:19,0.7399999
2019-06-26 14:33:57,0.78
2019-06-26 14:57:56,0.78
2019-06-26 14:58:13,0.8199999
2019-06-26 15:30:10,0.8199999
2019-06-26 15:30:51,0.8599999
2019-06-26 15:38:48,0.8599999
2019-06-26 15:38:59,0.8299999
2019-06-26 15:51:57,0.8299999
2019-06-26 15:52:59,0.79
2019-06-26 15:56:56,0.79
2019-06-26 15:57:51,0.8499999
2019-06-26 16:17:48,0.8499999
2019-06-26 16:18:49,0.9
2019-06-26 16:55:46,0.9
2019-06-26 16:56:39,0.9499999
2019-06-26 17:01:36,0.9499999
2019-06-26 17:02:09,0.9299999
2019-06-26 17:29:06,0.9299999
2019-06-26 17:29:33,1.01
2019-06-26 17:31:30,1.01
2019-06-26 17:32:29,0.9499999
2019-06-26 17:39:26,0.9499999
2019-06-26 17:39:33,1.01
2019-06-26 17:41:30,1.01
2019-06-26 17:42:33,0.9499999
2019-06-26 17:51:30,0.9499999
2019-06-26 17:51:49,0.9999999
2019-06-26 17:55:47,0.9999999
2019-06-26 17:56:32,0.91
2019-06-26 17:59:29,0.91
2019-06-26 18:00:09,0.9599999
2019-06-26 18:18:06,0.9599999
2019-06-26 18:18:09,0.9999999
2019-06-26 18:21:06,0.9999999
2019-06-26 18:21:55,0.9499999
2019-06-26 18:31:52,0.9499999
2019-06-26 18:32:12,0.9999999
2019-06-26 18:37:09,0.9999999
2019-06-26 18:38:07,0.9599999
2019-06-26 18:43:04,0.9599999
2019-06-26 18:43:27,1.01
2019-06-26 18:47:24,1.01
2019-06-26 18:47:58,0.9799999
2019-06-26 18:55:54,0.9799999
2019-06-26 18:56:01,1.02
2019-06-26 19:04:58,1.02
2019-06-26 19:05:06,0.9599999
2019-06-26 19:08:04,0.9599999
2019-06-26 19:08:22,1.02
2019-06-26 19:13:19,1.02
2019-06-26 19:13:36,0.9999999
2019-06-26 19:23:33,0.9999999
2019-06-26 19:23:54,0.9899999
2019-06-26 20:13:50,0.9899999
2019-06-26 20:14:20,0.9999999
2019-06-26 20:24:17,0.9999999
2019-06-26 20:24:28,1.06
2019-06-26 20:28:25,1.06
2019-06-26 20:28:40,0.9999999
2019-06-26 20:31:37,0.9999999
2019-06-26 20:31:58,1.07
2019-06-26 20:36:56,1.07
2019-06-26 20:37:56,1.05
2019-06-26 20:43:53,1.05
2019-06-26 20:44:47,1.04
2019-06-26 20:51:44,1.04
2019-06-26 20:51:55,0.9899999
2019-06-26 20:56:52,0.9899999
2019-06-26 20:57:50,1.04
2019-06-26 21:01:47,1.04
2019-06-26 21:02:20,1.03
2019-06-26 21:07:17,1.03
2019-06-26 21:08:08,1.01
2019-06-26 21:39:05,1.01
2019-06-26 21:39:56,0.9499999
2019-06-26 21:46:53,0.9499999
2019-06-26 21:47:10,0.9899999
2019-06-26 22:45:07,0.9899999
2019-06-26 22:45:25,0.9999999
2019-06-26 23:35:22,0.9999999
2019-06-26 23:36:08,1.05
2019-06-26 23:40:04,1.05
2019-06-26 23:40:31,0.9699999
2019-06-26 23:42:27,0.9699999
2019-06-26 23:43:31,0.9999999
2019-06-27 00:17:27,0.9999999
2019-06-27 00:18:14,0.9499999
2019-06-27 00:20:11,0.9499999
2019-06-27 00:21:10,0.9799999
2019-06-27 00:27:07,0.9799999
2019-06-27 00:27:35,1.03
2019-06-27 00:31:32,1.03
2019-06-27 00:32:31,0.9799999
2019-06-27 00:37:27,0.9799999
2019-06-27 00:37:53,1.05
2019-06-27 00:41:49,1.05
2019-06-27 00:41:58,1.01
2019-06-27 01:05:55,1.01
2019-06-27 01:06:49,1.04
2019-06-27 01:15:46,1.04
2019-06-27 01:15:55,0.9999999
2019-06-27 01:23:51,0.9999999
2019-06-27 01:24:20,1.02
2019-06-27 01:33:16,1.02
2019-06-27 01:33:23,0.9999999
2019-06-27 01:51:19,0.9999999
2019-06-27 01:51:43,1.02
2019-06-27 02:18:40,1.02
2019-06-27 02:18:46,1.08
2019-06-27 02:21:43,1.08
2019-06-27 02:22:01,1.01
2019-06-27 02:27:58,1.01
2019-06-27 02:28:48,1.07
2019-06-27 02:30:45,1.07
2019-06-27 02:31:28,1.02
2019-06-27 03:13:25,1.02
2019-06-27 03:13:46,0.9799999
2019-06-27 03:20:42,0.9799999
2019-06-27 03:21:01,1.03
2019-06-27 03:23:58,1.03
2019-06-27 03:24:30,0.9599999
2019-06-27 03:27:27,0.9599999
2019-06-27 03:28:22,1.01
2019-06-27 03:35:20,1.01
2019-06-27 03:36:10,0.9499999
2019-06-27 03:38:07,0.9499999
2019-06-27 03:38:42,1.01
2019-06-27 03:56:39,1.01
2019-06-27 03:57:03,1.06
2019-06-27 04:00:00,1.06
2019-06-27 04:00:50,1.01
2019-06-27 04:04:47,1.01
2019-06-27 04:05:03,1.05
2019-06-27 04:26:59,1.05
2019-06-27 04:27:04,1.01
2019-06-27 05:32:02,1.01
2019-06-27 05:32:18,0.9599999
2019-06-27 05:38:14,0.9599999
2019-06-27 05:39:08,0.9999999
2019-06-27 05:44:04,0.9999999
2019-06-27 05:44:47,0.9799999
2019-06-27 06:18:44,0.9799999
2019-06-27 06:19:47,1.01
2019-06-27 06:22:44,1.01
2019-06-27 06:23:38,0.9299999
2019-06-27 06:26:34,0.9299999
2019-06-27 06:26:50,0.9599999
2019-06-27 06:32:46,0.9599999
2019-06-27 06:33:21,0.9999999
2019-06-27 06:43:17,0.9999999
2019-06-27 06:43:34,0.9599999
2019-06-27 07:28:30,0.9599999
2019-06-27 07:28:52,0.91
2019-06-27 07:37:49,0.91
2019-06-27 07:38:16,0.9299999
2019-06-27 07:45:13,0.9299999
2019-06-27 07:45:42,0.91
2019-06-27 07:51:38,0.91
2019-06-27 07:51:46,0.8699999
2019-06-27 07:59:43,0.8699999
2019-06-27 08:00:43,0.9
2019-06-27 08:06:39,0.9
2019-06-27 08:06:54,0.8799999
2019-06-27 08:12:50,0.8799999
2019-06-27 08:13:18,0.8699999
2019-06-27 08:19:15,0.8699999
2019-06-27 08:19:22,0.8099999
2019-06-27 08:21:18,0.8099999
2019-06-27 08:22:14,0.8399999
2019-06-27 08:40:11,0.8399999
2019-06-27 08:40:18,0.8699999
2019-06-27 08:51:15,0.8699999
2019-06-27 08:51:58,0.92
2019-06-27 09:07:54,0.92
2019-06-27 09:08:47,0.8699999
2019-06-27 09:10:43,0.8699999
2019-06-27 09:11:36,0.92
2019-06-27 09:52:33,0.92
2019-06-27 09:53:15,0.9699999
2019-06-27 09:55:11,0.9699999
2019-06-27 09:55:57,0.91
2019-06-27 10:05:53,0.91
2019-06-27 10:06:42,0.92
2019-06-27 10:20:39,0.92
2019-06-27 10:21:30,0.9599999
2019-06-27 10:24:26,0.9599999
2019-06-27 10:24:38,0.91
2019-06-27 10:37:34,0.91
2019-06-27 10:38:05,0.8699999
2019-06-27 10:42:00,0.8699999
2019-06-27 10:42:13,0.9
2019-06-27 10:54:09,0.9
2019-06-27 10:54:44,0.8499999
2019-06-27 10:57:40,0.8499999
2019-06-27 10:57:43,0.8699999
2019-06-27 11:04:40,0.8699999
2019-06-27 11:05:28,0.91
2019-06-27 11:09:24,0.91
2019-06-27 11:09:48,0.8599999
2019-06-27 11:18:45,0.8599999
2019-06-27 11:18:57,0.8799999
2019-06-27 11:26:53,0.8799999
2019-06-27 11:27:21,0.8399999
2019-06-27 11:37:17,0.8399999
2019-06-27 11:38:06,0.8799999
2019-06-27 11:48:02,0.8799999
2019-06-27 11:48:37,0.8099999
2019-06-27 11:50:34,0.8099999
2019-06-27 11:51:05,0.9
2019-06-27 11:55:01,0.9
2019-06-27 11:55:44,0.8199999
2019-06-27 11:58:41,0.8199999
2019-06-27 11:59:24,0.8699999
2019-06-27 12:08:20,0.8699999
2019-06-27 12:09:08,0.8299999
2019-06-27 12:20:04,0.8299999
2019-06-27 12:20:26,0.8599999
2019-06-27 12:30:22,0.8599999
2019-06-27 12:31:20,0.8499999
2019-06-27 12:34:16,0.8499999
2019-06-27 12:35:09,0.8199999
2019-06-27 12:43:05,0.8199999
2019-06-27 12:43:30,0.7599999
2019-06-27 12:46:26,0.7599999
2019-06-27 12:47:11,0.8099999
2019-06-27 12:53:08,0.8099999
2019-06-27 12:54:10,0.7499999
2019-06-27 12:56:07,0.7499999
2019-06-27 12:56:50,0.8099999
2019-06-27 13:01:46,0.8099999
2019-06-27 13:02:24,0.7299999
2019-06-27 13:04:21,0.7299999
2019-06-27 13:04:47,0.79
2019-06-27 13:32:44,0.79
2019-06-27 13:33:00,0.8099999
2019-06-27 13:40:57,0.8099999
2019-06-27 13:41:40,0.7599999
2019-06-27 13:44:36,0.7599999
2019-06-27 13:45:18,0.8099999
2019-06-27 13:53:14,0.8099999
2019-06-27 13:53:59,0.77
2019-06-27 14:26:55,0.77
2019-06-27 14:27:05,0.78
2019-06-27 14:41:01,0.78
2019-06-27 14:41:19,0.7499999
2019-06-27 14:55:15,0.7499999
2019-06-27 14:56:00,0.8199999
2019-06-27 15:01:57,0.8199999
2019-06-27 15:02:50,0.7599999
2019-06-27 15:06:46,0.7599999
2019-06-27 15:07:37,0.8
2019-06-27 15:11:33,0.8
2019-06-27 15:12:09,0.7599999
2019-06-27 15:29:05,0.7599999
2019-06-27 15:29:26,0.6999999
2019-06-27 15:33:22,0.6999999
2019-06-27 15:33:31,0.7499999
2019-06-27 15:41:26,0.7499999
2019-06-27 15:42:17,0.78
2019-06-27 16:02:13,0.78
2019-06-27 16:02:47,0.7199999
2019-06-27 16:06:43,0.7199999
2019-06-27 16:07:24,0.77
2019-06-27 16:19:19,0.77
2019-06-27 16:20:11,0.7299999
2019-06-27 16:22:07,0.7299999
2019-06-27 16:22:46,3.529999
2019-06-27 16:22:47,11.66999
2019-06-27 16:22:49,8.579998
2019-06-27 16:22:51,3.669999
2019-06-27 16:22:54,1.65
2019-06-27 16:23:08,1.04
2019-06-27 16:25:04,1.04
2019-06-27 16:25:41,0.9599999
2019-06-27 16:29:37,0.9599999
2019-06-27 16:29:54,0.91
2019-06-27 16:35:50,0.91
2019-06-27 16:36:10,0.8599999
2019-06-27 16:45:06,0.8599999
2019-06-27 16:46:02,0.8099999
2019-06-27 17:03:58,0.8099999
2019-06-27 17:04:53,0.8499999
2019-06-27 17:09:49,0.8499999
2019-06-27 17:09:55,0.8199999
2019-06-27 17:20:51,0.8199999
2019-06-27 17:20:57,0.8
2019-06-27 17:46:53,0.8
2019-06-27 17:47:52,0.8199999
2019-06-27 17:57:48,0.8199999
2019-06-27 17:58:39,0.8
2019-06-27 18:05:35,0.8
2019-06-27 18:06:01,0.8199999
2019-06-27 18:22:57,0.8199999
2019-06-27 18:23:41,0.79
2019-06-27 18:42:37,0.79
2019-06-27 18:42:49,0.8499999
2019-06-27 18:45:45,0.8499999
2019-06-27 18:46:19,0.8
2019-06-27 19:04:14,0.8
2019-06-27 19:04:49,0.8199999
2019-06-27 19:16:45,0.8199999
2019-06-27 19:17:09,0.8699999
2019-06-27 19:23:05,0.8699999
2019-06-27 19:23:30,0.8199999
2019-06-27 19:28:26,0.8199999
2019-06-27 19:28:32,0.8599999
2019-06-27 19:35:28,0.8599999
2019-06-27 19:36:19,0.8099999
2019-06-27 19:39:14,0.8099999
2019-06-27 19:39:28,0.8599999
2019-06-27 19:44:24,0.8599999
2019-06-27 19:44:43,0.8
2019-06-27 19:49:39,0.8
2019-06-27 19:50:15,0.8499999
2019-06-27 19:54:10,0.8499999
2019-06-27 19:54:35,0.8
2019-06-27 19:58:31,0.8
2019-06-27 19:59:20,0.8499999
2019-06-27 20:23:15,0.8499999
2019-06-27 20:24:08,0.8799999
2019-06-27 20:44:04,0.8799999
2019-06-27 20:44:54,0.91
2019-06-27 21:00:50,0.91
2019-06-27 21:01:31,0.9599999
2019-06-27 21:05:27,0.9599999
2019-06-27 21:06:23,0.91
2019-06-27 21:19:18,0.91
2019-06-27 21:20:02,0.9399999
2019-06-27 21:29:57,0.9399999
2019-06-27 21:30:14,0.9
2019-06-27 21:35:10,0.9
